ISO-10303-21;
HEADER;
FILE_DESCRIPTION(('Open CASCADE Model'),'2;1');
FILE_NAME('Open CASCADE Shape Model','2026-03-31T17:03:28',('Author'),(
    'Open CASCADE'),'Open CASCADE STEP processor 7.8','Open CASCADE 7.8'
  ,'Unknown');
FILE_SCHEMA(('AUTOMOTIVE_DESIGN { 1 0 10303 214 1 1 1 1 }'));
ENDSEC;
DATA;
#1 = APPLICATION_PROTOCOL_DEFINITION('international standard',
  'automotive_design',2000,#2);
#2 = APPLICATION_CONTEXT(
  'core data for automotive mechanical design processes');
#3 = SHAPE_DEFINITION_REPRESENTATION(#4,#10);
#4 = PRODUCT_DEFINITION_SHAPE('','',#5);
#5 = PRODUCT_DEFINITION('design','',#6,#9);
#6 = PRODUCT_DEFINITION_FORMATION('','',#7);
#7 = PRODUCT('Open CASCADE STEP translator 7.8 1',
  'Open CASCADE STEP translator 7.8 1','',(#8));
#8 = PRODUCT_CONTEXT('',#2,'mechanical');
#9 = PRODUCT_DEFINITION_CONTEXT('part definition',#2,'design');
#10 = ADVANCED_BREP_SHAPE_REPRESENTATION('',(#11,#15),#5447);
#11 = AXIS2_PLACEMENT_3D('',#12,#13,#14);
#12 = CARTESIAN_POINT('',(0.,0.,0.));
#13 = DIRECTION('',(0.,0.,1.));
#14 = DIRECTION('',(1.,0.,-0.));
#15 = BREP_WITH_VOIDS('',#16,(#3697));
#16 = CLOSED_SHELL('',(#17,#615,#803,#852,#901,#927,#953,#1029,#1078,
    #1127,#1154,#1549,#1598,#2125,#2174,#2319,#2330,#2335,#2340,#2416,
    #2465,#2514,#2541,#2548,#2602,#2656,#2732,#2781,#2830,#2857,#2887,
    #2917,#2993,#3042,#3091,#3118,#3172,#3226,#3233,#3239,#3245,#3321,
    #3370,#3419,#3446,#3453,#3458,#3463,#3539,#3588,#3637,#3664,#3671,
    #3677,#3683,#3690));
#17 = ADVANCED_FACE('',(#18,#137,#262,#387,#501),#32,.F.);
#18 = FACE_BOUND('',#19,.F.);
#19 = EDGE_LOOP('',(#20,#55,#83,#111));
#20 = ORIENTED_EDGE('',*,*,#21,.F.);
#21 = EDGE_CURVE('',#22,#24,#26,.T.);
#22 = VERTEX_POINT('',#23);
#23 = CARTESIAN_POINT('',(-54.,-54.,-61.));
#24 = VERTEX_POINT('',#25);
#25 = CARTESIAN_POINT('',(-54.,-54.,61.));
#26 = SURFACE_CURVE('',#27,(#31,#43),.PCURVE_S1.);
#27 = LINE('',#28,#29);
#28 = CARTESIAN_POINT('',(-54.,-54.,-64.));
#29 = VECTOR('',#30,1.);
#30 = DIRECTION('',(0.,0.,1.));
#31 = PCURVE('',#32,#37);
#32 = PLANE('',#33);
#33 = AXIS2_PLACEMENT_3D('',#34,#35,#36);
#34 = CARTESIAN_POINT('',(-54.,-54.,-64.));
#35 = DIRECTION('',(1.,0.,0.));
#36 = DIRECTION('',(0.,0.,1.));
#37 = DEFINITIONAL_REPRESENTATION('',(#38),#42);
#38 = LINE('',#39,#40);
#39 = CARTESIAN_POINT('',(0.,0.));
#40 = VECTOR('',#41,1.);
#41 = DIRECTION('',(1.,0.));
#42 = ( GEOMETRIC_REPRESENTATION_CONTEXT(2) 
PARAMETRIC_REPRESENTATION_CONTEXT() REPRESENTATION_CONTEXT('2D SPACE',''
  ) );
#43 = PCURVE('',#44,#49);
#44 = PLANE('',#45);
#45 = AXIS2_PLACEMENT_3D('',#46,#47,#48);
#46 = CARTESIAN_POINT('',(-54.,-54.,-64.));
#47 = DIRECTION('',(0.,1.,0.));
#48 = DIRECTION('',(0.,0.,1.));
#49 = DEFINITIONAL_REPRESENTATION('',(#50),#54);
#50 = LINE('',#51,#52);
#51 = CARTESIAN_POINT('',(0.,0.));
#52 = VECTOR('',#53,1.);
#53 = DIRECTION('',(1.,0.));
#54 = ( GEOMETRIC_REPRESENTATION_CONTEXT(2) 
PARAMETRIC_REPRESENTATION_CONTEXT() REPRESENTATION_CONTEXT('2D SPACE',''
  ) );
#55 = ORIENTED_EDGE('',*,*,#56,.F.);
#56 = EDGE_CURVE('',#57,#22,#59,.T.);
#57 = VERTEX_POINT('',#58);
#58 = CARTESIAN_POINT('',(-54.,54.,-61.));
#59 = SURFACE_CURVE('',#60,(#64,#71),.PCURVE_S1.);
#60 = LINE('',#61,#62);
#61 = CARTESIAN_POINT('',(-54.,54.,-61.));
#62 = VECTOR('',#63,1.);
#63 = DIRECTION('',(0.,-1.,0.));
#64 = PCURVE('',#32,#65);
#65 = DEFINITIONAL_REPRESENTATION('',(#66),#70);
#66 = LINE('',#67,#68);
#67 = CARTESIAN_POINT('',(3.,-108.));
#68 = VECTOR('',#69,1.);
#69 = DIRECTION('',(0.,1.));
#70 = ( GEOMETRIC_REPRESENTATION_CONTEXT(2) 
PARAMETRIC_REPRESENTATION_CONTEXT() REPRESENTATION_CONTEXT('2D SPACE',''
  ) );
#71 = PCURVE('',#72,#77);
#72 = PLANE('',#73);
#73 = AXIS2_PLACEMENT_3D('',#74,#75,#76);
#74 = CARTESIAN_POINT('',(-52.5,-54.,-62.5));
#75 = DIRECTION('',(-0.707106781187,0.,-0.707106781187));
#76 = DIRECTION('',(0.,1.,0.));
#77 = DEFINITIONAL_REPRESENTATION('',(#78),#82);
#78 = LINE('',#79,#80);
#79 = CARTESIAN_POINT('',(108.,-2.12132034356));
#80 = VECTOR('',#81,1.);
#81 = DIRECTION('',(-1.,0.));
#82 = ( GEOMETRIC_REPRESENTATION_CONTEXT(2) 
PARAMETRIC_REPRESENTATION_CONTEXT() REPRESENTATION_CONTEXT('2D SPACE',''
  ) );
#83 = ORIENTED_EDGE('',*,*,#84,.T.);
#84 = EDGE_CURVE('',#57,#85,#87,.T.);
#85 = VERTEX_POINT('',#86);
#86 = CARTESIAN_POINT('',(-54.,54.,61.));
#87 = SURFACE_CURVE('',#88,(#92,#99),.PCURVE_S1.);
#88 = LINE('',#89,#90);
#89 = CARTESIAN_POINT('',(-54.,54.,-64.));
#90 = VECTOR('',#91,1.);
#91 = DIRECTION('',(0.,0.,1.));
#92 = PCURVE('',#32,#93);
#93 = DEFINITIONAL_REPRESENTATION('',(#94),#98);
#94 = LINE('',#95,#96);
#95 = CARTESIAN_POINT('',(0.,-108.));
#96 = VECTOR('',#97,1.);
#97 = DIRECTION('',(1.,0.));
#98 = ( GEOMETRIC_REPRESENTATION_CONTEXT(2) 
PARAMETRIC_REPRESENTATION_CONTEXT() REPRESENTATION_CONTEXT('2D SPACE',''
  ) );
#99 = PCURVE('',#100,#105);
#100 = PLANE('',#101);
#101 = AXIS2_PLACEMENT_3D('',#102,#103,#104);
#102 = CARTESIAN_POINT('',(-54.,54.,-64.));
#103 = DIRECTION('',(0.,-1.,0.));
#104 = DIRECTION('',(0.,0.,-1.));
#105 = DEFINITIONAL_REPRESENTATION('',(#106),#110);
#106 = LINE('',#107,#108);
#107 = CARTESIAN_POINT('',(-0.,0.));
#108 = VECTOR('',#109,1.);
#109 = DIRECTION('',(-1.,0.));
#110 = ( GEOMETRIC_REPRESENTATION_CONTEXT(2) 
PARAMETRIC_REPRESENTATION_CONTEXT() REPRESENTATION_CONTEXT('2D SPACE',''
  ) );
#111 = ORIENTED_EDGE('',*,*,#112,.F.);
#112 = EDGE_CURVE('',#24,#85,#113,.T.);
#113 = SURFACE_CURVE('',#114,(#118,#125),.PCURVE_S1.);
#114 = LINE('',#115,#116);
#115 = CARTESIAN_POINT('',(-54.,-54.,61.));
#116 = VECTOR('',#117,1.);
#117 = DIRECTION('',(0.,1.,0.));
#118 = PCURVE('',#32,#119);
#119 = DEFINITIONAL_REPRESENTATION('',(#120),#124);
#120 = LINE('',#121,#122);
#121 = CARTESIAN_POINT('',(125.,0.));
#122 = VECTOR('',#123,1.);
#123 = DIRECTION('',(0.,-1.));
#124 = ( GEOMETRIC_REPRESENTATION_CONTEXT(2) 
PARAMETRIC_REPRESENTATION_CONTEXT() REPRESENTATION_CONTEXT('2D SPACE',''
  ) );
#125 = PCURVE('',#126,#131);
#126 = PLANE('',#127);
#127 = AXIS2_PLACEMENT_3D('',#128,#129,#130);
#128 = CARTESIAN_POINT('',(-52.5,-54.,62.5));
#129 = DIRECTION('',(0.707106781187,0.,-0.707106781187));
#130 = DIRECTION('',(0.,1.,0.));
#131 = DEFINITIONAL_REPRESENTATION('',(#132),#136);
#132 = LINE('',#133,#134);
#133 = CARTESIAN_POINT('',(0.,-2.12132034356));
#134 = VECTOR('',#135,1.);
#135 = DIRECTION('',(1.,0.));
#136 = ( GEOMETRIC_REPRESENTATION_CONTEXT(2) 
PARAMETRIC_REPRESENTATION_CONTEXT() REPRESENTATION_CONTEXT('2D SPACE',''
  ) );
#137 = FACE_BOUND('',#138,.F.);
#138 = EDGE_LOOP('',(#139,#169));
#139 = ORIENTED_EDGE('',*,*,#140,.T.);
#140 = EDGE_CURVE('',#141,#143,#145,.T.);
#141 = VERTEX_POINT('',#142);
#142 = CARTESIAN_POINT('',(-54.,0.,-25.65685424949));
#143 = VERTEX_POINT('',#144);
#144 = CARTESIAN_POINT('',(-54.,0.,-14.3431457505));
#145 = SURFACE_CURVE('',#146,(#150,#157),.PCURVE_S1.);
#146 = LINE('',#147,#148);
#147 = CARTESIAN_POINT('',(-54.,0.,-64.));
#148 = VECTOR('',#149,1.);
#149 = DIRECTION('',(0.,0.,1.));
#150 = PCURVE('',#32,#151);
#151 = DEFINITIONAL_REPRESENTATION('',(#152),#156);
#152 = LINE('',#153,#154);
#153 = CARTESIAN_POINT('',(0.,-54.));
#154 = VECTOR('',#155,1.);
#155 = DIRECTION('',(1.,0.));
#156 = ( GEOMETRIC_REPRESENTATION_CONTEXT(2) 
PARAMETRIC_REPRESENTATION_CONTEXT() REPRESENTATION_CONTEXT('2D SPACE',''
  ) );
#157 = PCURVE('',#158,#163);
#158 = PLANE('',#159);
#159 = AXIS2_PLACEMENT_3D('',#160,#161,#162);
#160 = CARTESIAN_POINT('',(-112.,0.,-80.));
#161 = DIRECTION('',(0.,1.,0.));
#162 = DIRECTION('',(0.,0.,1.));
#163 = DEFINITIONAL_REPRESENTATION('',(#164),#168);
#164 = LINE('',#165,#166);
#165 = CARTESIAN_POINT('',(16.,58.));
#166 = VECTOR('',#167,1.);
#167 = DIRECTION('',(1.,0.));
#168 = ( GEOMETRIC_REPRESENTATION_CONTEXT(2) 
PARAMETRIC_REPRESENTATION_CONTEXT() REPRESENTATION_CONTEXT('2D SPACE',''
  ) );
#169 = ORIENTED_EDGE('',*,*,#170,.T.);
#170 = EDGE_CURVE('',#143,#141,#171,.T.);
#171 = SURFACE_CURVE('',#172,(#177,#188),.PCURVE_S1.);
#172 = CIRCLE('',#173,5.656854249492);
#173 = AXIS2_PLACEMENT_3D('',#174,#175,#176);
#174 = CARTESIAN_POINT('',(-54.,0.,-20.));
#175 = DIRECTION('',(-1.,-0.,0.));
#176 = DIRECTION('',(-0.,0.,-1.));
#177 = PCURVE('',#32,#178);
#178 = DEFINITIONAL_REPRESENTATION('',(#179),#187);
#179 = ( BOUNDED_CURVE() B_SPLINE_CURVE(2,(#180,#181,#182,#183,#184,#185
,#186),.UNSPECIFIED.,.T.,.F.) B_SPLINE_CURVE_WITH_KNOTS((1,2,2,2,2,1),(
    -2.094395102393,0.,2.094395102393,4.188790204786,6.28318530718,
8.377580409573),.UNSPECIFIED.) CURVE() GEOMETRIC_REPRESENTATION_ITEM() 
RATIONAL_B_SPLINE_CURVE((1.,0.5,1.,0.5,1.,0.5,1.)) REPRESENTATION_ITEM(
  '') );
#180 = CARTESIAN_POINT('',(38.343145750508,-54.));
#181 = CARTESIAN_POINT('',(38.343145750508,-44.20204102886));
#182 = CARTESIAN_POINT('',(46.828427124746,-49.10102051443));
#183 = CARTESIAN_POINT('',(55.313708498985,-54.));
#184 = CARTESIAN_POINT('',(46.828427124746,-58.89897948556));
#185 = CARTESIAN_POINT('',(38.343145750508,-63.79795897113));
#186 = CARTESIAN_POINT('',(38.343145750508,-54.));
#187 = ( GEOMETRIC_REPRESENTATION_CONTEXT(2) 
PARAMETRIC_REPRESENTATION_CONTEXT() REPRESENTATION_CONTEXT('2D SPACE',''
  ) );
#188 = PCURVE('',#189,#194);
#189 = SPHERICAL_SURFACE('',#190,6.);
#190 = AXIS2_PLACEMENT_3D('',#191,#192,#193);
#191 = CARTESIAN_POINT('',(-52.,0.,-20.));
#192 = DIRECTION('',(0.,0.,1.));
#193 = DIRECTION('',(1.,0.,0.));
#194 = DEFINITIONAL_REPRESENTATION('',(#195),#261);
#195 = B_SPLINE_CURVE_WITH_KNOTS('',8,(#196,#197,#198,#199,#200,#201,
    #202,#203,#204,#205,#206,#207,#208,#209,#210,#211,#212,#213,#214,
    #215,#216,#217,#218,#219,#220,#221,#222,#223,#224,#225,#226,#227,
    #228,#229,#230,#231,#232,#233,#234,#235,#236,#237,#238,#239,#240,
    #241,#242,#243,#244,#245,#246,#247,#248,#249,#250,#251,#252,#253,
    #254,#255,#256,#257,#258,#259,#260),.UNSPECIFIED.,.F.,.F.,(9,7,7,7,7
    ,7,7,7,7,9),(3.14159265359,3.337942194439,3.522019888985,
    3.86716556626,4.47117050149,4.924174202912,5.603679755046,
    5.943432531113,6.113308919146,6.28318530718),.UNSPECIFIED.);
#196 = CARTESIAN_POINT('',(3.14159265359,1.230959417341));
#197 = CARTESIAN_POINT('',(3.072172607681,1.230959417341));
#198 = CARTESIAN_POINT('',(3.002752662571,1.229012175001));
#199 = CARTESIAN_POINT('',(2.934415247079,1.225117826818));
#200 = CARTESIAN_POINT('',(2.868246954868,1.219338317826));
#201 = CARTESIAN_POINT('',(2.805115442361,1.211800627595));
#202 = CARTESIAN_POINT('',(2.745484557217,1.202662660575));
#203 = CARTESIAN_POINT('',(2.689563511923,1.192086758088));
#204 = CARTESIAN_POINT('',(2.588437588694,1.169112404039));
#205 = CARTESIAN_POINT('',(2.542781456987,1.156869057217));
#206 = CARTESIAN_POINT('',(2.500416619896,1.143628066376));
#207 = CARTESIAN_POINT('',(2.461212796667,1.129511876993));
#208 = CARTESIAN_POINT('',(2.424965516962,1.114630306486));
#209 = CARTESIAN_POINT('',(2.391445733867,1.099077929183));
#210 = CARTESIAN_POINT('',(2.360427430752,1.082934839941));
#211 = CARTESIAN_POINT('',(2.277816580548,1.03502571477));
#212 = CARTESIAN_POINT('',(2.231970508682,1.001948786041));
#213 = CARTESIAN_POINT('',(2.19272506276,0.96749696287));
#214 = CARTESIAN_POINT('',(2.158791668267,0.931982841622));
#215 = CARTESIAN_POINT('',(2.129246533272,0.89562231231));
#216 = CARTESIAN_POINT('',(2.103348138723,0.858577433277));
#217 = CARTESIAN_POINT('',(2.080531658897,0.820969618087));
#218 = CARTESIAN_POINT('',(2.025020702459,0.716261129219));
#219 = CARTESIAN_POINT('',(1.997752374269,0.648195202606));
#220 = CARTESIAN_POINT('',(1.976128390444,0.579203714451));
#221 = CARTESIAN_POINT('',(1.958854994964,0.509541958333));
#222 = CARTESIAN_POINT('',(1.945076575077,0.439394109485));
#223 = CARTESIAN_POINT('',(1.934232487375,0.368885579051));
#224 = CARTESIAN_POINT('',(1.925943237083,0.298117350832));
#225 = CARTESIAN_POINT('',(1.915493868188,0.173964420099));
#226 = CARTESIAN_POINT('',(1.912319508132,0.120656896141));
#227 = CARTESIAN_POINT('',(1.910349250423,6.728542435823E-02));
#228 = CARTESIAN_POINT('',(1.909527518455,1.388046831352E-02));
#229 = CARTESIAN_POINT('',(1.90983347491,-3.952994879399E-02));
#230 = CARTESIAN_POINT('',(1.911277457605,-9.291803968048E-02));
#231 = CARTESIAN_POINT('',(1.913903373821,-0.146254117409));
#232 = CARTESIAN_POINT('',(1.923637572122,-0.279380145641));
#233 = CARTESIAN_POINT('',(1.932330618966,-0.359062850818));
#234 = CARTESIAN_POINT('',(1.944165447776,-0.438439536449));
#235 = CARTESIAN_POINT('',(1.959647865038,-0.517370597353));
#236 = CARTESIAN_POINT('',(1.979553960155,-0.595686553226));
#237 = CARTESIAN_POINT('',(2.005136487819,-0.673112359878));
#238 = CARTESIAN_POINT('',(2.038342845211,-0.749277257943));
#239 = CARTESIAN_POINT('',(2.105740746444,-0.860316776901));
#240 = CARTESIAN_POINT('',(2.131137951544,-0.89679530437));
#241 = CARTESIAN_POINT('',(2.159980261376,-0.932629109278));
#242 = CARTESIAN_POINT('',(2.192909212326,-0.967677111718));
#243 = CARTESIAN_POINT('',(2.230764081527,-1.001749232455));
#244 = CARTESIAN_POINT('',(2.274576634244,-1.03459383048));
#245 = CARTESIAN_POINT('',(2.325770449036,-1.065841899292));
#246 = CARTESIAN_POINT('',(2.415727827654,-1.109536733143));
#247 = CARTESIAN_POINT('',(2.447907955018,-1.123572141085));
#248 = CARTESIAN_POINT('',(2.482457285283,-1.137012847958));
#249 = CARTESIAN_POINT('',(2.519546816456,-1.14978424171));
#250 = CARTESIAN_POINT('',(2.559334582875,-1.161801491116));
#251 = CARTESIAN_POINT('',(2.601935217761,-1.172969265641));
#252 = CARTESIAN_POINT('',(2.647377186235,-1.18318452467));
#253 = CARTESIAN_POINT('',(2.743736220725,-1.201505383467));
#254 = CARTESIAN_POINT('',(2.794653344853,-1.209610985652));
#255 = CARTESIAN_POINT('',(2.848205165394,-1.216559395605));
#256 = CARTESIAN_POINT('',(2.904157520576,-1.222249085792));
#257 = CARTESIAN_POINT('',(2.962112979229,-1.226586802329));
#258 = CARTESIAN_POINT('',(3.021471926559,-1.229501863977));
#259 = CARTESIAN_POINT('',(3.081532280619,-1.230959417341));
#260 = CARTESIAN_POINT('',(3.14159265359,-1.230959417341));
#261 = ( GEOMETRIC_REPRESENTATION_CONTEXT(2) 
PARAMETRIC_REPRESENTATION_CONTEXT() REPRESENTATION_CONTEXT('2D SPACE',''
  ) );
#262 = FACE_BOUND('',#263,.F.);
#263 = EDGE_LOOP('',(#264,#294));
#264 = ORIENTED_EDGE('',*,*,#265,.T.);
#265 = EDGE_CURVE('',#266,#268,#270,.T.);
#266 = VERTEX_POINT('',#267);
#267 = CARTESIAN_POINT('',(-54.,0.,14.343145750508));
#268 = VERTEX_POINT('',#269);
#269 = CARTESIAN_POINT('',(-54.,0.,25.656854249492));
#270 = SURFACE_CURVE('',#271,(#275,#282),.PCURVE_S1.);
#271 = LINE('',#272,#273);
#272 = CARTESIAN_POINT('',(-54.,0.,-64.));
#273 = VECTOR('',#274,1.);
#274 = DIRECTION('',(0.,0.,1.));
#275 = PCURVE('',#32,#276);
#276 = DEFINITIONAL_REPRESENTATION('',(#277),#281);
#277 = LINE('',#278,#279);
#278 = CARTESIAN_POINT('',(0.,-54.));
#279 = VECTOR('',#280,1.);
#280 = DIRECTION('',(1.,0.));
#281 = ( GEOMETRIC_REPRESENTATION_CONTEXT(2) 
PARAMETRIC_REPRESENTATION_CONTEXT() REPRESENTATION_CONTEXT('2D SPACE',''
  ) );
#282 = PCURVE('',#283,#288);
#283 = PLANE('',#284);
#284 = AXIS2_PLACEMENT_3D('',#285,#286,#287);
#285 = CARTESIAN_POINT('',(-112.,0.,-40.));
#286 = DIRECTION('',(0.,1.,0.));
#287 = DIRECTION('',(0.,0.,1.));
#288 = DEFINITIONAL_REPRESENTATION('',(#289),#293);
#289 = LINE('',#290,#291);
#290 = CARTESIAN_POINT('',(-24.,58.));
#291 = VECTOR('',#292,1.);
#292 = DIRECTION('',(1.,0.));
#293 = ( GEOMETRIC_REPRESENTATION_CONTEXT(2) 
PARAMETRIC_REPRESENTATION_CONTEXT() REPRESENTATION_CONTEXT('2D SPACE',''
  ) );
#294 = ORIENTED_EDGE('',*,*,#295,.T.);
#295 = EDGE_CURVE('',#268,#266,#296,.T.);
#296 = SURFACE_CURVE('',#297,(#302,#313),.PCURVE_S1.);
#297 = CIRCLE('',#298,5.656854249492);
#298 = AXIS2_PLACEMENT_3D('',#299,#300,#301);
#299 = CARTESIAN_POINT('',(-54.,0.,20.));
#300 = DIRECTION('',(-1.,-0.,0.));
#301 = DIRECTION('',(-0.,0.,-1.));
#302 = PCURVE('',#32,#303);
#303 = DEFINITIONAL_REPRESENTATION('',(#304),#312);
#304 = ( BOUNDED_CURVE() B_SPLINE_CURVE(2,(#305,#306,#307,#308,#309,#310
,#311),.UNSPECIFIED.,.T.,.F.) B_SPLINE_CURVE_WITH_KNOTS((1,2,2,2,2,1),(
    -2.094395102393,0.,2.094395102393,4.188790204786,6.28318530718,
8.377580409573),.UNSPECIFIED.) CURVE() GEOMETRIC_REPRESENTATION_ITEM() 
RATIONAL_B_SPLINE_CURVE((1.,0.5,1.,0.5,1.,0.5,1.)) REPRESENTATION_ITEM(
  '') );
#305 = CARTESIAN_POINT('',(78.343145750508,-54.));
#306 = CARTESIAN_POINT('',(78.343145750508,-44.20204102886));
#307 = CARTESIAN_POINT('',(86.828427124746,-49.10102051443));
#308 = CARTESIAN_POINT('',(95.313708498985,-54.));
#309 = CARTESIAN_POINT('',(86.828427124746,-58.89897948556));
#310 = CARTESIAN_POINT('',(78.343145750508,-63.79795897113));
#311 = CARTESIAN_POINT('',(78.343145750508,-54.));
#312 = ( GEOMETRIC_REPRESENTATION_CONTEXT(2) 
PARAMETRIC_REPRESENTATION_CONTEXT() REPRESENTATION_CONTEXT('2D SPACE',''
  ) );
#313 = PCURVE('',#314,#319);
#314 = SPHERICAL_SURFACE('',#315,6.);
#315 = AXIS2_PLACEMENT_3D('',#316,#317,#318);
#316 = CARTESIAN_POINT('',(-52.,0.,20.));
#317 = DIRECTION('',(0.,0.,1.));
#318 = DIRECTION('',(1.,0.,0.));
#319 = DEFINITIONAL_REPRESENTATION('',(#320),#386);
#320 = B_SPLINE_CURVE_WITH_KNOTS('',8,(#321,#322,#323,#324,#325,#326,
    #327,#328,#329,#330,#331,#332,#333,#334,#335,#336,#337,#338,#339,
    #340,#341,#342,#343,#344,#345,#346,#347,#348,#349,#350,#351,#352,
    #353,#354,#355,#356,#357,#358,#359,#360,#361,#362,#363,#364,#365,
    #366,#367,#368,#369,#370,#371,#372,#373,#374,#375,#376,#377,#378,
    #379,#380,#381,#382,#383,#384,#385),.UNSPECIFIED.,.F.,.F.,(9,7,7,7,7
    ,7,7,7,7,9),(3.14159265359,3.337942194439,3.522019888985,
    3.86716556626,4.47117050149,4.924174202912,5.603679755046,
    5.943432531113,6.113308919146,6.28318530718),.UNSPECIFIED.);
#321 = CARTESIAN_POINT('',(3.14159265359,1.230959417341));
#322 = CARTESIAN_POINT('',(3.072172607681,1.230959417341));
#323 = CARTESIAN_POINT('',(3.002752662571,1.229012175001));
#324 = CARTESIAN_POINT('',(2.934415247079,1.225117826818));
#325 = CARTESIAN_POINT('',(2.868246954868,1.219338317826));
#326 = CARTESIAN_POINT('',(2.805115442361,1.211800627595));
#327 = CARTESIAN_POINT('',(2.745484557217,1.202662660575));
#328 = CARTESIAN_POINT('',(2.689563511923,1.192086758088));
#329 = CARTESIAN_POINT('',(2.588437588694,1.169112404039));
#330 = CARTESIAN_POINT('',(2.542781456987,1.156869057217));
#331 = CARTESIAN_POINT('',(2.500416619896,1.143628066376));
#332 = CARTESIAN_POINT('',(2.461212796667,1.129511876993));
#333 = CARTESIAN_POINT('',(2.424965516962,1.114630306486));
#334 = CARTESIAN_POINT('',(2.391445733867,1.099077929183));
#335 = CARTESIAN_POINT('',(2.360427430752,1.082934839941));
#336 = CARTESIAN_POINT('',(2.277816580548,1.03502571477));
#337 = CARTESIAN_POINT('',(2.231970508682,1.00194878604));
#338 = CARTESIAN_POINT('',(2.19272506276,0.96749696287));
#339 = CARTESIAN_POINT('',(2.158791668267,0.931982841618));
#340 = CARTESIAN_POINT('',(2.129246533272,0.895622312314));
#341 = CARTESIAN_POINT('',(2.103348138723,0.858577433277));
#342 = CARTESIAN_POINT('',(2.080531658897,0.820969618087));
#343 = CARTESIAN_POINT('',(2.025020702459,0.716261129219));
#344 = CARTESIAN_POINT('',(1.997752374269,0.648195202606));
#345 = CARTESIAN_POINT('',(1.976128390444,0.579203714451));
#346 = CARTESIAN_POINT('',(1.958854994964,0.509541958333));
#347 = CARTESIAN_POINT('',(1.945076575077,0.439394109485));
#348 = CARTESIAN_POINT('',(1.934232487375,0.368885579051));
#349 = CARTESIAN_POINT('',(1.925943237083,0.298117350832));
#350 = CARTESIAN_POINT('',(1.915493868188,0.173964420099));
#351 = CARTESIAN_POINT('',(1.912319508132,0.120656896141));
#352 = CARTESIAN_POINT('',(1.910349250423,6.728542435823E-02));
#353 = CARTESIAN_POINT('',(1.909527518455,1.388046831352E-02));
#354 = CARTESIAN_POINT('',(1.90983347491,-3.952994879399E-02));
#355 = CARTESIAN_POINT('',(1.911277457605,-9.291803968048E-02));
#356 = CARTESIAN_POINT('',(1.913903373821,-0.146254117409));
#357 = CARTESIAN_POINT('',(1.923637572122,-0.279380145641));
#358 = CARTESIAN_POINT('',(1.932330618966,-0.359062850818));
#359 = CARTESIAN_POINT('',(1.944165447776,-0.438439536449));
#360 = CARTESIAN_POINT('',(1.959647865038,-0.517370597353));
#361 = CARTESIAN_POINT('',(1.979553960155,-0.595686553226));
#362 = CARTESIAN_POINT('',(2.005136487819,-0.673112359878));
#363 = CARTESIAN_POINT('',(2.038342845211,-0.749277257943));
#364 = CARTESIAN_POINT('',(2.105740746444,-0.860316776901));
#365 = CARTESIAN_POINT('',(2.131137951544,-0.89679530437));
#366 = CARTESIAN_POINT('',(2.159980261376,-0.932629109278));
#367 = CARTESIAN_POINT('',(2.192909212326,-0.967677111717));
#368 = CARTESIAN_POINT('',(2.230764081527,-1.001749232456));
#369 = CARTESIAN_POINT('',(2.274576634244,-1.03459383048));
#370 = CARTESIAN_POINT('',(2.325770449036,-1.065841899292));
#371 = CARTESIAN_POINT('',(2.415727827654,-1.109536733143));
#372 = CARTESIAN_POINT('',(2.447907955018,-1.123572141085));
#373 = CARTESIAN_POINT('',(2.482457285283,-1.137012847958));
#374 = CARTESIAN_POINT('',(2.519546816456,-1.14978424171));
#375 = CARTESIAN_POINT('',(2.559334582875,-1.161801491116));
#376 = CARTESIAN_POINT('',(2.601935217761,-1.172969265641));
#377 = CARTESIAN_POINT('',(2.647377186235,-1.18318452467));
#378 = CARTESIAN_POINT('',(2.743736220725,-1.201505383467));
#379 = CARTESIAN_POINT('',(2.794653344853,-1.209610985652));
#380 = CARTESIAN_POINT('',(2.848205165394,-1.216559395605));
#381 = CARTESIAN_POINT('',(2.904157520576,-1.222249085792));
#382 = CARTESIAN_POINT('',(2.962112979229,-1.226586802329));
#383 = CARTESIAN_POINT('',(3.021471926559,-1.229501863977));
#384 = CARTESIAN_POINT('',(3.081532280619,-1.230959417341));
#385 = CARTESIAN_POINT('',(3.14159265359,-1.230959417341));
#386 = ( GEOMETRIC_REPRESENTATION_CONTEXT(2) 
PARAMETRIC_REPRESENTATION_CONTEXT() REPRESENTATION_CONTEXT('2D SPACE',''
  ) );
#387 = FACE_BOUND('',#388,.F.);
#388 = EDGE_LOOP('',(#389,#419,#447,#475));
#389 = ORIENTED_EDGE('',*,*,#390,.T.);
#390 = EDGE_CURVE('',#391,#393,#395,.T.);
#391 = VERTEX_POINT('',#392);
#392 = CARTESIAN_POINT('',(-54.,-34.5,-5.));
#393 = VERTEX_POINT('',#394);
#394 = CARTESIAN_POINT('',(-54.,-34.5,5.));
#395 = SURFACE_CURVE('',#396,(#400,#407),.PCURVE_S1.);
#396 = LINE('',#397,#398);
#397 = CARTESIAN_POINT('',(-54.,-34.5,-5.));
#398 = VECTOR('',#399,1.);
#399 = DIRECTION('',(0.,0.,1.));
#400 = PCURVE('',#32,#401);
#401 = DEFINITIONAL_REPRESENTATION('',(#402),#406);
#402 = LINE('',#403,#404);
#403 = CARTESIAN_POINT('',(59.,-19.5));
#404 = VECTOR('',#405,1.);
#405 = DIRECTION('',(1.,0.));
#406 = ( GEOMETRIC_REPRESENTATION_CONTEXT(2) 
PARAMETRIC_REPRESENTATION_CONTEXT() REPRESENTATION_CONTEXT('2D SPACE',''
  ) );
#407 = PCURVE('',#408,#413);
#408 = PLANE('',#409);
#409 = AXIS2_PLACEMENT_3D('',#410,#411,#412);
#410 = CARTESIAN_POINT('',(-60.,-34.5,-5.));
#411 = DIRECTION('',(0.,1.,0.));
#412 = DIRECTION('',(0.,0.,1.));
#413 = DEFINITIONAL_REPRESENTATION('',(#414),#418);
#414 = LINE('',#415,#416);
#415 = CARTESIAN_POINT('',(0.,6.));
#416 = VECTOR('',#417,1.);
#417 = DIRECTION('',(1.,0.));
#418 = ( GEOMETRIC_REPRESENTATION_CONTEXT(2) 
PARAMETRIC_REPRESENTATION_CONTEXT() REPRESENTATION_CONTEXT('2D SPACE',''
  ) );
#419 = ORIENTED_EDGE('',*,*,#420,.T.);
#420 = EDGE_CURVE('',#393,#421,#423,.T.);
#421 = VERTEX_POINT('',#422);
#422 = CARTESIAN_POINT('',(-54.,-19.5,5.));
#423 = SURFACE_CURVE('',#424,(#428,#435),.PCURVE_S1.);
#424 = LINE('',#425,#426);
#425 = CARTESIAN_POINT('',(-54.,-34.5,5.));
#426 = VECTOR('',#427,1.);
#427 = DIRECTION('',(0.,1.,0.));
#428 = PCURVE('',#32,#429);
#429 = DEFINITIONAL_REPRESENTATION('',(#430),#434);
#430 = LINE('',#431,#432);
#431 = CARTESIAN_POINT('',(69.,-19.5));
#432 = VECTOR('',#433,1.);
#433 = DIRECTION('',(0.,-1.));
#434 = ( GEOMETRIC_REPRESENTATION_CONTEXT(2) 
PARAMETRIC_REPRESENTATION_CONTEXT() REPRESENTATION_CONTEXT('2D SPACE',''
  ) );
#435 = PCURVE('',#436,#441);
#436 = PLANE('',#437);
#437 = AXIS2_PLACEMENT_3D('',#438,#439,#440);
#438 = CARTESIAN_POINT('',(-60.,-34.5,5.));
#439 = DIRECTION('',(0.,0.,1.));
#440 = DIRECTION('',(1.,0.,0.));
#441 = DEFINITIONAL_REPRESENTATION('',(#442),#446);
#442 = LINE('',#443,#444);
#443 = CARTESIAN_POINT('',(6.,0.));
#444 = VECTOR('',#445,1.);
#445 = DIRECTION('',(0.,1.));
#446 = ( GEOMETRIC_REPRESENTATION_CONTEXT(2) 
PARAMETRIC_REPRESENTATION_CONTEXT() REPRESENTATION_CONTEXT('2D SPACE',''
  ) );
#447 = ORIENTED_EDGE('',*,*,#448,.F.);
#448 = EDGE_CURVE('',#449,#421,#451,.T.);
#449 = VERTEX_POINT('',#450);
#450 = CARTESIAN_POINT('',(-54.,-19.5,-5.));
#451 = SURFACE_CURVE('',#452,(#456,#463),.PCURVE_S1.);
#452 = LINE('',#453,#454);
#453 = CARTESIAN_POINT('',(-54.,-19.5,-5.));
#454 = VECTOR('',#455,1.);
#455 = DIRECTION('',(0.,0.,1.));
#456 = PCURVE('',#32,#457);
#457 = DEFINITIONAL_REPRESENTATION('',(#458),#462);
#458 = LINE('',#459,#460);
#459 = CARTESIAN_POINT('',(59.,-34.5));
#460 = VECTOR('',#461,1.);
#461 = DIRECTION('',(1.,0.));
#462 = ( GEOMETRIC_REPRESENTATION_CONTEXT(2) 
PARAMETRIC_REPRESENTATION_CONTEXT() REPRESENTATION_CONTEXT('2D SPACE',''
  ) );
#463 = PCURVE('',#464,#469);
#464 = PLANE('',#465);
#465 = AXIS2_PLACEMENT_3D('',#466,#467,#468);
#466 = CARTESIAN_POINT('',(-60.,-19.5,-5.));
#467 = DIRECTION('',(0.,1.,0.));
#468 = DIRECTION('',(0.,0.,1.));
#469 = DEFINITIONAL_REPRESENTATION('',(#470),#474);
#470 = LINE('',#471,#472);
#471 = CARTESIAN_POINT('',(0.,6.));
#472 = VECTOR('',#473,1.);
#473 = DIRECTION('',(1.,0.));
#474 = ( GEOMETRIC_REPRESENTATION_CONTEXT(2) 
PARAMETRIC_REPRESENTATION_CONTEXT() REPRESENTATION_CONTEXT('2D SPACE',''
  ) );
#475 = ORIENTED_EDGE('',*,*,#476,.F.);
#476 = EDGE_CURVE('',#391,#449,#477,.T.);
#477 = SURFACE_CURVE('',#478,(#482,#489),.PCURVE_S1.);
#478 = LINE('',#479,#480);
#479 = CARTESIAN_POINT('',(-54.,-34.5,-5.));
#480 = VECTOR('',#481,1.);
#481 = DIRECTION('',(0.,1.,0.));
#482 = PCURVE('',#32,#483);
#483 = DEFINITIONAL_REPRESENTATION('',(#484),#488);
#484 = LINE('',#485,#486);
#485 = CARTESIAN_POINT('',(59.,-19.5));
#486 = VECTOR('',#487,1.);
#487 = DIRECTION('',(0.,-1.));
#488 = ( GEOMETRIC_REPRESENTATION_CONTEXT(2) 
PARAMETRIC_REPRESENTATION_CONTEXT() REPRESENTATION_CONTEXT('2D SPACE',''
  ) );
#489 = PCURVE('',#490,#495);
#490 = PLANE('',#491);
#491 = AXIS2_PLACEMENT_3D('',#492,#493,#494);
#492 = CARTESIAN_POINT('',(-60.,-34.5,-5.));
#493 = DIRECTION('',(0.,0.,1.));
#494 = DIRECTION('',(1.,0.,0.));
#495 = DEFINITIONAL_REPRESENTATION('',(#496),#500);
#496 = LINE('',#497,#498);
#497 = CARTESIAN_POINT('',(6.,0.));
#498 = VECTOR('',#499,1.);
#499 = DIRECTION('',(0.,1.));
#500 = ( GEOMETRIC_REPRESENTATION_CONTEXT(2) 
PARAMETRIC_REPRESENTATION_CONTEXT() REPRESENTATION_CONTEXT('2D SPACE',''
  ) );
#501 = FACE_BOUND('',#502,.F.);
#502 = EDGE_LOOP('',(#503,#533,#561,#589));
#503 = ORIENTED_EDGE('',*,*,#504,.F.);
#504 = EDGE_CURVE('',#505,#507,#509,.T.);
#505 = VERTEX_POINT('',#506);
#506 = CARTESIAN_POINT('',(-54.,34.5,5.));
#507 = VERTEX_POINT('',#508);
#508 = CARTESIAN_POINT('',(-54.,19.5,5.));
#509 = SURFACE_CURVE('',#510,(#514,#521),.PCURVE_S1.);
#510 = LINE('',#511,#512);
#511 = CARTESIAN_POINT('',(-54.,34.5,5.));
#512 = VECTOR('',#513,1.);
#513 = DIRECTION('',(0.,-1.,0.));
#514 = PCURVE('',#32,#515);
#515 = DEFINITIONAL_REPRESENTATION('',(#516),#520);
#516 = LINE('',#517,#518);
#517 = CARTESIAN_POINT('',(69.,-88.5));
#518 = VECTOR('',#519,1.);
#519 = DIRECTION('',(0.,1.));
#520 = ( GEOMETRIC_REPRESENTATION_CONTEXT(2) 
PARAMETRIC_REPRESENTATION_CONTEXT() REPRESENTATION_CONTEXT('2D SPACE',''
  ) );
#521 = PCURVE('',#522,#527);
#522 = PLANE('',#523);
#523 = AXIS2_PLACEMENT_3D('',#524,#525,#526);
#524 = CARTESIAN_POINT('',(-60.,34.5,5.));
#525 = DIRECTION('',(0.,0.,1.));
#526 = DIRECTION('',(-1.,0.,0.));
#527 = DEFINITIONAL_REPRESENTATION('',(#528),#532);
#528 = LINE('',#529,#530);
#529 = CARTESIAN_POINT('',(-6.,-0.));
#530 = VECTOR('',#531,1.);
#531 = DIRECTION('',(-0.,1.));
#532 = ( GEOMETRIC_REPRESENTATION_CONTEXT(2) 
PARAMETRIC_REPRESENTATION_CONTEXT() REPRESENTATION_CONTEXT('2D SPACE',''
  ) );
#533 = ORIENTED_EDGE('',*,*,#534,.F.);
#534 = EDGE_CURVE('',#535,#505,#537,.T.);
#535 = VERTEX_POINT('',#536);
#536 = CARTESIAN_POINT('',(-54.,34.5,-5.));
#537 = SURFACE_CURVE('',#538,(#542,#549),.PCURVE_S1.);
#538 = LINE('',#539,#540);
#539 = CARTESIAN_POINT('',(-54.,34.5,-5.));
#540 = VECTOR('',#541,1.);
#541 = DIRECTION('',(0.,0.,1.));
#542 = PCURVE('',#32,#543);
#543 = DEFINITIONAL_REPRESENTATION('',(#544),#548);
#544 = LINE('',#545,#546);
#545 = CARTESIAN_POINT('',(59.,-88.5));
#546 = VECTOR('',#547,1.);
#547 = DIRECTION('',(1.,0.));
#548 = ( GEOMETRIC_REPRESENTATION_CONTEXT(2) 
PARAMETRIC_REPRESENTATION_CONTEXT() REPRESENTATION_CONTEXT('2D SPACE',''
  ) );
#549 = PCURVE('',#550,#555);
#550 = PLANE('',#551);
#551 = AXIS2_PLACEMENT_3D('',#552,#553,#554);
#552 = CARTESIAN_POINT('',(-60.,34.5,-5.));
#553 = DIRECTION('',(0.,-1.,0.));
#554 = DIRECTION('',(0.,0.,-1.));
#555 = DEFINITIONAL_REPRESENTATION('',(#556),#560);
#556 = LINE('',#557,#558);
#557 = CARTESIAN_POINT('',(-0.,6.));
#558 = VECTOR('',#559,1.);
#559 = DIRECTION('',(-1.,0.));
#560 = ( GEOMETRIC_REPRESENTATION_CONTEXT(2) 
PARAMETRIC_REPRESENTATION_CONTEXT() REPRESENTATION_CONTEXT('2D SPACE',''
  ) );
#561 = ORIENTED_EDGE('',*,*,#562,.T.);
#562 = EDGE_CURVE('',#535,#563,#565,.T.);
#563 = VERTEX_POINT('',#564);
#564 = CARTESIAN_POINT('',(-54.,19.5,-5.));
#565 = SURFACE_CURVE('',#566,(#570,#577),.PCURVE_S1.);
#566 = LINE('',#567,#568);
#567 = CARTESIAN_POINT('',(-54.,34.5,-5.));
#568 = VECTOR('',#569,1.);
#569 = DIRECTION('',(0.,-1.,0.));
#570 = PCURVE('',#32,#571);
#571 = DEFINITIONAL_REPRESENTATION('',(#572),#576);
#572 = LINE('',#573,#574);
#573 = CARTESIAN_POINT('',(59.,-88.5));
#574 = VECTOR('',#575,1.);
#575 = DIRECTION('',(0.,1.));
#576 = ( GEOMETRIC_REPRESENTATION_CONTEXT(2) 
PARAMETRIC_REPRESENTATION_CONTEXT() REPRESENTATION_CONTEXT('2D SPACE',''
  ) );
#577 = PCURVE('',#578,#583);
#578 = PLANE('',#579);
#579 = AXIS2_PLACEMENT_3D('',#580,#581,#582);
#580 = CARTESIAN_POINT('',(-60.,34.5,-5.));
#581 = DIRECTION('',(0.,0.,1.));
#582 = DIRECTION('',(-1.,0.,0.));
#583 = DEFINITIONAL_REPRESENTATION('',(#584),#588);
#584 = LINE('',#585,#586);
#585 = CARTESIAN_POINT('',(-6.,-0.));
#586 = VECTOR('',#587,1.);
#587 = DIRECTION('',(-0.,1.));
#588 = ( GEOMETRIC_REPRESENTATION_CONTEXT(2) 
PARAMETRIC_REPRESENTATION_CONTEXT() REPRESENTATION_CONTEXT('2D SPACE',''
  ) );
#589 = ORIENTED_EDGE('',*,*,#590,.T.);
#590 = EDGE_CURVE('',#563,#507,#591,.T.);
#591 = SURFACE_CURVE('',#592,(#596,#603),.PCURVE_S1.);
#592 = LINE('',#593,#594);
#593 = CARTESIAN_POINT('',(-54.,19.5,-5.));
#594 = VECTOR('',#595,1.);
#595 = DIRECTION('',(0.,0.,1.));
#596 = PCURVE('',#32,#597);
#597 = DEFINITIONAL_REPRESENTATION('',(#598),#602);
#598 = LINE('',#599,#600);
#599 = CARTESIAN_POINT('',(59.,-73.5));
#600 = VECTOR('',#601,1.);
#601 = DIRECTION('',(1.,0.));
#602 = ( GEOMETRIC_REPRESENTATION_CONTEXT(2) 
PARAMETRIC_REPRESENTATION_CONTEXT() REPRESENTATION_CONTEXT('2D SPACE',''
  ) );
#603 = PCURVE('',#604,#609);
#604 = PLANE('',#605);
#605 = AXIS2_PLACEMENT_3D('',#606,#607,#608);
#606 = CARTESIAN_POINT('',(-60.,19.5,-5.));
#607 = DIRECTION('',(0.,-1.,0.));
#608 = DIRECTION('',(0.,0.,-1.));
#609 = DEFINITIONAL_REPRESENTATION('',(#610),#614);
#610 = LINE('',#611,#612);
#611 = CARTESIAN_POINT('',(-0.,6.));
#612 = VECTOR('',#613,1.);
#613 = DIRECTION('',(-1.,0.));
#614 = ( GEOMETRIC_REPRESENTATION_CONTEXT(2) 
PARAMETRIC_REPRESENTATION_CONTEXT() REPRESENTATION_CONTEXT('2D SPACE',''
  ) );
#615 = ADVANCED_FACE('',(#616),#44,.F.);
#616 = FACE_BOUND('',#617,.F.);
#617 = EDGE_LOOP('',(#618,#648,#669,#670,#693,#721,#749,#777));
#618 = ORIENTED_EDGE('',*,*,#619,.F.);
#619 = EDGE_CURVE('',#620,#622,#624,.T.);
#620 = VERTEX_POINT('',#621);
#621 = CARTESIAN_POINT('',(-51.,-54.,-64.));
#622 = VERTEX_POINT('',#623);
#623 = CARTESIAN_POINT('',(51.,-54.,-64.));
#624 = SURFACE_CURVE('',#625,(#629,#636),.PCURVE_S1.);
#625 = LINE('',#626,#627);
#626 = CARTESIAN_POINT('',(-54.,-54.,-64.));
#627 = VECTOR('',#628,1.);
#628 = DIRECTION('',(1.,0.,0.));
#629 = PCURVE('',#44,#630);
#630 = DEFINITIONAL_REPRESENTATION('',(#631),#635);
#631 = LINE('',#632,#633);
#632 = CARTESIAN_POINT('',(0.,0.));
#633 = VECTOR('',#634,1.);
#634 = DIRECTION('',(0.,1.));
#635 = ( GEOMETRIC_REPRESENTATION_CONTEXT(2) 
PARAMETRIC_REPRESENTATION_CONTEXT() REPRESENTATION_CONTEXT('2D SPACE',''
  ) );
#636 = PCURVE('',#637,#642);
#637 = PLANE('',#638);
#638 = AXIS2_PLACEMENT_3D('',#639,#640,#641);
#639 = CARTESIAN_POINT('',(-54.,-54.,-64.));
#640 = DIRECTION('',(0.,0.,1.));
#641 = DIRECTION('',(1.,0.,0.));
#642 = DEFINITIONAL_REPRESENTATION('',(#643),#647);
#643 = LINE('',#644,#645);
#644 = CARTESIAN_POINT('',(0.,0.));
#645 = VECTOR('',#646,1.);
#646 = DIRECTION('',(1.,0.));
#647 = ( GEOMETRIC_REPRESENTATION_CONTEXT(2) 
PARAMETRIC_REPRESENTATION_CONTEXT() REPRESENTATION_CONTEXT('2D SPACE',''
  ) );
#648 = ORIENTED_EDGE('',*,*,#649,.F.);
#649 = EDGE_CURVE('',#22,#620,#650,.T.);
#650 = SURFACE_CURVE('',#651,(#655,#662),.PCURVE_S1.);
#651 = LINE('',#652,#653);
#652 = CARTESIAN_POINT('',(-52.5,-54.,-62.5));
#653 = VECTOR('',#654,1.);
#654 = DIRECTION('',(0.707106781187,0.,-0.707106781187));
#655 = PCURVE('',#44,#656);
#656 = DEFINITIONAL_REPRESENTATION('',(#657),#661);
#657 = LINE('',#658,#659);
#658 = CARTESIAN_POINT('',(1.5,1.5));
#659 = VECTOR('',#660,1.);
#660 = DIRECTION('',(-0.707106781187,0.707106781187));
#661 = ( GEOMETRIC_REPRESENTATION_CONTEXT(2) 
PARAMETRIC_REPRESENTATION_CONTEXT() REPRESENTATION_CONTEXT('2D SPACE',''
  ) );
#662 = PCURVE('',#72,#663);
#663 = DEFINITIONAL_REPRESENTATION('',(#664),#668);
#664 = LINE('',#665,#666);
#665 = CARTESIAN_POINT('',(0.,0.));
#666 = VECTOR('',#667,1.);
#667 = DIRECTION('',(0.,1.));
#668 = ( GEOMETRIC_REPRESENTATION_CONTEXT(2) 
PARAMETRIC_REPRESENTATION_CONTEXT() REPRESENTATION_CONTEXT('2D SPACE',''
  ) );
#669 = ORIENTED_EDGE('',*,*,#21,.T.);
#670 = ORIENTED_EDGE('',*,*,#671,.T.);
#671 = EDGE_CURVE('',#24,#672,#674,.T.);
#672 = VERTEX_POINT('',#673);
#673 = CARTESIAN_POINT('',(-51.,-54.,64.));
#674 = SURFACE_CURVE('',#675,(#679,#686),.PCURVE_S1.);
#675 = LINE('',#676,#677);
#676 = CARTESIAN_POINT('',(-84.5,-54.,30.5));
#677 = VECTOR('',#678,1.);
#678 = DIRECTION('',(0.707106781187,-0.,0.707106781187));
#679 = PCURVE('',#44,#680);
#680 = DEFINITIONAL_REPRESENTATION('',(#681),#685);
#681 = LINE('',#682,#683);
#682 = CARTESIAN_POINT('',(94.5,-30.5));
#683 = VECTOR('',#684,1.);
#684 = DIRECTION('',(0.707106781187,0.707106781187));
#685 = ( GEOMETRIC_REPRESENTATION_CONTEXT(2) 
PARAMETRIC_REPRESENTATION_CONTEXT() REPRESENTATION_CONTEXT('2D SPACE',''
  ) );
#686 = PCURVE('',#126,#687);
#687 = DEFINITIONAL_REPRESENTATION('',(#688),#692);
#688 = LINE('',#689,#690);
#689 = CARTESIAN_POINT('',(0.,-45.25483399593));
#690 = VECTOR('',#691,1.);
#691 = DIRECTION('',(0.,1.));
#692 = ( GEOMETRIC_REPRESENTATION_CONTEXT(2) 
PARAMETRIC_REPRESENTATION_CONTEXT() REPRESENTATION_CONTEXT('2D SPACE',''
  ) );
#693 = ORIENTED_EDGE('',*,*,#694,.T.);
#694 = EDGE_CURVE('',#672,#695,#697,.T.);
#695 = VERTEX_POINT('',#696);
#696 = CARTESIAN_POINT('',(51.,-54.,64.));
#697 = SURFACE_CURVE('',#698,(#702,#709),.PCURVE_S1.);
#698 = LINE('',#699,#700);
#699 = CARTESIAN_POINT('',(-54.,-54.,64.));
#700 = VECTOR('',#701,1.);
#701 = DIRECTION('',(1.,0.,0.));
#702 = PCURVE('',#44,#703);
#703 = DEFINITIONAL_REPRESENTATION('',(#704),#708);
#704 = LINE('',#705,#706);
#705 = CARTESIAN_POINT('',(128.,0.));
#706 = VECTOR('',#707,1.);
#707 = DIRECTION('',(0.,1.));
#708 = ( GEOMETRIC_REPRESENTATION_CONTEXT(2) 
PARAMETRIC_REPRESENTATION_CONTEXT() REPRESENTATION_CONTEXT('2D SPACE',''
  ) );
#709 = PCURVE('',#710,#715);
#710 = PLANE('',#711);
#711 = AXIS2_PLACEMENT_3D('',#712,#713,#714);
#712 = CARTESIAN_POINT('',(-54.,-54.,64.));
#713 = DIRECTION('',(0.,0.,1.));
#714 = DIRECTION('',(1.,0.,0.));
#715 = DEFINITIONAL_REPRESENTATION('',(#716),#720);
#716 = LINE('',#717,#718);
#717 = CARTESIAN_POINT('',(0.,0.));
#718 = VECTOR('',#719,1.);
#719 = DIRECTION('',(1.,0.));
#720 = ( GEOMETRIC_REPRESENTATION_CONTEXT(2) 
PARAMETRIC_REPRESENTATION_CONTEXT() REPRESENTATION_CONTEXT('2D SPACE',''
  ) );
#721 = ORIENTED_EDGE('',*,*,#722,.T.);
#722 = EDGE_CURVE('',#695,#723,#725,.T.);
#723 = VERTEX_POINT('',#724);
#724 = CARTESIAN_POINT('',(54.,-54.,61.));
#725 = SURFACE_CURVE('',#726,(#730,#737),.PCURVE_S1.);
#726 = LINE('',#727,#728);
#727 = CARTESIAN_POINT('',(57.5,-54.,57.5));
#728 = VECTOR('',#729,1.);
#729 = DIRECTION('',(0.707106781187,0.,-0.707106781187));
#730 = PCURVE('',#44,#731);
#731 = DEFINITIONAL_REPRESENTATION('',(#732),#736);
#732 = LINE('',#733,#734);
#733 = CARTESIAN_POINT('',(121.5,111.5));
#734 = VECTOR('',#735,1.);
#735 = DIRECTION('',(-0.707106781187,0.707106781187));
#736 = ( GEOMETRIC_REPRESENTATION_CONTEXT(2) 
PARAMETRIC_REPRESENTATION_CONTEXT() REPRESENTATION_CONTEXT('2D SPACE',''
  ) );
#737 = PCURVE('',#738,#743);
#738 = PLANE('',#739);
#739 = AXIS2_PLACEMENT_3D('',#740,#741,#742);
#740 = CARTESIAN_POINT('',(52.5,-54.,62.5));
#741 = DIRECTION('',(0.707106781187,0.,0.707106781187));
#742 = DIRECTION('',(0.,-1.,-0.));
#743 = DEFINITIONAL_REPRESENTATION('',(#744),#748);
#744 = LINE('',#745,#746);
#745 = CARTESIAN_POINT('',(-0.,7.071067811865));
#746 = VECTOR('',#747,1.);
#747 = DIRECTION('',(-0.,1.));
#748 = ( GEOMETRIC_REPRESENTATION_CONTEXT(2) 
PARAMETRIC_REPRESENTATION_CONTEXT() REPRESENTATION_CONTEXT('2D SPACE',''
  ) );
#749 = ORIENTED_EDGE('',*,*,#750,.F.);
#750 = EDGE_CURVE('',#751,#723,#753,.T.);
#751 = VERTEX_POINT('',#752);
#752 = CARTESIAN_POINT('',(54.,-54.,-61.));
#753 = SURFACE_CURVE('',#754,(#758,#765),.PCURVE_S1.);
#754 = LINE('',#755,#756);
#755 = CARTESIAN_POINT('',(54.,-54.,-64.));
#756 = VECTOR('',#757,1.);
#757 = DIRECTION('',(0.,0.,1.));
#758 = PCURVE('',#44,#759);
#759 = DEFINITIONAL_REPRESENTATION('',(#760),#764);
#760 = LINE('',#761,#762);
#761 = CARTESIAN_POINT('',(0.,108.));
#762 = VECTOR('',#763,1.);
#763 = DIRECTION('',(1.,0.));
#764 = ( GEOMETRIC_REPRESENTATION_CONTEXT(2) 
PARAMETRIC_REPRESENTATION_CONTEXT() REPRESENTATION_CONTEXT('2D SPACE',''
  ) );
#765 = PCURVE('',#766,#771);
#766 = PLANE('',#767);
#767 = AXIS2_PLACEMENT_3D('',#768,#769,#770);
#768 = CARTESIAN_POINT('',(54.,-54.,-64.));
#769 = DIRECTION('',(1.,0.,0.));
#770 = DIRECTION('',(0.,0.,1.));
#771 = DEFINITIONAL_REPRESENTATION('',(#772),#776);
#772 = LINE('',#773,#774);
#773 = CARTESIAN_POINT('',(0.,0.));
#774 = VECTOR('',#775,1.);
#775 = DIRECTION('',(1.,0.));
#776 = ( GEOMETRIC_REPRESENTATION_CONTEXT(2) 
PARAMETRIC_REPRESENTATION_CONTEXT() REPRESENTATION_CONTEXT('2D SPACE',''
  ) );
#777 = ORIENTED_EDGE('',*,*,#778,.F.);
#778 = EDGE_CURVE('',#622,#751,#779,.T.);
#779 = SURFACE_CURVE('',#780,(#784,#791),.PCURVE_S1.);
#780 = LINE('',#781,#782);
#781 = CARTESIAN_POINT('',(25.5,-54.,-89.5));
#782 = VECTOR('',#783,1.);
#783 = DIRECTION('',(0.707106781187,-0.,0.707106781187));
#784 = PCURVE('',#44,#785);
#785 = DEFINITIONAL_REPRESENTATION('',(#786),#790);
#786 = LINE('',#787,#788);
#787 = CARTESIAN_POINT('',(-25.5,79.5));
#788 = VECTOR('',#789,1.);
#789 = DIRECTION('',(0.707106781187,0.707106781187));
#790 = ( GEOMETRIC_REPRESENTATION_CONTEXT(2) 
PARAMETRIC_REPRESENTATION_CONTEXT() REPRESENTATION_CONTEXT('2D SPACE',''
  ) );
#791 = PCURVE('',#792,#797);
#792 = PLANE('',#793);
#793 = AXIS2_PLACEMENT_3D('',#794,#795,#796);
#794 = CARTESIAN_POINT('',(52.5,-54.,-62.5));
#795 = DIRECTION('',(-0.707106781187,0.,0.707106781187));
#796 = DIRECTION('',(-0.,-1.,-0.));
#797 = DEFINITIONAL_REPRESENTATION('',(#798),#802);
#798 = LINE('',#799,#800);
#799 = CARTESIAN_POINT('',(-0.,-38.18376618407));
#800 = VECTOR('',#801,1.);
#801 = DIRECTION('',(-0.,1.));
#802 = ( GEOMETRIC_REPRESENTATION_CONTEXT(2) 
PARAMETRIC_REPRESENTATION_CONTEXT() REPRESENTATION_CONTEXT('2D SPACE',''
  ) );
#803 = ADVANCED_FACE('',(#804),#72,.T.);
#804 = FACE_BOUND('',#805,.T.);
#805 = EDGE_LOOP('',(#806,#807,#808,#831));
#806 = ORIENTED_EDGE('',*,*,#649,.F.);
#807 = ORIENTED_EDGE('',*,*,#56,.F.);
#808 = ORIENTED_EDGE('',*,*,#809,.T.);
#809 = EDGE_CURVE('',#57,#810,#812,.T.);
#810 = VERTEX_POINT('',#811);
#811 = CARTESIAN_POINT('',(-51.,54.,-64.));
#812 = SURFACE_CURVE('',#813,(#817,#824),.PCURVE_S1.);
#813 = LINE('',#814,#815);
#814 = CARTESIAN_POINT('',(-52.5,54.,-62.5));
#815 = VECTOR('',#816,1.);
#816 = DIRECTION('',(0.707106781187,-0.,-0.707106781187));
#817 = PCURVE('',#72,#818);
#818 = DEFINITIONAL_REPRESENTATION('',(#819),#823);
#819 = LINE('',#820,#821);
#820 = CARTESIAN_POINT('',(108.,0.));
#821 = VECTOR('',#822,1.);
#822 = DIRECTION('',(0.,1.));
#823 = ( GEOMETRIC_REPRESENTATION_CONTEXT(2) 
PARAMETRIC_REPRESENTATION_CONTEXT() REPRESENTATION_CONTEXT('2D SPACE',''
  ) );
#824 = PCURVE('',#100,#825);
#825 = DEFINITIONAL_REPRESENTATION('',(#826),#830);
#826 = LINE('',#827,#828);
#827 = CARTESIAN_POINT('',(-1.5,1.5));
#828 = VECTOR('',#829,1.);
#829 = DIRECTION('',(0.707106781187,0.707106781187));
#830 = ( GEOMETRIC_REPRESENTATION_CONTEXT(2) 
PARAMETRIC_REPRESENTATION_CONTEXT() REPRESENTATION_CONTEXT('2D SPACE',''
  ) );
#831 = ORIENTED_EDGE('',*,*,#832,.T.);
#832 = EDGE_CURVE('',#810,#620,#833,.T.);
#833 = SURFACE_CURVE('',#834,(#838,#845),.PCURVE_S1.);
#834 = LINE('',#835,#836);
#835 = CARTESIAN_POINT('',(-51.,54.,-64.));
#836 = VECTOR('',#837,1.);
#837 = DIRECTION('',(0.,-1.,0.));
#838 = PCURVE('',#72,#839);
#839 = DEFINITIONAL_REPRESENTATION('',(#840),#844);
#840 = LINE('',#841,#842);
#841 = CARTESIAN_POINT('',(108.,2.12132034356));
#842 = VECTOR('',#843,1.);
#843 = DIRECTION('',(-1.,0.));
#844 = ( GEOMETRIC_REPRESENTATION_CONTEXT(2) 
PARAMETRIC_REPRESENTATION_CONTEXT() REPRESENTATION_CONTEXT('2D SPACE',''
  ) );
#845 = PCURVE('',#637,#846);
#846 = DEFINITIONAL_REPRESENTATION('',(#847),#851);
#847 = LINE('',#848,#849);
#848 = CARTESIAN_POINT('',(3.,108.));
#849 = VECTOR('',#850,1.);
#850 = DIRECTION('',(0.,-1.));
#851 = ( GEOMETRIC_REPRESENTATION_CONTEXT(2) 
PARAMETRIC_REPRESENTATION_CONTEXT() REPRESENTATION_CONTEXT('2D SPACE',''
  ) );
#852 = ADVANCED_FACE('',(#853),#126,.F.);
#853 = FACE_BOUND('',#854,.F.);
#854 = EDGE_LOOP('',(#855,#856,#857,#880));
#855 = ORIENTED_EDGE('',*,*,#671,.F.);
#856 = ORIENTED_EDGE('',*,*,#112,.T.);
#857 = ORIENTED_EDGE('',*,*,#858,.T.);
#858 = EDGE_CURVE('',#85,#859,#861,.T.);
#859 = VERTEX_POINT('',#860);
#860 = CARTESIAN_POINT('',(-51.,54.,64.));
#861 = SURFACE_CURVE('',#862,(#866,#873),.PCURVE_S1.);
#862 = LINE('',#863,#864);
#863 = CARTESIAN_POINT('',(-84.5,54.,30.5));
#864 = VECTOR('',#865,1.);
#865 = DIRECTION('',(0.707106781187,-0.,0.707106781187));
#866 = PCURVE('',#126,#867);
#867 = DEFINITIONAL_REPRESENTATION('',(#868),#872);
#868 = LINE('',#869,#870);
#869 = CARTESIAN_POINT('',(108.,-45.25483399593));
#870 = VECTOR('',#871,1.);
#871 = DIRECTION('',(0.,1.));
#872 = ( GEOMETRIC_REPRESENTATION_CONTEXT(2) 
PARAMETRIC_REPRESENTATION_CONTEXT() REPRESENTATION_CONTEXT('2D SPACE',''
  ) );
#873 = PCURVE('',#100,#874);
#874 = DEFINITIONAL_REPRESENTATION('',(#875),#879);
#875 = LINE('',#876,#877);
#876 = CARTESIAN_POINT('',(-94.5,-30.5));
#877 = VECTOR('',#878,1.);
#878 = DIRECTION('',(-0.707106781187,0.707106781187));
#879 = ( GEOMETRIC_REPRESENTATION_CONTEXT(2) 
PARAMETRIC_REPRESENTATION_CONTEXT() REPRESENTATION_CONTEXT('2D SPACE',''
  ) );
#880 = ORIENTED_EDGE('',*,*,#881,.F.);
#881 = EDGE_CURVE('',#672,#859,#882,.T.);
#882 = SURFACE_CURVE('',#883,(#887,#894),.PCURVE_S1.);
#883 = LINE('',#884,#885);
#884 = CARTESIAN_POINT('',(-51.,-54.,64.));
#885 = VECTOR('',#886,1.);
#886 = DIRECTION('',(0.,1.,0.));
#887 = PCURVE('',#126,#888);
#888 = DEFINITIONAL_REPRESENTATION('',(#889),#893);
#889 = LINE('',#890,#891);
#890 = CARTESIAN_POINT('',(0.,2.12132034356));
#891 = VECTOR('',#892,1.);
#892 = DIRECTION('',(1.,0.));
#893 = ( GEOMETRIC_REPRESENTATION_CONTEXT(2) 
PARAMETRIC_REPRESENTATION_CONTEXT() REPRESENTATION_CONTEXT('2D SPACE',''
  ) );
#894 = PCURVE('',#710,#895);
#895 = DEFINITIONAL_REPRESENTATION('',(#896),#900);
#896 = LINE('',#897,#898);
#897 = CARTESIAN_POINT('',(3.,0.));
#898 = VECTOR('',#899,1.);
#899 = DIRECTION('',(0.,1.));
#900 = ( GEOMETRIC_REPRESENTATION_CONTEXT(2) 
PARAMETRIC_REPRESENTATION_CONTEXT() REPRESENTATION_CONTEXT('2D SPACE',''
  ) );
#901 = ADVANCED_FACE('',(#902),#158,.F.);
#902 = FACE_BOUND('',#903,.F.);
#903 = EDGE_LOOP('',(#904,#905));
#904 = ORIENTED_EDGE('',*,*,#140,.F.);
#905 = ORIENTED_EDGE('',*,*,#906,.T.);
#906 = EDGE_CURVE('',#141,#143,#907,.T.);
#907 = SURFACE_CURVE('',#908,(#913,#920),.PCURVE_S1.);
#908 = CIRCLE('',#909,6.);
#909 = AXIS2_PLACEMENT_3D('',#910,#911,#912);
#910 = CARTESIAN_POINT('',(-52.,0.,-20.));
#911 = DIRECTION('',(0.,1.,0.));
#912 = DIRECTION('',(0.,-0.,1.));
#913 = PCURVE('',#158,#914);
#914 = DEFINITIONAL_REPRESENTATION('',(#915),#919);
#915 = CIRCLE('',#916,6.);
#916 = AXIS2_PLACEMENT_2D('',#917,#918);
#917 = CARTESIAN_POINT('',(60.,60.));
#918 = DIRECTION('',(1.,0.));
#919 = ( GEOMETRIC_REPRESENTATION_CONTEXT(2) 
PARAMETRIC_REPRESENTATION_CONTEXT() REPRESENTATION_CONTEXT('2D SPACE',''
  ) );
#920 = PCURVE('',#189,#921);
#921 = DEFINITIONAL_REPRESENTATION('',(#922),#926);
#922 = LINE('',#923,#924);
#923 = CARTESIAN_POINT('',(3.14159265359,-4.712388980385));
#924 = VECTOR('',#925,1.);
#925 = DIRECTION('',(-0.,1.));
#926 = ( GEOMETRIC_REPRESENTATION_CONTEXT(2) 
PARAMETRIC_REPRESENTATION_CONTEXT() REPRESENTATION_CONTEXT('2D SPACE',''
  ) );
#927 = ADVANCED_FACE('',(#928),#283,.F.);
#928 = FACE_BOUND('',#929,.F.);
#929 = EDGE_LOOP('',(#930,#931));
#930 = ORIENTED_EDGE('',*,*,#265,.F.);
#931 = ORIENTED_EDGE('',*,*,#932,.T.);
#932 = EDGE_CURVE('',#266,#268,#933,.T.);
#933 = SURFACE_CURVE('',#934,(#939,#946),.PCURVE_S1.);
#934 = CIRCLE('',#935,6.);
#935 = AXIS2_PLACEMENT_3D('',#936,#937,#938);
#936 = CARTESIAN_POINT('',(-52.,0.,20.));
#937 = DIRECTION('',(0.,1.,0.));
#938 = DIRECTION('',(0.,-0.,1.));
#939 = PCURVE('',#283,#940);
#940 = DEFINITIONAL_REPRESENTATION('',(#941),#945);
#941 = CIRCLE('',#942,6.);
#942 = AXIS2_PLACEMENT_2D('',#943,#944);
#943 = CARTESIAN_POINT('',(60.,60.));
#944 = DIRECTION('',(1.,0.));
#945 = ( GEOMETRIC_REPRESENTATION_CONTEXT(2) 
PARAMETRIC_REPRESENTATION_CONTEXT() REPRESENTATION_CONTEXT('2D SPACE',''
  ) );
#946 = PCURVE('',#314,#947);
#947 = DEFINITIONAL_REPRESENTATION('',(#948),#952);
#948 = LINE('',#949,#950);
#949 = CARTESIAN_POINT('',(3.14159265359,-4.712388980385));
#950 = VECTOR('',#951,1.);
#951 = DIRECTION('',(-0.,1.));
#952 = ( GEOMETRIC_REPRESENTATION_CONTEXT(2) 
PARAMETRIC_REPRESENTATION_CONTEXT() REPRESENTATION_CONTEXT('2D SPACE',''
  ) );
#953 = ADVANCED_FACE('',(#954),#408,.F.);
#954 = FACE_BOUND('',#955,.F.);
#955 = EDGE_LOOP('',(#956,#979,#1007,#1028));
#956 = ORIENTED_EDGE('',*,*,#957,.F.);
#957 = EDGE_CURVE('',#958,#391,#960,.T.);
#958 = VERTEX_POINT('',#959);
#959 = CARTESIAN_POINT('',(-60.,-34.5,-5.));
#960 = SURFACE_CURVE('',#961,(#965,#972),.PCURVE_S1.);
#961 = LINE('',#962,#963);
#962 = CARTESIAN_POINT('',(-60.,-34.5,-5.));
#963 = VECTOR('',#964,1.);
#964 = DIRECTION('',(1.,0.,0.));
#965 = PCURVE('',#408,#966);
#966 = DEFINITIONAL_REPRESENTATION('',(#967),#971);
#967 = LINE('',#968,#969);
#968 = CARTESIAN_POINT('',(0.,0.));
#969 = VECTOR('',#970,1.);
#970 = DIRECTION('',(0.,1.));
#971 = ( GEOMETRIC_REPRESENTATION_CONTEXT(2) 
PARAMETRIC_REPRESENTATION_CONTEXT() REPRESENTATION_CONTEXT('2D SPACE',''
  ) );
#972 = PCURVE('',#490,#973);
#973 = DEFINITIONAL_REPRESENTATION('',(#974),#978);
#974 = LINE('',#975,#976);
#975 = CARTESIAN_POINT('',(0.,0.));
#976 = VECTOR('',#977,1.);
#977 = DIRECTION('',(1.,0.));
#978 = ( GEOMETRIC_REPRESENTATION_CONTEXT(2) 
PARAMETRIC_REPRESENTATION_CONTEXT() REPRESENTATION_CONTEXT('2D SPACE',''
  ) );
#979 = ORIENTED_EDGE('',*,*,#980,.T.);
#980 = EDGE_CURVE('',#958,#981,#983,.T.);
#981 = VERTEX_POINT('',#982);
#982 = CARTESIAN_POINT('',(-60.,-34.5,5.));
#983 = SURFACE_CURVE('',#984,(#988,#995),.PCURVE_S1.);
#984 = LINE('',#985,#986);
#985 = CARTESIAN_POINT('',(-60.,-34.5,-5.));
#986 = VECTOR('',#987,1.);
#987 = DIRECTION('',(0.,0.,1.));
#988 = PCURVE('',#408,#989);
#989 = DEFINITIONAL_REPRESENTATION('',(#990),#994);
#990 = LINE('',#991,#992);
#991 = CARTESIAN_POINT('',(0.,0.));
#992 = VECTOR('',#993,1.);
#993 = DIRECTION('',(1.,0.));
#994 = ( GEOMETRIC_REPRESENTATION_CONTEXT(2) 
PARAMETRIC_REPRESENTATION_CONTEXT() REPRESENTATION_CONTEXT('2D SPACE',''
  ) );
#995 = PCURVE('',#996,#1001);
#996 = PLANE('',#997);
#997 = AXIS2_PLACEMENT_3D('',#998,#999,#1000);
#998 = CARTESIAN_POINT('',(-60.,-34.5,-5.));
#999 = DIRECTION('',(1.,0.,0.));
#1000 = DIRECTION('',(0.,0.,1.));
#1001 = DEFINITIONAL_REPRESENTATION('',(#1002),#1006);
#1002 = LINE('',#1003,#1004);
#1003 = CARTESIAN_POINT('',(0.,0.));
#1004 = VECTOR('',#1005,1.);
#1005 = DIRECTION('',(1.,0.));
#1006 = ( GEOMETRIC_REPRESENTATION_CONTEXT(2) 
PARAMETRIC_REPRESENTATION_CONTEXT() REPRESENTATION_CONTEXT('2D SPACE',''
  ) );
#1007 = ORIENTED_EDGE('',*,*,#1008,.T.);
#1008 = EDGE_CURVE('',#981,#393,#1009,.T.);
#1009 = SURFACE_CURVE('',#1010,(#1014,#1021),.PCURVE_S1.);
#1010 = LINE('',#1011,#1012);
#1011 = CARTESIAN_POINT('',(-60.,-34.5,5.));
#1012 = VECTOR('',#1013,1.);
#1013 = DIRECTION('',(1.,0.,0.));
#1014 = PCURVE('',#408,#1015);
#1015 = DEFINITIONAL_REPRESENTATION('',(#1016),#1020);
#1016 = LINE('',#1017,#1018);
#1017 = CARTESIAN_POINT('',(10.,0.));
#1018 = VECTOR('',#1019,1.);
#1019 = DIRECTION('',(0.,1.));
#1020 = ( GEOMETRIC_REPRESENTATION_CONTEXT(2) 
PARAMETRIC_REPRESENTATION_CONTEXT() REPRESENTATION_CONTEXT('2D SPACE',''
  ) );
#1021 = PCURVE('',#436,#1022);
#1022 = DEFINITIONAL_REPRESENTATION('',(#1023),#1027);
#1023 = LINE('',#1024,#1025);
#1024 = CARTESIAN_POINT('',(0.,0.));
#1025 = VECTOR('',#1026,1.);
#1026 = DIRECTION('',(1.,0.));
#1027 = ( GEOMETRIC_REPRESENTATION_CONTEXT(2) 
PARAMETRIC_REPRESENTATION_CONTEXT() REPRESENTATION_CONTEXT('2D SPACE',''
  ) );
#1028 = ORIENTED_EDGE('',*,*,#390,.F.);
#1029 = ADVANCED_FACE('',(#1030),#490,.F.);
#1030 = FACE_BOUND('',#1031,.F.);
#1031 = EDGE_LOOP('',(#1032,#1055,#1056,#1057));
#1032 = ORIENTED_EDGE('',*,*,#1033,.F.);
#1033 = EDGE_CURVE('',#958,#1034,#1036,.T.);
#1034 = VERTEX_POINT('',#1035);
#1035 = CARTESIAN_POINT('',(-60.,-19.5,-5.));
#1036 = SURFACE_CURVE('',#1037,(#1041,#1048),.PCURVE_S1.);
#1037 = LINE('',#1038,#1039);
#1038 = CARTESIAN_POINT('',(-60.,-34.5,-5.));
#1039 = VECTOR('',#1040,1.);
#1040 = DIRECTION('',(0.,1.,0.));
#1041 = PCURVE('',#490,#1042);
#1042 = DEFINITIONAL_REPRESENTATION('',(#1043),#1047);
#1043 = LINE('',#1044,#1045);
#1044 = CARTESIAN_POINT('',(0.,0.));
#1045 = VECTOR('',#1046,1.);
#1046 = DIRECTION('',(0.,1.));
#1047 = ( GEOMETRIC_REPRESENTATION_CONTEXT(2) 
PARAMETRIC_REPRESENTATION_CONTEXT() REPRESENTATION_CONTEXT('2D SPACE',''
  ) );
#1048 = PCURVE('',#996,#1049);
#1049 = DEFINITIONAL_REPRESENTATION('',(#1050),#1054);
#1050 = LINE('',#1051,#1052);
#1051 = CARTESIAN_POINT('',(0.,0.));
#1052 = VECTOR('',#1053,1.);
#1053 = DIRECTION('',(0.,-1.));
#1054 = ( GEOMETRIC_REPRESENTATION_CONTEXT(2) 
PARAMETRIC_REPRESENTATION_CONTEXT() REPRESENTATION_CONTEXT('2D SPACE',''
  ) );
#1055 = ORIENTED_EDGE('',*,*,#957,.T.);
#1056 = ORIENTED_EDGE('',*,*,#476,.T.);
#1057 = ORIENTED_EDGE('',*,*,#1058,.F.);
#1058 = EDGE_CURVE('',#1034,#449,#1059,.T.);
#1059 = SURFACE_CURVE('',#1060,(#1064,#1071),.PCURVE_S1.);
#1060 = LINE('',#1061,#1062);
#1061 = CARTESIAN_POINT('',(-60.,-19.5,-5.));
#1062 = VECTOR('',#1063,1.);
#1063 = DIRECTION('',(1.,0.,0.));
#1064 = PCURVE('',#490,#1065);
#1065 = DEFINITIONAL_REPRESENTATION('',(#1066),#1070);
#1066 = LINE('',#1067,#1068);
#1067 = CARTESIAN_POINT('',(0.,15.));
#1068 = VECTOR('',#1069,1.);
#1069 = DIRECTION('',(1.,0.));
#1070 = ( GEOMETRIC_REPRESENTATION_CONTEXT(2) 
PARAMETRIC_REPRESENTATION_CONTEXT() REPRESENTATION_CONTEXT('2D SPACE',''
  ) );
#1071 = PCURVE('',#464,#1072);
#1072 = DEFINITIONAL_REPRESENTATION('',(#1073),#1077);
#1073 = LINE('',#1074,#1075);
#1074 = CARTESIAN_POINT('',(0.,0.));
#1075 = VECTOR('',#1076,1.);
#1076 = DIRECTION('',(0.,1.));
#1077 = ( GEOMETRIC_REPRESENTATION_CONTEXT(2) 
PARAMETRIC_REPRESENTATION_CONTEXT() REPRESENTATION_CONTEXT('2D SPACE',''
  ) );
#1078 = ADVANCED_FACE('',(#1079),#464,.T.);
#1079 = FACE_BOUND('',#1080,.T.);
#1080 = EDGE_LOOP('',(#1081,#1082,#1105,#1126));
#1081 = ORIENTED_EDGE('',*,*,#1058,.F.);
#1082 = ORIENTED_EDGE('',*,*,#1083,.T.);
#1083 = EDGE_CURVE('',#1034,#1084,#1086,.T.);
#1084 = VERTEX_POINT('',#1085);
#1085 = CARTESIAN_POINT('',(-60.,-19.5,5.));
#1086 = SURFACE_CURVE('',#1087,(#1091,#1098),.PCURVE_S1.);
#1087 = LINE('',#1088,#1089);
#1088 = CARTESIAN_POINT('',(-60.,-19.5,-5.));
#1089 = VECTOR('',#1090,1.);
#1090 = DIRECTION('',(0.,0.,1.));
#1091 = PCURVE('',#464,#1092);
#1092 = DEFINITIONAL_REPRESENTATION('',(#1093),#1097);
#1093 = LINE('',#1094,#1095);
#1094 = CARTESIAN_POINT('',(0.,0.));
#1095 = VECTOR('',#1096,1.);
#1096 = DIRECTION('',(1.,0.));
#1097 = ( GEOMETRIC_REPRESENTATION_CONTEXT(2) 
PARAMETRIC_REPRESENTATION_CONTEXT() REPRESENTATION_CONTEXT('2D SPACE',''
  ) );
#1098 = PCURVE('',#996,#1099);
#1099 = DEFINITIONAL_REPRESENTATION('',(#1100),#1104);
#1100 = LINE('',#1101,#1102);
#1101 = CARTESIAN_POINT('',(0.,-15.));
#1102 = VECTOR('',#1103,1.);
#1103 = DIRECTION('',(1.,0.));
#1104 = ( GEOMETRIC_REPRESENTATION_CONTEXT(2) 
PARAMETRIC_REPRESENTATION_CONTEXT() REPRESENTATION_CONTEXT('2D SPACE',''
  ) );
#1105 = ORIENTED_EDGE('',*,*,#1106,.T.);
#1106 = EDGE_CURVE('',#1084,#421,#1107,.T.);
#1107 = SURFACE_CURVE('',#1108,(#1112,#1119),.PCURVE_S1.);
#1108 = LINE('',#1109,#1110);
#1109 = CARTESIAN_POINT('',(-60.,-19.5,5.));
#1110 = VECTOR('',#1111,1.);
#1111 = DIRECTION('',(1.,0.,0.));
#1112 = PCURVE('',#464,#1113);
#1113 = DEFINITIONAL_REPRESENTATION('',(#1114),#1118);
#1114 = LINE('',#1115,#1116);
#1115 = CARTESIAN_POINT('',(10.,0.));
#1116 = VECTOR('',#1117,1.);
#1117 = DIRECTION('',(0.,1.));
#1118 = ( GEOMETRIC_REPRESENTATION_CONTEXT(2) 
PARAMETRIC_REPRESENTATION_CONTEXT() REPRESENTATION_CONTEXT('2D SPACE',''
  ) );
#1119 = PCURVE('',#436,#1120);
#1120 = DEFINITIONAL_REPRESENTATION('',(#1121),#1125);
#1121 = LINE('',#1122,#1123);
#1122 = CARTESIAN_POINT('',(0.,15.));
#1123 = VECTOR('',#1124,1.);
#1124 = DIRECTION('',(1.,0.));
#1125 = ( GEOMETRIC_REPRESENTATION_CONTEXT(2) 
PARAMETRIC_REPRESENTATION_CONTEXT() REPRESENTATION_CONTEXT('2D SPACE',''
  ) );
#1126 = ORIENTED_EDGE('',*,*,#448,.F.);
#1127 = ADVANCED_FACE('',(#1128),#436,.T.);
#1128 = FACE_BOUND('',#1129,.T.);
#1129 = EDGE_LOOP('',(#1130,#1151,#1152,#1153));
#1130 = ORIENTED_EDGE('',*,*,#1131,.F.);
#1131 = EDGE_CURVE('',#981,#1084,#1132,.T.);
#1132 = SURFACE_CURVE('',#1133,(#1137,#1144),.PCURVE_S1.);
#1133 = LINE('',#1134,#1135);
#1134 = CARTESIAN_POINT('',(-60.,-34.5,5.));
#1135 = VECTOR('',#1136,1.);
#1136 = DIRECTION('',(0.,1.,0.));
#1137 = PCURVE('',#436,#1138);
#1138 = DEFINITIONAL_REPRESENTATION('',(#1139),#1143);
#1139 = LINE('',#1140,#1141);
#1140 = CARTESIAN_POINT('',(0.,0.));
#1141 = VECTOR('',#1142,1.);
#1142 = DIRECTION('',(0.,1.));
#1143 = ( GEOMETRIC_REPRESENTATION_CONTEXT(2) 
PARAMETRIC_REPRESENTATION_CONTEXT() REPRESENTATION_CONTEXT('2D SPACE',''
  ) );
#1144 = PCURVE('',#996,#1145);
#1145 = DEFINITIONAL_REPRESENTATION('',(#1146),#1150);
#1146 = LINE('',#1147,#1148);
#1147 = CARTESIAN_POINT('',(10.,0.));
#1148 = VECTOR('',#1149,1.);
#1149 = DIRECTION('',(0.,-1.));
#1150 = ( GEOMETRIC_REPRESENTATION_CONTEXT(2) 
PARAMETRIC_REPRESENTATION_CONTEXT() REPRESENTATION_CONTEXT('2D SPACE',''
  ) );
#1151 = ORIENTED_EDGE('',*,*,#1008,.T.);
#1152 = ORIENTED_EDGE('',*,*,#420,.T.);
#1153 = ORIENTED_EDGE('',*,*,#1106,.F.);
#1154 = ADVANCED_FACE('',(#1155,#1214,#1273,#1321,#1435),#637,.F.);
#1155 = FACE_BOUND('',#1156,.F.);
#1156 = EDGE_LOOP('',(#1157,#1187));
#1157 = ORIENTED_EDGE('',*,*,#1158,.F.);
#1158 = EDGE_CURVE('',#1159,#1161,#1163,.T.);
#1159 = VERTEX_POINT('',#1160);
#1160 = CARTESIAN_POINT('',(-22.32352091615,0.,-64.));
#1161 = VERTEX_POINT('',#1162);
#1162 = CARTESIAN_POINT('',(-11.00981241717,-6.927648449884E-16,-64.));
#1163 = SURFACE_CURVE('',#1164,(#1168,#1175),.PCURVE_S1.);
#1164 = LINE('',#1165,#1166);
#1165 = CARTESIAN_POINT('',(-54.,0.,-64.));
#1166 = VECTOR('',#1167,1.);
#1167 = DIRECTION('',(1.,0.,0.));
#1168 = PCURVE('',#637,#1169);
#1169 = DEFINITIONAL_REPRESENTATION('',(#1170),#1174);
#1170 = LINE('',#1171,#1172);
#1171 = CARTESIAN_POINT('',(0.,54.));
#1172 = VECTOR('',#1173,1.);
#1173 = DIRECTION('',(1.,0.));
#1174 = ( GEOMETRIC_REPRESENTATION_CONTEXT(2) 
PARAMETRIC_REPRESENTATION_CONTEXT() REPRESENTATION_CONTEXT('2D SPACE',''
  ) );
#1175 = PCURVE('',#1176,#1181);
#1176 = PLANE('',#1177);
#1177 = AXIS2_PLACEMENT_3D('',#1178,#1179,#1180);
#1178 = CARTESIAN_POINT('',(-76.66666666666,0.,-122.));
#1179 = DIRECTION('',(0.,1.,0.));
#1180 = DIRECTION('',(0.,0.,1.));
#1181 = DEFINITIONAL_REPRESENTATION('',(#1182),#1186);
#1182 = LINE('',#1183,#1184);
#1183 = CARTESIAN_POINT('',(58.,22.666666666667));
#1184 = VECTOR('',#1185,1.);
#1185 = DIRECTION('',(0.,1.));
#1186 = ( GEOMETRIC_REPRESENTATION_CONTEXT(2) 
PARAMETRIC_REPRESENTATION_CONTEXT() REPRESENTATION_CONTEXT('2D SPACE',''
  ) );
#1187 = ORIENTED_EDGE('',*,*,#1188,.F.);
#1188 = EDGE_CURVE('',#1161,#1159,#1189,.T.);
#1189 = SURFACE_CURVE('',#1190,(#1195,#1202),.PCURVE_S1.);
#1190 = CIRCLE('',#1191,5.656854249492);
#1191 = AXIS2_PLACEMENT_3D('',#1192,#1193,#1194);
#1192 = CARTESIAN_POINT('',(-16.66666666666,0.,-64.));
#1193 = DIRECTION('',(0.,0.,1.));
#1194 = DIRECTION('',(1.,0.,-0.));
#1195 = PCURVE('',#637,#1196);
#1196 = DEFINITIONAL_REPRESENTATION('',(#1197),#1201);
#1197 = CIRCLE('',#1198,5.656854249492);
#1198 = AXIS2_PLACEMENT_2D('',#1199,#1200);
#1199 = CARTESIAN_POINT('',(37.333333333333,54.));
#1200 = DIRECTION('',(1.,0.));
#1201 = ( GEOMETRIC_REPRESENTATION_CONTEXT(2) 
PARAMETRIC_REPRESENTATION_CONTEXT() REPRESENTATION_CONTEXT('2D SPACE',''
  ) );
#1202 = PCURVE('',#1203,#1208);
#1203 = SPHERICAL_SURFACE('',#1204,6.);
#1204 = AXIS2_PLACEMENT_3D('',#1205,#1206,#1207);
#1205 = CARTESIAN_POINT('',(-16.66666666666,0.,-62.));
#1206 = DIRECTION('',(0.,0.,1.));
#1207 = DIRECTION('',(1.,0.,0.));
#1208 = DEFINITIONAL_REPRESENTATION('',(#1209),#1213);
#1209 = LINE('',#1210,#1211);
#1210 = CARTESIAN_POINT('',(0.,-0.339836909454));
#1211 = VECTOR('',#1212,1.);
#1212 = DIRECTION('',(1.,0.));
#1213 = ( GEOMETRIC_REPRESENTATION_CONTEXT(2) 
PARAMETRIC_REPRESENTATION_CONTEXT() REPRESENTATION_CONTEXT('2D SPACE',''
  ) );
#1214 = FACE_BOUND('',#1215,.F.);
#1215 = EDGE_LOOP('',(#1216,#1246));
#1216 = ORIENTED_EDGE('',*,*,#1217,.F.);
#1217 = EDGE_CURVE('',#1218,#1220,#1222,.T.);
#1218 = VERTEX_POINT('',#1219);
#1219 = CARTESIAN_POINT('',(11.009812417174,0.,-64.));
#1220 = VERTEX_POINT('',#1221);
#1221 = CARTESIAN_POINT('',(22.323520916159,-6.927648449884E-16,-64.));
#1222 = SURFACE_CURVE('',#1223,(#1227,#1234),.PCURVE_S1.);
#1223 = LINE('',#1224,#1225);
#1224 = CARTESIAN_POINT('',(-54.,0.,-64.));
#1225 = VECTOR('',#1226,1.);
#1226 = DIRECTION('',(1.,0.,0.));
#1227 = PCURVE('',#637,#1228);
#1228 = DEFINITIONAL_REPRESENTATION('',(#1229),#1233);
#1229 = LINE('',#1230,#1231);
#1230 = CARTESIAN_POINT('',(0.,54.));
#1231 = VECTOR('',#1232,1.);
#1232 = DIRECTION('',(1.,0.));
#1233 = ( GEOMETRIC_REPRESENTATION_CONTEXT(2) 
PARAMETRIC_REPRESENTATION_CONTEXT() REPRESENTATION_CONTEXT('2D SPACE',''
  ) );
#1234 = PCURVE('',#1235,#1240);
#1235 = PLANE('',#1236);
#1236 = AXIS2_PLACEMENT_3D('',#1237,#1238,#1239);
#1237 = CARTESIAN_POINT('',(-43.33333333333,0.,-122.));
#1238 = DIRECTION('',(0.,1.,0.));
#1239 = DIRECTION('',(0.,0.,1.));
#1240 = DEFINITIONAL_REPRESENTATION('',(#1241),#1245);
#1241 = LINE('',#1242,#1243);
#1242 = CARTESIAN_POINT('',(58.,-10.66666666666));
#1243 = VECTOR('',#1244,1.);
#1244 = DIRECTION('',(0.,1.));
#1245 = ( GEOMETRIC_REPRESENTATION_CONTEXT(2) 
PARAMETRIC_REPRESENTATION_CONTEXT() REPRESENTATION_CONTEXT('2D SPACE',''
  ) );
#1246 = ORIENTED_EDGE('',*,*,#1247,.F.);
#1247 = EDGE_CURVE('',#1220,#1218,#1248,.T.);
#1248 = SURFACE_CURVE('',#1249,(#1254,#1261),.PCURVE_S1.);
#1249 = CIRCLE('',#1250,5.656854249492);
#1250 = AXIS2_PLACEMENT_3D('',#1251,#1252,#1253);
#1251 = CARTESIAN_POINT('',(16.666666666667,0.,-64.));
#1252 = DIRECTION('',(0.,0.,1.));
#1253 = DIRECTION('',(1.,0.,-0.));
#1254 = PCURVE('',#637,#1255);
#1255 = DEFINITIONAL_REPRESENTATION('',(#1256),#1260);
#1256 = CIRCLE('',#1257,5.656854249492);
#1257 = AXIS2_PLACEMENT_2D('',#1258,#1259);
#1258 = CARTESIAN_POINT('',(70.666666666667,54.));
#1259 = DIRECTION('',(1.,0.));
#1260 = ( GEOMETRIC_REPRESENTATION_CONTEXT(2) 
PARAMETRIC_REPRESENTATION_CONTEXT() REPRESENTATION_CONTEXT('2D SPACE',''
  ) );
#1261 = PCURVE('',#1262,#1267);
#1262 = SPHERICAL_SURFACE('',#1263,6.);
#1263 = AXIS2_PLACEMENT_3D('',#1264,#1265,#1266);
#1264 = CARTESIAN_POINT('',(16.666666666667,0.,-62.));
#1265 = DIRECTION('',(0.,0.,1.));
#1266 = DIRECTION('',(1.,0.,0.));
#1267 = DEFINITIONAL_REPRESENTATION('',(#1268),#1272);
#1268 = LINE('',#1269,#1270);
#1269 = CARTESIAN_POINT('',(0.,-0.339836909454));
#1270 = VECTOR('',#1271,1.);
#1271 = DIRECTION('',(1.,0.));
#1272 = ( GEOMETRIC_REPRESENTATION_CONTEXT(2) 
PARAMETRIC_REPRESENTATION_CONTEXT() REPRESENTATION_CONTEXT('2D SPACE',''
  ) );
#1273 = FACE_BOUND('',#1274,.F.);
#1274 = EDGE_LOOP('',(#1275,#1276,#1299,#1320));
#1275 = ORIENTED_EDGE('',*,*,#619,.T.);
#1276 = ORIENTED_EDGE('',*,*,#1277,.F.);
#1277 = EDGE_CURVE('',#1278,#622,#1280,.T.);
#1278 = VERTEX_POINT('',#1279);
#1279 = CARTESIAN_POINT('',(51.,54.,-64.));
#1280 = SURFACE_CURVE('',#1281,(#1285,#1292),.PCURVE_S1.);
#1281 = LINE('',#1282,#1283);
#1282 = CARTESIAN_POINT('',(51.,54.,-64.));
#1283 = VECTOR('',#1284,1.);
#1284 = DIRECTION('',(0.,-1.,0.));
#1285 = PCURVE('',#637,#1286);
#1286 = DEFINITIONAL_REPRESENTATION('',(#1287),#1291);
#1287 = LINE('',#1288,#1289);
#1288 = CARTESIAN_POINT('',(105.,108.));
#1289 = VECTOR('',#1290,1.);
#1290 = DIRECTION('',(0.,-1.));
#1291 = ( GEOMETRIC_REPRESENTATION_CONTEXT(2) 
PARAMETRIC_REPRESENTATION_CONTEXT() REPRESENTATION_CONTEXT('2D SPACE',''
  ) );
#1292 = PCURVE('',#792,#1293);
#1293 = DEFINITIONAL_REPRESENTATION('',(#1294),#1298);
#1294 = LINE('',#1295,#1296);
#1295 = CARTESIAN_POINT('',(-108.,-2.12132034356));
#1296 = VECTOR('',#1297,1.);
#1297 = DIRECTION('',(1.,-0.));
#1298 = ( GEOMETRIC_REPRESENTATION_CONTEXT(2) 
PARAMETRIC_REPRESENTATION_CONTEXT() REPRESENTATION_CONTEXT('2D SPACE',''
  ) );
#1299 = ORIENTED_EDGE('',*,*,#1300,.F.);
#1300 = EDGE_CURVE('',#810,#1278,#1301,.T.);
#1301 = SURFACE_CURVE('',#1302,(#1306,#1313),.PCURVE_S1.);
#1302 = LINE('',#1303,#1304);
#1303 = CARTESIAN_POINT('',(-54.,54.,-64.));
#1304 = VECTOR('',#1305,1.);
#1305 = DIRECTION('',(1.,0.,-0.));
#1306 = PCURVE('',#637,#1307);
#1307 = DEFINITIONAL_REPRESENTATION('',(#1308),#1312);
#1308 = LINE('',#1309,#1310);
#1309 = CARTESIAN_POINT('',(0.,108.));
#1310 = VECTOR('',#1311,1.);
#1311 = DIRECTION('',(1.,0.));
#1312 = ( GEOMETRIC_REPRESENTATION_CONTEXT(2) 
PARAMETRIC_REPRESENTATION_CONTEXT() REPRESENTATION_CONTEXT('2D SPACE',''
  ) );
#1313 = PCURVE('',#100,#1314);
#1314 = DEFINITIONAL_REPRESENTATION('',(#1315),#1319);
#1315 = LINE('',#1316,#1317);
#1316 = CARTESIAN_POINT('',(-0.,0.));
#1317 = VECTOR('',#1318,1.);
#1318 = DIRECTION('',(-0.,1.));
#1319 = ( GEOMETRIC_REPRESENTATION_CONTEXT(2) 
PARAMETRIC_REPRESENTATION_CONTEXT() REPRESENTATION_CONTEXT('2D SPACE',''
  ) );
#1320 = ORIENTED_EDGE('',*,*,#832,.T.);
#1321 = FACE_BOUND('',#1322,.F.);
#1322 = EDGE_LOOP('',(#1323,#1353,#1381,#1409));
#1323 = ORIENTED_EDGE('',*,*,#1324,.T.);
#1324 = EDGE_CURVE('',#1325,#1327,#1329,.T.);
#1325 = VERTEX_POINT('',#1326);
#1326 = CARTESIAN_POINT('',(-4.,-31.,-64.));
#1327 = VERTEX_POINT('',#1328);
#1328 = CARTESIAN_POINT('',(-4.,-23.,-64.));
#1329 = SURFACE_CURVE('',#1330,(#1334,#1341),.PCURVE_S1.);
#1330 = LINE('',#1331,#1332);
#1331 = CARTESIAN_POINT('',(-4.,-31.,-64.));
#1332 = VECTOR('',#1333,1.);
#1333 = DIRECTION('',(0.,1.,0.));
#1334 = PCURVE('',#637,#1335);
#1335 = DEFINITIONAL_REPRESENTATION('',(#1336),#1340);
#1336 = LINE('',#1337,#1338);
#1337 = CARTESIAN_POINT('',(50.,23.));
#1338 = VECTOR('',#1339,1.);
#1339 = DIRECTION('',(0.,1.));
#1340 = ( GEOMETRIC_REPRESENTATION_CONTEXT(2) 
PARAMETRIC_REPRESENTATION_CONTEXT() REPRESENTATION_CONTEXT('2D SPACE',''
  ) );
#1341 = PCURVE('',#1342,#1347);
#1342 = PLANE('',#1343);
#1343 = AXIS2_PLACEMENT_3D('',#1344,#1345,#1346);
#1344 = CARTESIAN_POINT('',(-4.,-31.,-72.));
#1345 = DIRECTION('',(1.,0.,0.));
#1346 = DIRECTION('',(0.,0.,1.));
#1347 = DEFINITIONAL_REPRESENTATION('',(#1348),#1352);
#1348 = LINE('',#1349,#1350);
#1349 = CARTESIAN_POINT('',(8.,0.));
#1350 = VECTOR('',#1351,1.);
#1351 = DIRECTION('',(0.,-1.));
#1352 = ( GEOMETRIC_REPRESENTATION_CONTEXT(2) 
PARAMETRIC_REPRESENTATION_CONTEXT() REPRESENTATION_CONTEXT('2D SPACE',''
  ) );
#1353 = ORIENTED_EDGE('',*,*,#1354,.T.);
#1354 = EDGE_CURVE('',#1327,#1355,#1357,.T.);
#1355 = VERTEX_POINT('',#1356);
#1356 = CARTESIAN_POINT('',(4.,-23.,-64.));
#1357 = SURFACE_CURVE('',#1358,(#1362,#1369),.PCURVE_S1.);
#1358 = LINE('',#1359,#1360);
#1359 = CARTESIAN_POINT('',(-4.,-23.,-64.));
#1360 = VECTOR('',#1361,1.);
#1361 = DIRECTION('',(1.,0.,0.));
#1362 = PCURVE('',#637,#1363);
#1363 = DEFINITIONAL_REPRESENTATION('',(#1364),#1368);
#1364 = LINE('',#1365,#1366);
#1365 = CARTESIAN_POINT('',(50.,31.));
#1366 = VECTOR('',#1367,1.);
#1367 = DIRECTION('',(1.,0.));
#1368 = ( GEOMETRIC_REPRESENTATION_CONTEXT(2) 
PARAMETRIC_REPRESENTATION_CONTEXT() REPRESENTATION_CONTEXT('2D SPACE',''
  ) );
#1369 = PCURVE('',#1370,#1375);
#1370 = PLANE('',#1371);
#1371 = AXIS2_PLACEMENT_3D('',#1372,#1373,#1374);
#1372 = CARTESIAN_POINT('',(-4.,-23.,-72.));
#1373 = DIRECTION('',(0.,1.,0.));
#1374 = DIRECTION('',(0.,0.,1.));
#1375 = DEFINITIONAL_REPRESENTATION('',(#1376),#1380);
#1376 = LINE('',#1377,#1378);
#1377 = CARTESIAN_POINT('',(8.,0.));
#1378 = VECTOR('',#1379,1.);
#1379 = DIRECTION('',(0.,1.));
#1380 = ( GEOMETRIC_REPRESENTATION_CONTEXT(2) 
PARAMETRIC_REPRESENTATION_CONTEXT() REPRESENTATION_CONTEXT('2D SPACE',''
  ) );
#1381 = ORIENTED_EDGE('',*,*,#1382,.F.);
#1382 = EDGE_CURVE('',#1383,#1355,#1385,.T.);
#1383 = VERTEX_POINT('',#1384);
#1384 = CARTESIAN_POINT('',(4.,-31.,-64.));
#1385 = SURFACE_CURVE('',#1386,(#1390,#1397),.PCURVE_S1.);
#1386 = LINE('',#1387,#1388);
#1387 = CARTESIAN_POINT('',(4.,-31.,-64.));
#1388 = VECTOR('',#1389,1.);
#1389 = DIRECTION('',(0.,1.,0.));
#1390 = PCURVE('',#637,#1391);
#1391 = DEFINITIONAL_REPRESENTATION('',(#1392),#1396);
#1392 = LINE('',#1393,#1394);
#1393 = CARTESIAN_POINT('',(58.,23.));
#1394 = VECTOR('',#1395,1.);
#1395 = DIRECTION('',(0.,1.));
#1396 = ( GEOMETRIC_REPRESENTATION_CONTEXT(2) 
PARAMETRIC_REPRESENTATION_CONTEXT() REPRESENTATION_CONTEXT('2D SPACE',''
  ) );
#1397 = PCURVE('',#1398,#1403);
#1398 = PLANE('',#1399);
#1399 = AXIS2_PLACEMENT_3D('',#1400,#1401,#1402);
#1400 = CARTESIAN_POINT('',(4.,-31.,-72.));
#1401 = DIRECTION('',(1.,0.,0.));
#1402 = DIRECTION('',(0.,0.,1.));
#1403 = DEFINITIONAL_REPRESENTATION('',(#1404),#1408);
#1404 = LINE('',#1405,#1406);
#1405 = CARTESIAN_POINT('',(8.,0.));
#1406 = VECTOR('',#1407,1.);
#1407 = DIRECTION('',(0.,-1.));
#1408 = ( GEOMETRIC_REPRESENTATION_CONTEXT(2) 
PARAMETRIC_REPRESENTATION_CONTEXT() REPRESENTATION_CONTEXT('2D SPACE',''
  ) );
#1409 = ORIENTED_EDGE('',*,*,#1410,.F.);
#1410 = EDGE_CURVE('',#1325,#1383,#1411,.T.);
#1411 = SURFACE_CURVE('',#1412,(#1416,#1423),.PCURVE_S1.);
#1412 = LINE('',#1413,#1414);
#1413 = CARTESIAN_POINT('',(-4.,-31.,-64.));
#1414 = VECTOR('',#1415,1.);
#1415 = DIRECTION('',(1.,0.,0.));
#1416 = PCURVE('',#637,#1417);
#1417 = DEFINITIONAL_REPRESENTATION('',(#1418),#1422);
#1418 = LINE('',#1419,#1420);
#1419 = CARTESIAN_POINT('',(50.,23.));
#1420 = VECTOR('',#1421,1.);
#1421 = DIRECTION('',(1.,0.));
#1422 = ( GEOMETRIC_REPRESENTATION_CONTEXT(2) 
PARAMETRIC_REPRESENTATION_CONTEXT() REPRESENTATION_CONTEXT('2D SPACE',''
  ) );
#1423 = PCURVE('',#1424,#1429);
#1424 = PLANE('',#1425);
#1425 = AXIS2_PLACEMENT_3D('',#1426,#1427,#1428);
#1426 = CARTESIAN_POINT('',(-4.,-31.,-72.));
#1427 = DIRECTION('',(0.,1.,0.));
#1428 = DIRECTION('',(0.,0.,1.));
#1429 = DEFINITIONAL_REPRESENTATION('',(#1430),#1434);
#1430 = LINE('',#1431,#1432);
#1431 = CARTESIAN_POINT('',(8.,0.));
#1432 = VECTOR('',#1433,1.);
#1433 = DIRECTION('',(0.,1.));
#1434 = ( GEOMETRIC_REPRESENTATION_CONTEXT(2) 
PARAMETRIC_REPRESENTATION_CONTEXT() REPRESENTATION_CONTEXT('2D SPACE',''
  ) );
#1435 = FACE_BOUND('',#1436,.F.);
#1436 = EDGE_LOOP('',(#1437,#1467,#1495,#1523));
#1437 = ORIENTED_EDGE('',*,*,#1438,.T.);
#1438 = EDGE_CURVE('',#1439,#1441,#1443,.T.);
#1439 = VERTEX_POINT('',#1440);
#1440 = CARTESIAN_POINT('',(4.,31.,-64.));
#1441 = VERTEX_POINT('',#1442);
#1442 = CARTESIAN_POINT('',(4.,23.,-64.));
#1443 = SURFACE_CURVE('',#1444,(#1448,#1455),.PCURVE_S1.);
#1444 = LINE('',#1445,#1446);
#1445 = CARTESIAN_POINT('',(4.,31.,-64.));
#1446 = VECTOR('',#1447,1.);
#1447 = DIRECTION('',(0.,-1.,0.));
#1448 = PCURVE('',#637,#1449);
#1449 = DEFINITIONAL_REPRESENTATION('',(#1450),#1454);
#1450 = LINE('',#1451,#1452);
#1451 = CARTESIAN_POINT('',(58.,85.));
#1452 = VECTOR('',#1453,1.);
#1453 = DIRECTION('',(0.,-1.));
#1454 = ( GEOMETRIC_REPRESENTATION_CONTEXT(2) 
PARAMETRIC_REPRESENTATION_CONTEXT() REPRESENTATION_CONTEXT('2D SPACE',''
  ) );
#1455 = PCURVE('',#1456,#1461);
#1456 = PLANE('',#1457);
#1457 = AXIS2_PLACEMENT_3D('',#1458,#1459,#1460);
#1458 = CARTESIAN_POINT('',(4.,31.,-72.));
#1459 = DIRECTION('',(1.,0.,-0.));
#1460 = DIRECTION('',(0.,0.,-1.));
#1461 = DEFINITIONAL_REPRESENTATION('',(#1462),#1466);
#1462 = LINE('',#1463,#1464);
#1463 = CARTESIAN_POINT('',(-8.,0.));
#1464 = VECTOR('',#1465,1.);
#1465 = DIRECTION('',(-0.,-1.));
#1466 = ( GEOMETRIC_REPRESENTATION_CONTEXT(2) 
PARAMETRIC_REPRESENTATION_CONTEXT() REPRESENTATION_CONTEXT('2D SPACE',''
  ) );
#1467 = ORIENTED_EDGE('',*,*,#1468,.F.);
#1468 = EDGE_CURVE('',#1469,#1441,#1471,.T.);
#1469 = VERTEX_POINT('',#1470);
#1470 = CARTESIAN_POINT('',(-4.,23.,-64.));
#1471 = SURFACE_CURVE('',#1472,(#1476,#1483),.PCURVE_S1.);
#1472 = LINE('',#1473,#1474);
#1473 = CARTESIAN_POINT('',(-4.,23.,-64.));
#1474 = VECTOR('',#1475,1.);
#1475 = DIRECTION('',(1.,0.,-0.));
#1476 = PCURVE('',#637,#1477);
#1477 = DEFINITIONAL_REPRESENTATION('',(#1478),#1482);
#1478 = LINE('',#1479,#1480);
#1479 = CARTESIAN_POINT('',(50.,77.));
#1480 = VECTOR('',#1481,1.);
#1481 = DIRECTION('',(1.,0.));
#1482 = ( GEOMETRIC_REPRESENTATION_CONTEXT(2) 
PARAMETRIC_REPRESENTATION_CONTEXT() REPRESENTATION_CONTEXT('2D SPACE',''
  ) );
#1483 = PCURVE('',#1484,#1489);
#1484 = PLANE('',#1485);
#1485 = AXIS2_PLACEMENT_3D('',#1486,#1487,#1488);
#1486 = CARTESIAN_POINT('',(-4.,23.,-72.));
#1487 = DIRECTION('',(0.,-1.,0.));
#1488 = DIRECTION('',(0.,0.,-1.));
#1489 = DEFINITIONAL_REPRESENTATION('',(#1490),#1494);
#1490 = LINE('',#1491,#1492);
#1491 = CARTESIAN_POINT('',(-8.,0.));
#1492 = VECTOR('',#1493,1.);
#1493 = DIRECTION('',(-0.,1.));
#1494 = ( GEOMETRIC_REPRESENTATION_CONTEXT(2) 
PARAMETRIC_REPRESENTATION_CONTEXT() REPRESENTATION_CONTEXT('2D SPACE',''
  ) );
#1495 = ORIENTED_EDGE('',*,*,#1496,.F.);
#1496 = EDGE_CURVE('',#1497,#1469,#1499,.T.);
#1497 = VERTEX_POINT('',#1498);
#1498 = CARTESIAN_POINT('',(-4.,31.,-64.));
#1499 = SURFACE_CURVE('',#1500,(#1504,#1511),.PCURVE_S1.);
#1500 = LINE('',#1501,#1502);
#1501 = CARTESIAN_POINT('',(-4.,31.,-64.));
#1502 = VECTOR('',#1503,1.);
#1503 = DIRECTION('',(0.,-1.,0.));
#1504 = PCURVE('',#637,#1505);
#1505 = DEFINITIONAL_REPRESENTATION('',(#1506),#1510);
#1506 = LINE('',#1507,#1508);
#1507 = CARTESIAN_POINT('',(50.,85.));
#1508 = VECTOR('',#1509,1.);
#1509 = DIRECTION('',(0.,-1.));
#1510 = ( GEOMETRIC_REPRESENTATION_CONTEXT(2) 
PARAMETRIC_REPRESENTATION_CONTEXT() REPRESENTATION_CONTEXT('2D SPACE',''
  ) );
#1511 = PCURVE('',#1512,#1517);
#1512 = PLANE('',#1513);
#1513 = AXIS2_PLACEMENT_3D('',#1514,#1515,#1516);
#1514 = CARTESIAN_POINT('',(-4.,31.,-72.));
#1515 = DIRECTION('',(1.,0.,-0.));
#1516 = DIRECTION('',(0.,0.,-1.));
#1517 = DEFINITIONAL_REPRESENTATION('',(#1518),#1522);
#1518 = LINE('',#1519,#1520);
#1519 = CARTESIAN_POINT('',(-8.,0.));
#1520 = VECTOR('',#1521,1.);
#1521 = DIRECTION('',(-0.,-1.));
#1522 = ( GEOMETRIC_REPRESENTATION_CONTEXT(2) 
PARAMETRIC_REPRESENTATION_CONTEXT() REPRESENTATION_CONTEXT('2D SPACE',''
  ) );
#1523 = ORIENTED_EDGE('',*,*,#1524,.T.);
#1524 = EDGE_CURVE('',#1497,#1439,#1525,.T.);
#1525 = SURFACE_CURVE('',#1526,(#1530,#1537),.PCURVE_S1.);
#1526 = LINE('',#1527,#1528);
#1527 = CARTESIAN_POINT('',(-4.,31.,-64.));
#1528 = VECTOR('',#1529,1.);
#1529 = DIRECTION('',(1.,0.,-0.));
#1530 = PCURVE('',#637,#1531);
#1531 = DEFINITIONAL_REPRESENTATION('',(#1532),#1536);
#1532 = LINE('',#1533,#1534);
#1533 = CARTESIAN_POINT('',(50.,85.));
#1534 = VECTOR('',#1535,1.);
#1535 = DIRECTION('',(1.,0.));
#1536 = ( GEOMETRIC_REPRESENTATION_CONTEXT(2) 
PARAMETRIC_REPRESENTATION_CONTEXT() REPRESENTATION_CONTEXT('2D SPACE',''
  ) );
#1537 = PCURVE('',#1538,#1543);
#1538 = PLANE('',#1539);
#1539 = AXIS2_PLACEMENT_3D('',#1540,#1541,#1542);
#1540 = CARTESIAN_POINT('',(-4.,31.,-72.));
#1541 = DIRECTION('',(0.,-1.,0.));
#1542 = DIRECTION('',(0.,0.,-1.));
#1543 = DEFINITIONAL_REPRESENTATION('',(#1544),#1548);
#1544 = LINE('',#1545,#1546);
#1545 = CARTESIAN_POINT('',(-8.,0.));
#1546 = VECTOR('',#1547,1.);
#1547 = DIRECTION('',(-0.,1.));
#1548 = ( GEOMETRIC_REPRESENTATION_CONTEXT(2) 
PARAMETRIC_REPRESENTATION_CONTEXT() REPRESENTATION_CONTEXT('2D SPACE',''
  ) );
#1549 = ADVANCED_FACE('',(#1550),#792,.F.);
#1550 = FACE_BOUND('',#1551,.T.);
#1551 = EDGE_LOOP('',(#1552,#1553,#1554,#1577));
#1552 = ORIENTED_EDGE('',*,*,#778,.F.);
#1553 = ORIENTED_EDGE('',*,*,#1277,.F.);
#1554 = ORIENTED_EDGE('',*,*,#1555,.T.);
#1555 = EDGE_CURVE('',#1278,#1556,#1558,.T.);
#1556 = VERTEX_POINT('',#1557);
#1557 = CARTESIAN_POINT('',(54.,54.,-61.));
#1558 = SURFACE_CURVE('',#1559,(#1563,#1570),.PCURVE_S1.);
#1559 = LINE('',#1560,#1561);
#1560 = CARTESIAN_POINT('',(25.5,54.,-89.5));
#1561 = VECTOR('',#1562,1.);
#1562 = DIRECTION('',(0.707106781187,-0.,0.707106781187));
#1563 = PCURVE('',#792,#1564);
#1564 = DEFINITIONAL_REPRESENTATION('',(#1565),#1569);
#1565 = LINE('',#1566,#1567);
#1566 = CARTESIAN_POINT('',(-108.,-38.18376618407));
#1567 = VECTOR('',#1568,1.);
#1568 = DIRECTION('',(-0.,1.));
#1569 = ( GEOMETRIC_REPRESENTATION_CONTEXT(2) 
PARAMETRIC_REPRESENTATION_CONTEXT() REPRESENTATION_CONTEXT('2D SPACE',''
  ) );
#1570 = PCURVE('',#100,#1571);
#1571 = DEFINITIONAL_REPRESENTATION('',(#1572),#1576);
#1572 = LINE('',#1573,#1574);
#1573 = CARTESIAN_POINT('',(25.5,79.5));
#1574 = VECTOR('',#1575,1.);
#1575 = DIRECTION('',(-0.707106781187,0.707106781187));
#1576 = ( GEOMETRIC_REPRESENTATION_CONTEXT(2) 
PARAMETRIC_REPRESENTATION_CONTEXT() REPRESENTATION_CONTEXT('2D SPACE',''
  ) );
#1577 = ORIENTED_EDGE('',*,*,#1578,.T.);
#1578 = EDGE_CURVE('',#1556,#751,#1579,.T.);
#1579 = SURFACE_CURVE('',#1580,(#1584,#1591),.PCURVE_S1.);
#1580 = LINE('',#1581,#1582);
#1581 = CARTESIAN_POINT('',(54.,54.,-61.));
#1582 = VECTOR('',#1583,1.);
#1583 = DIRECTION('',(0.,-1.,0.));
#1584 = PCURVE('',#792,#1585);
#1585 = DEFINITIONAL_REPRESENTATION('',(#1586),#1590);
#1586 = LINE('',#1587,#1588);
#1587 = CARTESIAN_POINT('',(-108.,2.12132034356));
#1588 = VECTOR('',#1589,1.);
#1589 = DIRECTION('',(1.,-0.));
#1590 = ( GEOMETRIC_REPRESENTATION_CONTEXT(2) 
PARAMETRIC_REPRESENTATION_CONTEXT() REPRESENTATION_CONTEXT('2D SPACE',''
  ) );
#1591 = PCURVE('',#766,#1592);
#1592 = DEFINITIONAL_REPRESENTATION('',(#1593),#1597);
#1593 = LINE('',#1594,#1595);
#1594 = CARTESIAN_POINT('',(3.,-108.));
#1595 = VECTOR('',#1596,1.);
#1596 = DIRECTION('',(0.,1.));
#1597 = ( GEOMETRIC_REPRESENTATION_CONTEXT(2) 
PARAMETRIC_REPRESENTATION_CONTEXT() REPRESENTATION_CONTEXT('2D SPACE',''
  ) );
#1598 = ADVANCED_FACE('',(#1599,#1647,#1772,#1897,#2011),#766,.T.);
#1599 = FACE_BOUND('',#1600,.T.);
#1600 = EDGE_LOOP('',(#1601,#1602,#1603,#1626));
#1601 = ORIENTED_EDGE('',*,*,#750,.F.);
#1602 = ORIENTED_EDGE('',*,*,#1578,.F.);
#1603 = ORIENTED_EDGE('',*,*,#1604,.T.);
#1604 = EDGE_CURVE('',#1556,#1605,#1607,.T.);
#1605 = VERTEX_POINT('',#1606);
#1606 = CARTESIAN_POINT('',(54.,54.,61.));
#1607 = SURFACE_CURVE('',#1608,(#1612,#1619),.PCURVE_S1.);
#1608 = LINE('',#1609,#1610);
#1609 = CARTESIAN_POINT('',(54.,54.,-64.));
#1610 = VECTOR('',#1611,1.);
#1611 = DIRECTION('',(0.,0.,1.));
#1612 = PCURVE('',#766,#1613);
#1613 = DEFINITIONAL_REPRESENTATION('',(#1614),#1618);
#1614 = LINE('',#1615,#1616);
#1615 = CARTESIAN_POINT('',(0.,-108.));
#1616 = VECTOR('',#1617,1.);
#1617 = DIRECTION('',(1.,0.));
#1618 = ( GEOMETRIC_REPRESENTATION_CONTEXT(2) 
PARAMETRIC_REPRESENTATION_CONTEXT() REPRESENTATION_CONTEXT('2D SPACE',''
  ) );
#1619 = PCURVE('',#100,#1620);
#1620 = DEFINITIONAL_REPRESENTATION('',(#1621),#1625);
#1621 = LINE('',#1622,#1623);
#1622 = CARTESIAN_POINT('',(-0.,108.));
#1623 = VECTOR('',#1624,1.);
#1624 = DIRECTION('',(-1.,0.));
#1625 = ( GEOMETRIC_REPRESENTATION_CONTEXT(2) 
PARAMETRIC_REPRESENTATION_CONTEXT() REPRESENTATION_CONTEXT('2D SPACE',''
  ) );
#1626 = ORIENTED_EDGE('',*,*,#1627,.T.);
#1627 = EDGE_CURVE('',#1605,#723,#1628,.T.);
#1628 = SURFACE_CURVE('',#1629,(#1633,#1640),.PCURVE_S1.);
#1629 = LINE('',#1630,#1631);
#1630 = CARTESIAN_POINT('',(54.,54.,61.));
#1631 = VECTOR('',#1632,1.);
#1632 = DIRECTION('',(0.,-1.,0.));
#1633 = PCURVE('',#766,#1634);
#1634 = DEFINITIONAL_REPRESENTATION('',(#1635),#1639);
#1635 = LINE('',#1636,#1637);
#1636 = CARTESIAN_POINT('',(125.,-108.));
#1637 = VECTOR('',#1638,1.);
#1638 = DIRECTION('',(0.,1.));
#1639 = ( GEOMETRIC_REPRESENTATION_CONTEXT(2) 
PARAMETRIC_REPRESENTATION_CONTEXT() REPRESENTATION_CONTEXT('2D SPACE',''
  ) );
#1640 = PCURVE('',#738,#1641);
#1641 = DEFINITIONAL_REPRESENTATION('',(#1642),#1646);
#1642 = LINE('',#1643,#1644);
#1643 = CARTESIAN_POINT('',(-108.,2.12132034356));
#1644 = VECTOR('',#1645,1.);
#1645 = DIRECTION('',(1.,-0.));
#1646 = ( GEOMETRIC_REPRESENTATION_CONTEXT(2) 
PARAMETRIC_REPRESENTATION_CONTEXT() REPRESENTATION_CONTEXT('2D SPACE',''
  ) );
#1647 = FACE_BOUND('',#1648,.T.);
#1648 = EDGE_LOOP('',(#1649,#1679));
#1649 = ORIENTED_EDGE('',*,*,#1650,.T.);
#1650 = EDGE_CURVE('',#1651,#1653,#1655,.T.);
#1651 = VERTEX_POINT('',#1652);
#1652 = CARTESIAN_POINT('',(54.,-2.449293598295E-16,-25.65685424949));
#1653 = VERTEX_POINT('',#1654);
#1654 = CARTESIAN_POINT('',(54.,-2.449293598295E-16,-14.3431457505));
#1655 = SURFACE_CURVE('',#1656,(#1660,#1667),.PCURVE_S1.);
#1656 = LINE('',#1657,#1658);
#1657 = CARTESIAN_POINT('',(54.,0.,-64.));
#1658 = VECTOR('',#1659,1.);
#1659 = DIRECTION('',(0.,0.,1.));
#1660 = PCURVE('',#766,#1661);
#1661 = DEFINITIONAL_REPRESENTATION('',(#1662),#1666);
#1662 = LINE('',#1663,#1664);
#1663 = CARTESIAN_POINT('',(0.,-54.));
#1664 = VECTOR('',#1665,1.);
#1665 = DIRECTION('',(1.,0.));
#1666 = ( GEOMETRIC_REPRESENTATION_CONTEXT(2) 
PARAMETRIC_REPRESENTATION_CONTEXT() REPRESENTATION_CONTEXT('2D SPACE',''
  ) );
#1667 = PCURVE('',#1668,#1673);
#1668 = PLANE('',#1669);
#1669 = AXIS2_PLACEMENT_3D('',#1670,#1671,#1672);
#1670 = CARTESIAN_POINT('',(-8.,0.,-80.));
#1671 = DIRECTION('',(0.,1.,0.));
#1672 = DIRECTION('',(0.,0.,1.));
#1673 = DEFINITIONAL_REPRESENTATION('',(#1674),#1678);
#1674 = LINE('',#1675,#1676);
#1675 = CARTESIAN_POINT('',(16.,62.));
#1676 = VECTOR('',#1677,1.);
#1677 = DIRECTION('',(1.,0.));
#1678 = ( GEOMETRIC_REPRESENTATION_CONTEXT(2) 
PARAMETRIC_REPRESENTATION_CONTEXT() REPRESENTATION_CONTEXT('2D SPACE',''
  ) );
#1679 = ORIENTED_EDGE('',*,*,#1680,.T.);
#1680 = EDGE_CURVE('',#1653,#1651,#1681,.T.);
#1681 = SURFACE_CURVE('',#1682,(#1687,#1698),.PCURVE_S1.);
#1682 = CIRCLE('',#1683,5.656854249492);
#1683 = AXIS2_PLACEMENT_3D('',#1684,#1685,#1686);
#1684 = CARTESIAN_POINT('',(54.,0.,-20.));
#1685 = DIRECTION('',(-1.,-0.,0.));
#1686 = DIRECTION('',(-0.,0.,-1.));
#1687 = PCURVE('',#766,#1688);
#1688 = DEFINITIONAL_REPRESENTATION('',(#1689),#1697);
#1689 = ( BOUNDED_CURVE() B_SPLINE_CURVE(2,(#1690,#1691,#1692,#1693,
#1694,#1695,#1696),.UNSPECIFIED.,.T.,.F.) B_SPLINE_CURVE_WITH_KNOTS((1,2
    ,2,2,2,1),(-2.094395102393,0.,2.094395102393,4.188790204786,
6.28318530718,8.377580409573),.UNSPECIFIED.) CURVE() 
GEOMETRIC_REPRESENTATION_ITEM() RATIONAL_B_SPLINE_CURVE((1.,0.5,1.,0.5,
1.,0.5,1.)) REPRESENTATION_ITEM('') );
#1690 = CARTESIAN_POINT('',(38.343145750508,-54.));
#1691 = CARTESIAN_POINT('',(38.343145750508,-44.20204102886));
#1692 = CARTESIAN_POINT('',(46.828427124746,-49.10102051443));
#1693 = CARTESIAN_POINT('',(55.313708498985,-54.));
#1694 = CARTESIAN_POINT('',(46.828427124746,-58.89897948556));
#1695 = CARTESIAN_POINT('',(38.343145750508,-63.79795897113));
#1696 = CARTESIAN_POINT('',(38.343145750508,-54.));
#1697 = ( GEOMETRIC_REPRESENTATION_CONTEXT(2) 
PARAMETRIC_REPRESENTATION_CONTEXT() REPRESENTATION_CONTEXT('2D SPACE',''
  ) );
#1698 = PCURVE('',#1699,#1704);
#1699 = SPHERICAL_SURFACE('',#1700,6.);
#1700 = AXIS2_PLACEMENT_3D('',#1701,#1702,#1703);
#1701 = CARTESIAN_POINT('',(52.,0.,-20.));
#1702 = DIRECTION('',(0.,0.,1.));
#1703 = DIRECTION('',(1.,0.,0.));
#1704 = DEFINITIONAL_REPRESENTATION('',(#1705),#1771);
#1705 = B_SPLINE_CURVE_WITH_KNOTS('',8,(#1706,#1707,#1708,#1709,#1710,
    #1711,#1712,#1713,#1714,#1715,#1716,#1717,#1718,#1719,#1720,#1721,
    #1722,#1723,#1724,#1725,#1726,#1727,#1728,#1729,#1730,#1731,#1732,
    #1733,#1734,#1735,#1736,#1737,#1738,#1739,#1740,#1741,#1742,#1743,
    #1744,#1745,#1746,#1747,#1748,#1749,#1750,#1751,#1752,#1753,#1754,
    #1755,#1756,#1757,#1758,#1759,#1760,#1761,#1762,#1763,#1764,#1765,
    #1766,#1767,#1768,#1769,#1770),.UNSPECIFIED.,.F.,.F.,(9,7,7,7,7,7,7,
    7,7,9),(3.14159265359,3.337942194439,3.522019888985,3.86716556626,
    4.47117050149,4.924174202912,5.603679755046,5.943432531113,
    6.113308919146,6.28318530718),.UNSPECIFIED.);
#1706 = CARTESIAN_POINT('',(0.,1.230959417341));
#1707 = CARTESIAN_POINT('',(6.942004590872E-02,1.230959417341));
#1708 = CARTESIAN_POINT('',(0.138839991022,1.229012175001));
#1709 = CARTESIAN_POINT('',(0.207177406497,1.225117826818));
#1710 = CARTESIAN_POINT('',(0.27334569874,1.219338317826));
#1711 = CARTESIAN_POINT('',(0.33647721121,1.211800627595));
#1712 = CARTESIAN_POINT('',(0.396108096376,1.202662660575));
#1713 = CARTESIAN_POINT('',(0.452029141667,1.192086758088));
#1714 = CARTESIAN_POINT('',(0.553155064896,1.169112404039));
#1715 = CARTESIAN_POINT('',(0.598811196603,1.156869057217));
#1716 = CARTESIAN_POINT('',(0.641176033694,1.143628066376));
#1717 = CARTESIAN_POINT('',(0.680379856922,1.129511876993));
#1718 = CARTESIAN_POINT('',(0.716627136627,1.114630306486));
#1719 = CARTESIAN_POINT('',(0.750146919723,1.099077929183));
#1720 = CARTESIAN_POINT('',(0.781165222838,1.082934839941));
#1721 = CARTESIAN_POINT('',(0.863776073042,1.03502571477));
#1722 = CARTESIAN_POINT('',(0.909622144905,1.001948786041));
#1723 = CARTESIAN_POINT('',(0.948867590839,0.96749696287));
#1724 = CARTESIAN_POINT('',(0.982800985316,0.931982841622));
#1725 = CARTESIAN_POINT('',(1.012346120324,0.89562231231));
#1726 = CARTESIAN_POINT('',(1.038244514864,0.858577433277));
#1727 = CARTESIAN_POINT('',(1.061060994692,0.820969618087));
#1728 = CARTESIAN_POINT('',(1.116571951131,0.716261129219));
#1729 = CARTESIAN_POINT('',(1.143840279319,0.648195202606));
#1730 = CARTESIAN_POINT('',(1.165464263135,0.579203714451));
#1731 = CARTESIAN_POINT('',(1.182737658629,0.509541958333));
#1732 = CARTESIAN_POINT('',(1.196516078501,0.439394109485));
#1733 = CARTESIAN_POINT('',(1.207360166214,0.368885579051));
#1734 = CARTESIAN_POINT('',(1.215649416506,0.298117350832));
#1735 = CARTESIAN_POINT('',(1.226098785401,0.173964420099));
#1736 = CARTESIAN_POINT('',(1.229273145458,0.120656896141));
#1737 = CARTESIAN_POINT('',(1.231243403167,6.728542435823E-02));
#1738 = CARTESIAN_POINT('',(1.232065135135,1.388046831352E-02));
#1739 = CARTESIAN_POINT('',(1.231759178679,-3.952994879399E-02));
#1740 = CARTESIAN_POINT('',(1.230315195985,-9.291803968048E-02));
#1741 = CARTESIAN_POINT('',(1.227689279769,-0.146254117409));
#1742 = CARTESIAN_POINT('',(1.217955081467,-0.279380145641));
#1743 = CARTESIAN_POINT('',(1.209262034619,-0.359062850818));
#1744 = CARTESIAN_POINT('',(1.197427205825,-0.438439536449));
#1745 = CARTESIAN_POINT('',(1.181944788528,-0.517370597353));
#1746 = CARTESIAN_POINT('',(1.162038693443,-0.595686553226));
#1747 = CARTESIAN_POINT('',(1.136456165766,-0.673112359878));
#1748 = CARTESIAN_POINT('',(1.103249808378,-0.749277257943));
#1749 = CARTESIAN_POINT('',(1.035851907146,-0.860316776901));
#1750 = CARTESIAN_POINT('',(1.010454702044,-0.89679530437));
#1751 = CARTESIAN_POINT('',(0.981612392207,-0.932629109278));
#1752 = CARTESIAN_POINT('',(0.948683441261,-0.967677111718));
#1753 = CARTESIAN_POINT('',(0.91082857206,-1.001749232455));
#1754 = CARTESIAN_POINT('',(0.867016019345,-1.03459383048));
#1755 = CARTESIAN_POINT('',(0.815822204554,-1.065841899292));
#1756 = CARTESIAN_POINT('',(0.725864825936,-1.109536733143));
#1757 = CARTESIAN_POINT('',(0.693684698572,-1.123572141085));
#1758 = CARTESIAN_POINT('',(0.659135368307,-1.137012847958));
#1759 = CARTESIAN_POINT('',(0.622045837135,-1.14978424171));
#1760 = CARTESIAN_POINT('',(0.582258070714,-1.161801491116));
#1761 = CARTESIAN_POINT('',(0.539657435829,-1.172969265641));
#1762 = CARTESIAN_POINT('',(0.494215467355,-1.18318452467));
#1763 = CARTESIAN_POINT('',(0.397856432865,-1.201505383467));
#1764 = CARTESIAN_POINT('',(0.346939308735,-1.209610985652));
#1765 = CARTESIAN_POINT('',(0.293387488196,-1.216559395605));
#1766 = CARTESIAN_POINT('',(0.237435133012,-1.222249085792));
#1767 = CARTESIAN_POINT('',(0.179479674357,-1.226586802329));
#1768 = CARTESIAN_POINT('',(0.120120727029,-1.229501863977));
#1769 = CARTESIAN_POINT('',(6.006037297096E-02,-1.230959417341));
#1770 = CARTESIAN_POINT('',(6.927648449884E-16,-1.230959417341));
#1771 = ( GEOMETRIC_REPRESENTATION_CONTEXT(2) 
PARAMETRIC_REPRESENTATION_CONTEXT() REPRESENTATION_CONTEXT('2D SPACE',''
  ) );
#1772 = FACE_BOUND('',#1773,.T.);
#1773 = EDGE_LOOP('',(#1774,#1804));
#1774 = ORIENTED_EDGE('',*,*,#1775,.T.);
#1775 = EDGE_CURVE('',#1776,#1778,#1780,.T.);
#1776 = VERTEX_POINT('',#1777);
#1777 = CARTESIAN_POINT('',(54.,-2.449293598295E-16,14.343145750508));
#1778 = VERTEX_POINT('',#1779);
#1779 = CARTESIAN_POINT('',(54.,-2.449293598295E-16,25.656854249492));
#1780 = SURFACE_CURVE('',#1781,(#1785,#1792),.PCURVE_S1.);
#1781 = LINE('',#1782,#1783);
#1782 = CARTESIAN_POINT('',(54.,0.,-64.));
#1783 = VECTOR('',#1784,1.);
#1784 = DIRECTION('',(0.,0.,1.));
#1785 = PCURVE('',#766,#1786);
#1786 = DEFINITIONAL_REPRESENTATION('',(#1787),#1791);
#1787 = LINE('',#1788,#1789);
#1788 = CARTESIAN_POINT('',(0.,-54.));
#1789 = VECTOR('',#1790,1.);
#1790 = DIRECTION('',(1.,0.));
#1791 = ( GEOMETRIC_REPRESENTATION_CONTEXT(2) 
PARAMETRIC_REPRESENTATION_CONTEXT() REPRESENTATION_CONTEXT('2D SPACE',''
  ) );
#1792 = PCURVE('',#1793,#1798);
#1793 = PLANE('',#1794);
#1794 = AXIS2_PLACEMENT_3D('',#1795,#1796,#1797);
#1795 = CARTESIAN_POINT('',(-8.,0.,-40.));
#1796 = DIRECTION('',(0.,1.,0.));
#1797 = DIRECTION('',(0.,0.,1.));
#1798 = DEFINITIONAL_REPRESENTATION('',(#1799),#1803);
#1799 = LINE('',#1800,#1801);
#1800 = CARTESIAN_POINT('',(-24.,62.));
#1801 = VECTOR('',#1802,1.);
#1802 = DIRECTION('',(1.,0.));
#1803 = ( GEOMETRIC_REPRESENTATION_CONTEXT(2) 
PARAMETRIC_REPRESENTATION_CONTEXT() REPRESENTATION_CONTEXT('2D SPACE',''
  ) );
#1804 = ORIENTED_EDGE('',*,*,#1805,.T.);
#1805 = EDGE_CURVE('',#1778,#1776,#1806,.T.);
#1806 = SURFACE_CURVE('',#1807,(#1812,#1823),.PCURVE_S1.);
#1807 = CIRCLE('',#1808,5.656854249492);
#1808 = AXIS2_PLACEMENT_3D('',#1809,#1810,#1811);
#1809 = CARTESIAN_POINT('',(54.,0.,20.));
#1810 = DIRECTION('',(-1.,-0.,0.));
#1811 = DIRECTION('',(-0.,0.,-1.));
#1812 = PCURVE('',#766,#1813);
#1813 = DEFINITIONAL_REPRESENTATION('',(#1814),#1822);
#1814 = ( BOUNDED_CURVE() B_SPLINE_CURVE(2,(#1815,#1816,#1817,#1818,
#1819,#1820,#1821),.UNSPECIFIED.,.T.,.F.) B_SPLINE_CURVE_WITH_KNOTS((1,2
    ,2,2,2,1),(-2.094395102393,0.,2.094395102393,4.188790204786,
6.28318530718,8.377580409573),.UNSPECIFIED.) CURVE() 
GEOMETRIC_REPRESENTATION_ITEM() RATIONAL_B_SPLINE_CURVE((1.,0.5,1.,0.5,
1.,0.5,1.)) REPRESENTATION_ITEM('') );
#1815 = CARTESIAN_POINT('',(78.343145750508,-54.));
#1816 = CARTESIAN_POINT('',(78.343145750508,-44.20204102886));
#1817 = CARTESIAN_POINT('',(86.828427124746,-49.10102051443));
#1818 = CARTESIAN_POINT('',(95.313708498985,-54.));
#1819 = CARTESIAN_POINT('',(86.828427124746,-58.89897948556));
#1820 = CARTESIAN_POINT('',(78.343145750508,-63.79795897113));
#1821 = CARTESIAN_POINT('',(78.343145750508,-54.));
#1822 = ( GEOMETRIC_REPRESENTATION_CONTEXT(2) 
PARAMETRIC_REPRESENTATION_CONTEXT() REPRESENTATION_CONTEXT('2D SPACE',''
  ) );
#1823 = PCURVE('',#1824,#1829);
#1824 = SPHERICAL_SURFACE('',#1825,6.);
#1825 = AXIS2_PLACEMENT_3D('',#1826,#1827,#1828);
#1826 = CARTESIAN_POINT('',(52.,0.,20.));
#1827 = DIRECTION('',(0.,0.,1.));
#1828 = DIRECTION('',(1.,0.,0.));
#1829 = DEFINITIONAL_REPRESENTATION('',(#1830),#1896);
#1830 = B_SPLINE_CURVE_WITH_KNOTS('',8,(#1831,#1832,#1833,#1834,#1835,
    #1836,#1837,#1838,#1839,#1840,#1841,#1842,#1843,#1844,#1845,#1846,
    #1847,#1848,#1849,#1850,#1851,#1852,#1853,#1854,#1855,#1856,#1857,
    #1858,#1859,#1860,#1861,#1862,#1863,#1864,#1865,#1866,#1867,#1868,
    #1869,#1870,#1871,#1872,#1873,#1874,#1875,#1876,#1877,#1878,#1879,
    #1880,#1881,#1882,#1883,#1884,#1885,#1886,#1887,#1888,#1889,#1890,
    #1891,#1892,#1893,#1894,#1895),.UNSPECIFIED.,.F.,.F.,(9,7,7,7,7,7,7,
    7,7,9),(3.14159265359,3.337942194439,3.522019888985,3.86716556626,
    4.47117050149,4.924174202912,5.603679755046,5.943432531113,
    6.113308919146,6.28318530718),.UNSPECIFIED.);
#1831 = CARTESIAN_POINT('',(0.,1.230959417341));
#1832 = CARTESIAN_POINT('',(6.942004590872E-02,1.230959417341));
#1833 = CARTESIAN_POINT('',(0.138839991022,1.229012175001));
#1834 = CARTESIAN_POINT('',(0.207177406497,1.225117826818));
#1835 = CARTESIAN_POINT('',(0.27334569874,1.219338317826));
#1836 = CARTESIAN_POINT('',(0.33647721121,1.211800627595));
#1837 = CARTESIAN_POINT('',(0.396108096376,1.202662660575));
#1838 = CARTESIAN_POINT('',(0.452029141667,1.192086758088));
#1839 = CARTESIAN_POINT('',(0.553155064896,1.169112404039));
#1840 = CARTESIAN_POINT('',(0.598811196603,1.156869057217));
#1841 = CARTESIAN_POINT('',(0.641176033694,1.143628066376));
#1842 = CARTESIAN_POINT('',(0.680379856922,1.129511876993));
#1843 = CARTESIAN_POINT('',(0.716627136627,1.114630306486));
#1844 = CARTESIAN_POINT('',(0.750146919723,1.099077929183));
#1845 = CARTESIAN_POINT('',(0.781165222838,1.082934839941));
#1846 = CARTESIAN_POINT('',(0.863776073042,1.03502571477));
#1847 = CARTESIAN_POINT('',(0.909622144905,1.00194878604));
#1848 = CARTESIAN_POINT('',(0.948867590839,0.96749696287));
#1849 = CARTESIAN_POINT('',(0.982800985316,0.931982841618));
#1850 = CARTESIAN_POINT('',(1.012346120324,0.895622312314));
#1851 = CARTESIAN_POINT('',(1.038244514864,0.858577433277));
#1852 = CARTESIAN_POINT('',(1.061060994692,0.820969618087));
#1853 = CARTESIAN_POINT('',(1.116571951131,0.716261129219));
#1854 = CARTESIAN_POINT('',(1.143840279319,0.648195202606));
#1855 = CARTESIAN_POINT('',(1.165464263135,0.579203714451));
#1856 = CARTESIAN_POINT('',(1.182737658629,0.509541958333));
#1857 = CARTESIAN_POINT('',(1.196516078501,0.439394109485));
#1858 = CARTESIAN_POINT('',(1.207360166214,0.368885579051));
#1859 = CARTESIAN_POINT('',(1.215649416506,0.298117350832));
#1860 = CARTESIAN_POINT('',(1.226098785401,0.173964420099));
#1861 = CARTESIAN_POINT('',(1.229273145458,0.120656896141));
#1862 = CARTESIAN_POINT('',(1.231243403167,6.728542435823E-02));
#1863 = CARTESIAN_POINT('',(1.232065135135,1.388046831352E-02));
#1864 = CARTESIAN_POINT('',(1.231759178679,-3.952994879399E-02));
#1865 = CARTESIAN_POINT('',(1.230315195985,-9.291803968048E-02));
#1866 = CARTESIAN_POINT('',(1.227689279769,-0.146254117409));
#1867 = CARTESIAN_POINT('',(1.217955081467,-0.279380145641));
#1868 = CARTESIAN_POINT('',(1.209262034619,-0.359062850818));
#1869 = CARTESIAN_POINT('',(1.197427205825,-0.438439536449));
#1870 = CARTESIAN_POINT('',(1.181944788528,-0.517370597353));
#1871 = CARTESIAN_POINT('',(1.162038693443,-0.595686553226));
#1872 = CARTESIAN_POINT('',(1.136456165766,-0.673112359878));
#1873 = CARTESIAN_POINT('',(1.103249808378,-0.749277257943));
#1874 = CARTESIAN_POINT('',(1.035851907146,-0.860316776901));
#1875 = CARTESIAN_POINT('',(1.010454702044,-0.89679530437));
#1876 = CARTESIAN_POINT('',(0.981612392207,-0.932629109278));
#1877 = CARTESIAN_POINT('',(0.948683441261,-0.967677111717));
#1878 = CARTESIAN_POINT('',(0.91082857206,-1.001749232456));
#1879 = CARTESIAN_POINT('',(0.867016019345,-1.03459383048));
#1880 = CARTESIAN_POINT('',(0.815822204554,-1.065841899292));
#1881 = CARTESIAN_POINT('',(0.725864825936,-1.109536733143));
#1882 = CARTESIAN_POINT('',(0.693684698572,-1.123572141085));
#1883 = CARTESIAN_POINT('',(0.659135368307,-1.137012847958));
#1884 = CARTESIAN_POINT('',(0.622045837135,-1.14978424171));
#1885 = CARTESIAN_POINT('',(0.582258070714,-1.161801491116));
#1886 = CARTESIAN_POINT('',(0.539657435829,-1.172969265641));
#1887 = CARTESIAN_POINT('',(0.494215467355,-1.18318452467));
#1888 = CARTESIAN_POINT('',(0.397856432865,-1.201505383467));
#1889 = CARTESIAN_POINT('',(0.346939308735,-1.209610985652));
#1890 = CARTESIAN_POINT('',(0.293387488196,-1.216559395605));
#1891 = CARTESIAN_POINT('',(0.237435133012,-1.222249085792));
#1892 = CARTESIAN_POINT('',(0.179479674357,-1.226586802329));
#1893 = CARTESIAN_POINT('',(0.120120727029,-1.229501863977));
#1894 = CARTESIAN_POINT('',(6.006037297096E-02,-1.230959417341));
#1895 = CARTESIAN_POINT('',(6.927648449884E-16,-1.230959417341));
#1896 = ( GEOMETRIC_REPRESENTATION_CONTEXT(2) 
PARAMETRIC_REPRESENTATION_CONTEXT() REPRESENTATION_CONTEXT('2D SPACE',''
  ) );
#1897 = FACE_BOUND('',#1898,.T.);
#1898 = EDGE_LOOP('',(#1899,#1929,#1957,#1985));
#1899 = ORIENTED_EDGE('',*,*,#1900,.T.);
#1900 = EDGE_CURVE('',#1901,#1903,#1905,.T.);
#1901 = VERTEX_POINT('',#1902);
#1902 = CARTESIAN_POINT('',(54.,-34.5,-5.));
#1903 = VERTEX_POINT('',#1904);
#1904 = CARTESIAN_POINT('',(54.,-34.5,5.));
#1905 = SURFACE_CURVE('',#1906,(#1910,#1917),.PCURVE_S1.);
#1906 = LINE('',#1907,#1908);
#1907 = CARTESIAN_POINT('',(54.,-34.5,-5.));
#1908 = VECTOR('',#1909,1.);
#1909 = DIRECTION('',(0.,0.,1.));
#1910 = PCURVE('',#766,#1911);
#1911 = DEFINITIONAL_REPRESENTATION('',(#1912),#1916);
#1912 = LINE('',#1913,#1914);
#1913 = CARTESIAN_POINT('',(59.,-19.5));
#1914 = VECTOR('',#1915,1.);
#1915 = DIRECTION('',(1.,0.));
#1916 = ( GEOMETRIC_REPRESENTATION_CONTEXT(2) 
PARAMETRIC_REPRESENTATION_CONTEXT() REPRESENTATION_CONTEXT('2D SPACE',''
  ) );
#1917 = PCURVE('',#1918,#1923);
#1918 = PLANE('',#1919);
#1919 = AXIS2_PLACEMENT_3D('',#1920,#1921,#1922);
#1920 = CARTESIAN_POINT('',(54.,-34.5,-5.));
#1921 = DIRECTION('',(0.,1.,0.));
#1922 = DIRECTION('',(0.,0.,1.));
#1923 = DEFINITIONAL_REPRESENTATION('',(#1924),#1928);
#1924 = LINE('',#1925,#1926);
#1925 = CARTESIAN_POINT('',(0.,0.));
#1926 = VECTOR('',#1927,1.);
#1927 = DIRECTION('',(1.,0.));
#1928 = ( GEOMETRIC_REPRESENTATION_CONTEXT(2) 
PARAMETRIC_REPRESENTATION_CONTEXT() REPRESENTATION_CONTEXT('2D SPACE',''
  ) );
#1929 = ORIENTED_EDGE('',*,*,#1930,.T.);
#1930 = EDGE_CURVE('',#1903,#1931,#1933,.T.);
#1931 = VERTEX_POINT('',#1932);
#1932 = CARTESIAN_POINT('',(54.,-19.5,5.));
#1933 = SURFACE_CURVE('',#1934,(#1938,#1945),.PCURVE_S1.);
#1934 = LINE('',#1935,#1936);
#1935 = CARTESIAN_POINT('',(54.,-34.5,5.));
#1936 = VECTOR('',#1937,1.);
#1937 = DIRECTION('',(0.,1.,0.));
#1938 = PCURVE('',#766,#1939);
#1939 = DEFINITIONAL_REPRESENTATION('',(#1940),#1944);
#1940 = LINE('',#1941,#1942);
#1941 = CARTESIAN_POINT('',(69.,-19.5));
#1942 = VECTOR('',#1943,1.);
#1943 = DIRECTION('',(0.,-1.));
#1944 = ( GEOMETRIC_REPRESENTATION_CONTEXT(2) 
PARAMETRIC_REPRESENTATION_CONTEXT() REPRESENTATION_CONTEXT('2D SPACE',''
  ) );
#1945 = PCURVE('',#1946,#1951);
#1946 = PLANE('',#1947);
#1947 = AXIS2_PLACEMENT_3D('',#1948,#1949,#1950);
#1948 = CARTESIAN_POINT('',(54.,-34.5,5.));
#1949 = DIRECTION('',(0.,0.,1.));
#1950 = DIRECTION('',(1.,0.,0.));
#1951 = DEFINITIONAL_REPRESENTATION('',(#1952),#1956);
#1952 = LINE('',#1953,#1954);
#1953 = CARTESIAN_POINT('',(0.,0.));
#1954 = VECTOR('',#1955,1.);
#1955 = DIRECTION('',(0.,1.));
#1956 = ( GEOMETRIC_REPRESENTATION_CONTEXT(2) 
PARAMETRIC_REPRESENTATION_CONTEXT() REPRESENTATION_CONTEXT('2D SPACE',''
  ) );
#1957 = ORIENTED_EDGE('',*,*,#1958,.F.);
#1958 = EDGE_CURVE('',#1959,#1931,#1961,.T.);
#1959 = VERTEX_POINT('',#1960);
#1960 = CARTESIAN_POINT('',(54.,-19.5,-5.));
#1961 = SURFACE_CURVE('',#1962,(#1966,#1973),.PCURVE_S1.);
#1962 = LINE('',#1963,#1964);
#1963 = CARTESIAN_POINT('',(54.,-19.5,-5.));
#1964 = VECTOR('',#1965,1.);
#1965 = DIRECTION('',(0.,0.,1.));
#1966 = PCURVE('',#766,#1967);
#1967 = DEFINITIONAL_REPRESENTATION('',(#1968),#1972);
#1968 = LINE('',#1969,#1970);
#1969 = CARTESIAN_POINT('',(59.,-34.5));
#1970 = VECTOR('',#1971,1.);
#1971 = DIRECTION('',(1.,0.));
#1972 = ( GEOMETRIC_REPRESENTATION_CONTEXT(2) 
PARAMETRIC_REPRESENTATION_CONTEXT() REPRESENTATION_CONTEXT('2D SPACE',''
  ) );
#1973 = PCURVE('',#1974,#1979);
#1974 = PLANE('',#1975);
#1975 = AXIS2_PLACEMENT_3D('',#1976,#1977,#1978);
#1976 = CARTESIAN_POINT('',(54.,-19.5,-5.));
#1977 = DIRECTION('',(0.,1.,0.));
#1978 = DIRECTION('',(0.,0.,1.));
#1979 = DEFINITIONAL_REPRESENTATION('',(#1980),#1984);
#1980 = LINE('',#1981,#1982);
#1981 = CARTESIAN_POINT('',(0.,0.));
#1982 = VECTOR('',#1983,1.);
#1983 = DIRECTION('',(1.,0.));
#1984 = ( GEOMETRIC_REPRESENTATION_CONTEXT(2) 
PARAMETRIC_REPRESENTATION_CONTEXT() REPRESENTATION_CONTEXT('2D SPACE',''
  ) );
#1985 = ORIENTED_EDGE('',*,*,#1986,.F.);
#1986 = EDGE_CURVE('',#1901,#1959,#1987,.T.);
#1987 = SURFACE_CURVE('',#1988,(#1992,#1999),.PCURVE_S1.);
#1988 = LINE('',#1989,#1990);
#1989 = CARTESIAN_POINT('',(54.,-34.5,-5.));
#1990 = VECTOR('',#1991,1.);
#1991 = DIRECTION('',(0.,1.,0.));
#1992 = PCURVE('',#766,#1993);
#1993 = DEFINITIONAL_REPRESENTATION('',(#1994),#1998);
#1994 = LINE('',#1995,#1996);
#1995 = CARTESIAN_POINT('',(59.,-19.5));
#1996 = VECTOR('',#1997,1.);
#1997 = DIRECTION('',(0.,-1.));
#1998 = ( GEOMETRIC_REPRESENTATION_CONTEXT(2) 
PARAMETRIC_REPRESENTATION_CONTEXT() REPRESENTATION_CONTEXT('2D SPACE',''
  ) );
#1999 = PCURVE('',#2000,#2005);
#2000 = PLANE('',#2001);
#2001 = AXIS2_PLACEMENT_3D('',#2002,#2003,#2004);
#2002 = CARTESIAN_POINT('',(54.,-34.5,-5.));
#2003 = DIRECTION('',(0.,0.,1.));
#2004 = DIRECTION('',(1.,0.,0.));
#2005 = DEFINITIONAL_REPRESENTATION('',(#2006),#2010);
#2006 = LINE('',#2007,#2008);
#2007 = CARTESIAN_POINT('',(0.,0.));
#2008 = VECTOR('',#2009,1.);
#2009 = DIRECTION('',(0.,1.));
#2010 = ( GEOMETRIC_REPRESENTATION_CONTEXT(2) 
PARAMETRIC_REPRESENTATION_CONTEXT() REPRESENTATION_CONTEXT('2D SPACE',''
  ) );
#2011 = FACE_BOUND('',#2012,.T.);
#2012 = EDGE_LOOP('',(#2013,#2043,#2071,#2099));
#2013 = ORIENTED_EDGE('',*,*,#2014,.F.);
#2014 = EDGE_CURVE('',#2015,#2017,#2019,.T.);
#2015 = VERTEX_POINT('',#2016);
#2016 = CARTESIAN_POINT('',(54.,34.5,5.));
#2017 = VERTEX_POINT('',#2018);
#2018 = CARTESIAN_POINT('',(54.,19.5,5.));
#2019 = SURFACE_CURVE('',#2020,(#2024,#2031),.PCURVE_S1.);
#2020 = LINE('',#2021,#2022);
#2021 = CARTESIAN_POINT('',(54.,34.5,5.));
#2022 = VECTOR('',#2023,1.);
#2023 = DIRECTION('',(0.,-1.,0.));
#2024 = PCURVE('',#766,#2025);
#2025 = DEFINITIONAL_REPRESENTATION('',(#2026),#2030);
#2026 = LINE('',#2027,#2028);
#2027 = CARTESIAN_POINT('',(69.,-88.5));
#2028 = VECTOR('',#2029,1.);
#2029 = DIRECTION('',(0.,1.));
#2030 = ( GEOMETRIC_REPRESENTATION_CONTEXT(2) 
PARAMETRIC_REPRESENTATION_CONTEXT() REPRESENTATION_CONTEXT('2D SPACE',''
  ) );
#2031 = PCURVE('',#2032,#2037);
#2032 = PLANE('',#2033);
#2033 = AXIS2_PLACEMENT_3D('',#2034,#2035,#2036);
#2034 = CARTESIAN_POINT('',(54.,34.5,5.));
#2035 = DIRECTION('',(0.,0.,1.));
#2036 = DIRECTION('',(-1.,0.,0.));
#2037 = DEFINITIONAL_REPRESENTATION('',(#2038),#2042);
#2038 = LINE('',#2039,#2040);
#2039 = CARTESIAN_POINT('',(-0.,-0.));
#2040 = VECTOR('',#2041,1.);
#2041 = DIRECTION('',(-0.,1.));
#2042 = ( GEOMETRIC_REPRESENTATION_CONTEXT(2) 
PARAMETRIC_REPRESENTATION_CONTEXT() REPRESENTATION_CONTEXT('2D SPACE',''
  ) );
#2043 = ORIENTED_EDGE('',*,*,#2044,.F.);
#2044 = EDGE_CURVE('',#2045,#2015,#2047,.T.);
#2045 = VERTEX_POINT('',#2046);
#2046 = CARTESIAN_POINT('',(54.,34.5,-5.));
#2047 = SURFACE_CURVE('',#2048,(#2052,#2059),.PCURVE_S1.);
#2048 = LINE('',#2049,#2050);
#2049 = CARTESIAN_POINT('',(54.,34.5,-5.));
#2050 = VECTOR('',#2051,1.);
#2051 = DIRECTION('',(0.,0.,1.));
#2052 = PCURVE('',#766,#2053);
#2053 = DEFINITIONAL_REPRESENTATION('',(#2054),#2058);
#2054 = LINE('',#2055,#2056);
#2055 = CARTESIAN_POINT('',(59.,-88.5));
#2056 = VECTOR('',#2057,1.);
#2057 = DIRECTION('',(1.,0.));
#2058 = ( GEOMETRIC_REPRESENTATION_CONTEXT(2) 
PARAMETRIC_REPRESENTATION_CONTEXT() REPRESENTATION_CONTEXT('2D SPACE',''
  ) );
#2059 = PCURVE('',#2060,#2065);
#2060 = PLANE('',#2061);
#2061 = AXIS2_PLACEMENT_3D('',#2062,#2063,#2064);
#2062 = CARTESIAN_POINT('',(54.,34.5,-5.));
#2063 = DIRECTION('',(0.,-1.,0.));
#2064 = DIRECTION('',(0.,0.,-1.));
#2065 = DEFINITIONAL_REPRESENTATION('',(#2066),#2070);
#2066 = LINE('',#2067,#2068);
#2067 = CARTESIAN_POINT('',(-0.,0.));
#2068 = VECTOR('',#2069,1.);
#2069 = DIRECTION('',(-1.,0.));
#2070 = ( GEOMETRIC_REPRESENTATION_CONTEXT(2) 
PARAMETRIC_REPRESENTATION_CONTEXT() REPRESENTATION_CONTEXT('2D SPACE',''
  ) );
#2071 = ORIENTED_EDGE('',*,*,#2072,.T.);
#2072 = EDGE_CURVE('',#2045,#2073,#2075,.T.);
#2073 = VERTEX_POINT('',#2074);
#2074 = CARTESIAN_POINT('',(54.,19.5,-5.));
#2075 = SURFACE_CURVE('',#2076,(#2080,#2087),.PCURVE_S1.);
#2076 = LINE('',#2077,#2078);
#2077 = CARTESIAN_POINT('',(54.,34.5,-5.));
#2078 = VECTOR('',#2079,1.);
#2079 = DIRECTION('',(0.,-1.,0.));
#2080 = PCURVE('',#766,#2081);
#2081 = DEFINITIONAL_REPRESENTATION('',(#2082),#2086);
#2082 = LINE('',#2083,#2084);
#2083 = CARTESIAN_POINT('',(59.,-88.5));
#2084 = VECTOR('',#2085,1.);
#2085 = DIRECTION('',(0.,1.));
#2086 = ( GEOMETRIC_REPRESENTATION_CONTEXT(2) 
PARAMETRIC_REPRESENTATION_CONTEXT() REPRESENTATION_CONTEXT('2D SPACE',''
  ) );
#2087 = PCURVE('',#2088,#2093);
#2088 = PLANE('',#2089);
#2089 = AXIS2_PLACEMENT_3D('',#2090,#2091,#2092);
#2090 = CARTESIAN_POINT('',(54.,34.5,-5.));
#2091 = DIRECTION('',(0.,0.,1.));
#2092 = DIRECTION('',(-1.,0.,0.));
#2093 = DEFINITIONAL_REPRESENTATION('',(#2094),#2098);
#2094 = LINE('',#2095,#2096);
#2095 = CARTESIAN_POINT('',(-0.,-0.));
#2096 = VECTOR('',#2097,1.);
#2097 = DIRECTION('',(-0.,1.));
#2098 = ( GEOMETRIC_REPRESENTATION_CONTEXT(2) 
PARAMETRIC_REPRESENTATION_CONTEXT() REPRESENTATION_CONTEXT('2D SPACE',''
  ) );
#2099 = ORIENTED_EDGE('',*,*,#2100,.T.);
#2100 = EDGE_CURVE('',#2073,#2017,#2101,.T.);
#2101 = SURFACE_CURVE('',#2102,(#2106,#2113),.PCURVE_S1.);
#2102 = LINE('',#2103,#2104);
#2103 = CARTESIAN_POINT('',(54.,19.5,-5.));
#2104 = VECTOR('',#2105,1.);
#2105 = DIRECTION('',(0.,0.,1.));
#2106 = PCURVE('',#766,#2107);
#2107 = DEFINITIONAL_REPRESENTATION('',(#2108),#2112);
#2108 = LINE('',#2109,#2110);
#2109 = CARTESIAN_POINT('',(59.,-73.5));
#2110 = VECTOR('',#2111,1.);
#2111 = DIRECTION('',(1.,0.));
#2112 = ( GEOMETRIC_REPRESENTATION_CONTEXT(2) 
PARAMETRIC_REPRESENTATION_CONTEXT() REPRESENTATION_CONTEXT('2D SPACE',''
  ) );
#2113 = PCURVE('',#2114,#2119);
#2114 = PLANE('',#2115);
#2115 = AXIS2_PLACEMENT_3D('',#2116,#2117,#2118);
#2116 = CARTESIAN_POINT('',(54.,19.5,-5.));
#2117 = DIRECTION('',(0.,-1.,0.));
#2118 = DIRECTION('',(0.,0.,-1.));
#2119 = DEFINITIONAL_REPRESENTATION('',(#2120),#2124);
#2120 = LINE('',#2121,#2122);
#2121 = CARTESIAN_POINT('',(-0.,0.));
#2122 = VECTOR('',#2123,1.);
#2123 = DIRECTION('',(-1.,0.));
#2124 = ( GEOMETRIC_REPRESENTATION_CONTEXT(2) 
PARAMETRIC_REPRESENTATION_CONTEXT() REPRESENTATION_CONTEXT('2D SPACE',''
  ) );
#2125 = ADVANCED_FACE('',(#2126),#738,.T.);
#2126 = FACE_BOUND('',#2127,.F.);
#2127 = EDGE_LOOP('',(#2128,#2129,#2152,#2173));
#2128 = ORIENTED_EDGE('',*,*,#722,.F.);
#2129 = ORIENTED_EDGE('',*,*,#2130,.F.);
#2130 = EDGE_CURVE('',#2131,#695,#2133,.T.);
#2131 = VERTEX_POINT('',#2132);
#2132 = CARTESIAN_POINT('',(51.,54.,64.));
#2133 = SURFACE_CURVE('',#2134,(#2138,#2145),.PCURVE_S1.);
#2134 = LINE('',#2135,#2136);
#2135 = CARTESIAN_POINT('',(51.,54.,64.));
#2136 = VECTOR('',#2137,1.);
#2137 = DIRECTION('',(0.,-1.,0.));
#2138 = PCURVE('',#738,#2139);
#2139 = DEFINITIONAL_REPRESENTATION('',(#2140),#2144);
#2140 = LINE('',#2141,#2142);
#2141 = CARTESIAN_POINT('',(-108.,-2.12132034356));
#2142 = VECTOR('',#2143,1.);
#2143 = DIRECTION('',(1.,-0.));
#2144 = ( GEOMETRIC_REPRESENTATION_CONTEXT(2) 
PARAMETRIC_REPRESENTATION_CONTEXT() REPRESENTATION_CONTEXT('2D SPACE',''
  ) );
#2145 = PCURVE('',#710,#2146);
#2146 = DEFINITIONAL_REPRESENTATION('',(#2147),#2151);
#2147 = LINE('',#2148,#2149);
#2148 = CARTESIAN_POINT('',(105.,108.));
#2149 = VECTOR('',#2150,1.);
#2150 = DIRECTION('',(0.,-1.));
#2151 = ( GEOMETRIC_REPRESENTATION_CONTEXT(2) 
PARAMETRIC_REPRESENTATION_CONTEXT() REPRESENTATION_CONTEXT('2D SPACE',''
  ) );
#2152 = ORIENTED_EDGE('',*,*,#2153,.T.);
#2153 = EDGE_CURVE('',#2131,#1605,#2154,.T.);
#2154 = SURFACE_CURVE('',#2155,(#2159,#2166),.PCURVE_S1.);
#2155 = LINE('',#2156,#2157);
#2156 = CARTESIAN_POINT('',(57.5,54.,57.5));
#2157 = VECTOR('',#2158,1.);
#2158 = DIRECTION('',(0.707106781187,-0.,-0.707106781187));
#2159 = PCURVE('',#738,#2160);
#2160 = DEFINITIONAL_REPRESENTATION('',(#2161),#2165);
#2161 = LINE('',#2162,#2163);
#2162 = CARTESIAN_POINT('',(-108.,7.071067811865));
#2163 = VECTOR('',#2164,1.);
#2164 = DIRECTION('',(0.,1.));
#2165 = ( GEOMETRIC_REPRESENTATION_CONTEXT(2) 
PARAMETRIC_REPRESENTATION_CONTEXT() REPRESENTATION_CONTEXT('2D SPACE',''
  ) );
#2166 = PCURVE('',#100,#2167);
#2167 = DEFINITIONAL_REPRESENTATION('',(#2168),#2172);
#2168 = LINE('',#2169,#2170);
#2169 = CARTESIAN_POINT('',(-121.5,111.5));
#2170 = VECTOR('',#2171,1.);
#2171 = DIRECTION('',(0.707106781187,0.707106781187));
#2172 = ( GEOMETRIC_REPRESENTATION_CONTEXT(2) 
PARAMETRIC_REPRESENTATION_CONTEXT() REPRESENTATION_CONTEXT('2D SPACE',''
  ) );
#2173 = ORIENTED_EDGE('',*,*,#1627,.T.);
#2174 = ADVANCED_FACE('',(#2175,#2234,#2293),#710,.T.);
#2175 = FACE_BOUND('',#2176,.T.);
#2176 = EDGE_LOOP('',(#2177,#2207));
#2177 = ORIENTED_EDGE('',*,*,#2178,.F.);
#2178 = EDGE_CURVE('',#2179,#2181,#2183,.T.);
#2179 = VERTEX_POINT('',#2180);
#2180 = CARTESIAN_POINT('',(-22.32352091615,0.,64.));
#2181 = VERTEX_POINT('',#2182);
#2182 = CARTESIAN_POINT('',(-11.00981241717,-6.927648449884E-16,64.));
#2183 = SURFACE_CURVE('',#2184,(#2188,#2195),.PCURVE_S1.);
#2184 = LINE('',#2185,#2186);
#2185 = CARTESIAN_POINT('',(-54.,0.,64.));
#2186 = VECTOR('',#2187,1.);
#2187 = DIRECTION('',(1.,0.,0.));
#2188 = PCURVE('',#710,#2189);
#2189 = DEFINITIONAL_REPRESENTATION('',(#2190),#2194);
#2190 = LINE('',#2191,#2192);
#2191 = CARTESIAN_POINT('',(0.,54.));
#2192 = VECTOR('',#2193,1.);
#2193 = DIRECTION('',(1.,0.));
#2194 = ( GEOMETRIC_REPRESENTATION_CONTEXT(2) 
PARAMETRIC_REPRESENTATION_CONTEXT() REPRESENTATION_CONTEXT('2D SPACE',''
  ) );
#2195 = PCURVE('',#2196,#2201);
#2196 = PLANE('',#2197);
#2197 = AXIS2_PLACEMENT_3D('',#2198,#2199,#2200);
#2198 = CARTESIAN_POINT('',(-76.66666666666,0.,2.));
#2199 = DIRECTION('',(0.,1.,0.));
#2200 = DIRECTION('',(0.,0.,1.));
#2201 = DEFINITIONAL_REPRESENTATION('',(#2202),#2206);
#2202 = LINE('',#2203,#2204);
#2203 = CARTESIAN_POINT('',(62.,22.666666666667));
#2204 = VECTOR('',#2205,1.);
#2205 = DIRECTION('',(0.,1.));
#2206 = ( GEOMETRIC_REPRESENTATION_CONTEXT(2) 
PARAMETRIC_REPRESENTATION_CONTEXT() REPRESENTATION_CONTEXT('2D SPACE',''
  ) );
#2207 = ORIENTED_EDGE('',*,*,#2208,.F.);
#2208 = EDGE_CURVE('',#2181,#2179,#2209,.T.);
#2209 = SURFACE_CURVE('',#2210,(#2215,#2222),.PCURVE_S1.);
#2210 = CIRCLE('',#2211,5.656854249492);
#2211 = AXIS2_PLACEMENT_3D('',#2212,#2213,#2214);
#2212 = CARTESIAN_POINT('',(-16.66666666666,0.,64.));
#2213 = DIRECTION('',(0.,0.,1.));
#2214 = DIRECTION('',(1.,0.,-0.));
#2215 = PCURVE('',#710,#2216);
#2216 = DEFINITIONAL_REPRESENTATION('',(#2217),#2221);
#2217 = CIRCLE('',#2218,5.656854249492);
#2218 = AXIS2_PLACEMENT_2D('',#2219,#2220);
#2219 = CARTESIAN_POINT('',(37.333333333333,54.));
#2220 = DIRECTION('',(1.,0.));
#2221 = ( GEOMETRIC_REPRESENTATION_CONTEXT(2) 
PARAMETRIC_REPRESENTATION_CONTEXT() REPRESENTATION_CONTEXT('2D SPACE',''
  ) );
#2222 = PCURVE('',#2223,#2228);
#2223 = SPHERICAL_SURFACE('',#2224,6.);
#2224 = AXIS2_PLACEMENT_3D('',#2225,#2226,#2227);
#2225 = CARTESIAN_POINT('',(-16.66666666666,0.,62.));
#2226 = DIRECTION('',(0.,0.,1.));
#2227 = DIRECTION('',(1.,0.,0.));
#2228 = DEFINITIONAL_REPRESENTATION('',(#2229),#2233);
#2229 = LINE('',#2230,#2231);
#2230 = CARTESIAN_POINT('',(0.,0.339836909454));
#2231 = VECTOR('',#2232,1.);
#2232 = DIRECTION('',(1.,0.));
#2233 = ( GEOMETRIC_REPRESENTATION_CONTEXT(2) 
PARAMETRIC_REPRESENTATION_CONTEXT() REPRESENTATION_CONTEXT('2D SPACE',''
  ) );
#2234 = FACE_BOUND('',#2235,.T.);
#2235 = EDGE_LOOP('',(#2236,#2266));
#2236 = ORIENTED_EDGE('',*,*,#2237,.F.);
#2237 = EDGE_CURVE('',#2238,#2240,#2242,.T.);
#2238 = VERTEX_POINT('',#2239);
#2239 = CARTESIAN_POINT('',(11.009812417174,0.,64.));
#2240 = VERTEX_POINT('',#2241);
#2241 = CARTESIAN_POINT('',(22.323520916159,-6.927648449884E-16,64.));
#2242 = SURFACE_CURVE('',#2243,(#2247,#2254),.PCURVE_S1.);
#2243 = LINE('',#2244,#2245);
#2244 = CARTESIAN_POINT('',(-54.,0.,64.));
#2245 = VECTOR('',#2246,1.);
#2246 = DIRECTION('',(1.,0.,0.));
#2247 = PCURVE('',#710,#2248);
#2248 = DEFINITIONAL_REPRESENTATION('',(#2249),#2253);
#2249 = LINE('',#2250,#2251);
#2250 = CARTESIAN_POINT('',(0.,54.));
#2251 = VECTOR('',#2252,1.);
#2252 = DIRECTION('',(1.,0.));
#2253 = ( GEOMETRIC_REPRESENTATION_CONTEXT(2) 
PARAMETRIC_REPRESENTATION_CONTEXT() REPRESENTATION_CONTEXT('2D SPACE',''
  ) );
#2254 = PCURVE('',#2255,#2260);
#2255 = PLANE('',#2256);
#2256 = AXIS2_PLACEMENT_3D('',#2257,#2258,#2259);
#2257 = CARTESIAN_POINT('',(-43.33333333333,0.,2.));
#2258 = DIRECTION('',(0.,1.,0.));
#2259 = DIRECTION('',(0.,0.,1.));
#2260 = DEFINITIONAL_REPRESENTATION('',(#2261),#2265);
#2261 = LINE('',#2262,#2263);
#2262 = CARTESIAN_POINT('',(62.,-10.66666666666));
#2263 = VECTOR('',#2264,1.);
#2264 = DIRECTION('',(0.,1.));
#2265 = ( GEOMETRIC_REPRESENTATION_CONTEXT(2) 
PARAMETRIC_REPRESENTATION_CONTEXT() REPRESENTATION_CONTEXT('2D SPACE',''
  ) );
#2266 = ORIENTED_EDGE('',*,*,#2267,.F.);
#2267 = EDGE_CURVE('',#2240,#2238,#2268,.T.);
#2268 = SURFACE_CURVE('',#2269,(#2274,#2281),.PCURVE_S1.);
#2269 = CIRCLE('',#2270,5.656854249492);
#2270 = AXIS2_PLACEMENT_3D('',#2271,#2272,#2273);
#2271 = CARTESIAN_POINT('',(16.666666666667,0.,64.));
#2272 = DIRECTION('',(0.,0.,1.));
#2273 = DIRECTION('',(1.,0.,-0.));
#2274 = PCURVE('',#710,#2275);
#2275 = DEFINITIONAL_REPRESENTATION('',(#2276),#2280);
#2276 = CIRCLE('',#2277,5.656854249492);
#2277 = AXIS2_PLACEMENT_2D('',#2278,#2279);
#2278 = CARTESIAN_POINT('',(70.666666666667,54.));
#2279 = DIRECTION('',(1.,0.));
#2280 = ( GEOMETRIC_REPRESENTATION_CONTEXT(2) 
PARAMETRIC_REPRESENTATION_CONTEXT() REPRESENTATION_CONTEXT('2D SPACE',''
  ) );
#2281 = PCURVE('',#2282,#2287);
#2282 = SPHERICAL_SURFACE('',#2283,6.);
#2283 = AXIS2_PLACEMENT_3D('',#2284,#2285,#2286);
#2284 = CARTESIAN_POINT('',(16.666666666667,0.,62.));
#2285 = DIRECTION('',(0.,0.,1.));
#2286 = DIRECTION('',(1.,0.,0.));
#2287 = DEFINITIONAL_REPRESENTATION('',(#2288),#2292);
#2288 = LINE('',#2289,#2290);
#2289 = CARTESIAN_POINT('',(0.,0.339836909454));
#2290 = VECTOR('',#2291,1.);
#2291 = DIRECTION('',(1.,0.));
#2292 = ( GEOMETRIC_REPRESENTATION_CONTEXT(2) 
PARAMETRIC_REPRESENTATION_CONTEXT() REPRESENTATION_CONTEXT('2D SPACE',''
  ) );
#2293 = FACE_BOUND('',#2294,.T.);
#2294 = EDGE_LOOP('',(#2295,#2296,#2297,#2298));
#2295 = ORIENTED_EDGE('',*,*,#881,.F.);
#2296 = ORIENTED_EDGE('',*,*,#694,.T.);
#2297 = ORIENTED_EDGE('',*,*,#2130,.F.);
#2298 = ORIENTED_EDGE('',*,*,#2299,.F.);
#2299 = EDGE_CURVE('',#859,#2131,#2300,.T.);
#2300 = SURFACE_CURVE('',#2301,(#2305,#2312),.PCURVE_S1.);
#2301 = LINE('',#2302,#2303);
#2302 = CARTESIAN_POINT('',(-54.,54.,64.));
#2303 = VECTOR('',#2304,1.);
#2304 = DIRECTION('',(1.,0.,-0.));
#2305 = PCURVE('',#710,#2306);
#2306 = DEFINITIONAL_REPRESENTATION('',(#2307),#2311);
#2307 = LINE('',#2308,#2309);
#2308 = CARTESIAN_POINT('',(0.,108.));
#2309 = VECTOR('',#2310,1.);
#2310 = DIRECTION('',(1.,0.));
#2311 = ( GEOMETRIC_REPRESENTATION_CONTEXT(2) 
PARAMETRIC_REPRESENTATION_CONTEXT() REPRESENTATION_CONTEXT('2D SPACE',''
  ) );
#2312 = PCURVE('',#100,#2313);
#2313 = DEFINITIONAL_REPRESENTATION('',(#2314),#2318);
#2314 = LINE('',#2315,#2316);
#2315 = CARTESIAN_POINT('',(-128.,0.));
#2316 = VECTOR('',#2317,1.);
#2317 = DIRECTION('',(-0.,1.));
#2318 = ( GEOMETRIC_REPRESENTATION_CONTEXT(2) 
PARAMETRIC_REPRESENTATION_CONTEXT() REPRESENTATION_CONTEXT('2D SPACE',''
  ) );
#2319 = ADVANCED_FACE('',(#2320),#100,.F.);
#2320 = FACE_BOUND('',#2321,.T.);
#2321 = EDGE_LOOP('',(#2322,#2323,#2324,#2325,#2326,#2327,#2328,#2329));
#2322 = ORIENTED_EDGE('',*,*,#1300,.F.);
#2323 = ORIENTED_EDGE('',*,*,#809,.F.);
#2324 = ORIENTED_EDGE('',*,*,#84,.T.);
#2325 = ORIENTED_EDGE('',*,*,#858,.T.);
#2326 = ORIENTED_EDGE('',*,*,#2299,.T.);
#2327 = ORIENTED_EDGE('',*,*,#2153,.T.);
#2328 = ORIENTED_EDGE('',*,*,#1604,.F.);
#2329 = ORIENTED_EDGE('',*,*,#1555,.F.);
#2330 = ADVANCED_FACE('',(#2331),#314,.T.);
#2331 = FACE_BOUND('',#2332,.T.);
#2332 = EDGE_LOOP('',(#2333,#2334));
#2333 = ORIENTED_EDGE('',*,*,#295,.T.);
#2334 = ORIENTED_EDGE('',*,*,#932,.T.);
#2335 = ADVANCED_FACE('',(#2336),#189,.T.);
#2336 = FACE_BOUND('',#2337,.T.);
#2337 = EDGE_LOOP('',(#2338,#2339));
#2338 = ORIENTED_EDGE('',*,*,#170,.T.);
#2339 = ORIENTED_EDGE('',*,*,#906,.T.);
#2340 = ADVANCED_FACE('',(#2341),#550,.F.);
#2341 = FACE_BOUND('',#2342,.T.);
#2342 = EDGE_LOOP('',(#2343,#2366,#2394,#2415));
#2343 = ORIENTED_EDGE('',*,*,#2344,.F.);
#2344 = EDGE_CURVE('',#2345,#535,#2347,.T.);
#2345 = VERTEX_POINT('',#2346);
#2346 = CARTESIAN_POINT('',(-60.,34.5,-5.));
#2347 = SURFACE_CURVE('',#2348,(#2352,#2359),.PCURVE_S1.);
#2348 = LINE('',#2349,#2350);
#2349 = CARTESIAN_POINT('',(-60.,34.5,-5.));
#2350 = VECTOR('',#2351,1.);
#2351 = DIRECTION('',(1.,0.,-0.));
#2352 = PCURVE('',#550,#2353);
#2353 = DEFINITIONAL_REPRESENTATION('',(#2354),#2358);
#2354 = LINE('',#2355,#2356);
#2355 = CARTESIAN_POINT('',(-0.,0.));
#2356 = VECTOR('',#2357,1.);
#2357 = DIRECTION('',(-0.,1.));
#2358 = ( GEOMETRIC_REPRESENTATION_CONTEXT(2) 
PARAMETRIC_REPRESENTATION_CONTEXT() REPRESENTATION_CONTEXT('2D SPACE',''
  ) );
#2359 = PCURVE('',#578,#2360);
#2360 = DEFINITIONAL_REPRESENTATION('',(#2361),#2365);
#2361 = LINE('',#2362,#2363);
#2362 = CARTESIAN_POINT('',(-0.,-0.));
#2363 = VECTOR('',#2364,1.);
#2364 = DIRECTION('',(-1.,0.));
#2365 = ( GEOMETRIC_REPRESENTATION_CONTEXT(2) 
PARAMETRIC_REPRESENTATION_CONTEXT() REPRESENTATION_CONTEXT('2D SPACE',''
  ) );
#2366 = ORIENTED_EDGE('',*,*,#2367,.T.);
#2367 = EDGE_CURVE('',#2345,#2368,#2370,.T.);
#2368 = VERTEX_POINT('',#2369);
#2369 = CARTESIAN_POINT('',(-60.,34.5,5.));
#2370 = SURFACE_CURVE('',#2371,(#2375,#2382),.PCURVE_S1.);
#2371 = LINE('',#2372,#2373);
#2372 = CARTESIAN_POINT('',(-60.,34.5,-5.));
#2373 = VECTOR('',#2374,1.);
#2374 = DIRECTION('',(0.,0.,1.));
#2375 = PCURVE('',#550,#2376);
#2376 = DEFINITIONAL_REPRESENTATION('',(#2377),#2381);
#2377 = LINE('',#2378,#2379);
#2378 = CARTESIAN_POINT('',(-0.,0.));
#2379 = VECTOR('',#2380,1.);
#2380 = DIRECTION('',(-1.,0.));
#2381 = ( GEOMETRIC_REPRESENTATION_CONTEXT(2) 
PARAMETRIC_REPRESENTATION_CONTEXT() REPRESENTATION_CONTEXT('2D SPACE',''
  ) );
#2382 = PCURVE('',#2383,#2388);
#2383 = PLANE('',#2384);
#2384 = AXIS2_PLACEMENT_3D('',#2385,#2386,#2387);
#2385 = CARTESIAN_POINT('',(-60.,34.5,-5.));
#2386 = DIRECTION('',(1.,0.,-0.));
#2387 = DIRECTION('',(0.,0.,-1.));
#2388 = DEFINITIONAL_REPRESENTATION('',(#2389),#2393);
#2389 = LINE('',#2390,#2391);
#2390 = CARTESIAN_POINT('',(-0.,0.));
#2391 = VECTOR('',#2392,1.);
#2392 = DIRECTION('',(-1.,0.));
#2393 = ( GEOMETRIC_REPRESENTATION_CONTEXT(2) 
PARAMETRIC_REPRESENTATION_CONTEXT() REPRESENTATION_CONTEXT('2D SPACE',''
  ) );
#2394 = ORIENTED_EDGE('',*,*,#2395,.T.);
#2395 = EDGE_CURVE('',#2368,#505,#2396,.T.);
#2396 = SURFACE_CURVE('',#2397,(#2401,#2408),.PCURVE_S1.);
#2397 = LINE('',#2398,#2399);
#2398 = CARTESIAN_POINT('',(-60.,34.5,5.));
#2399 = VECTOR('',#2400,1.);
#2400 = DIRECTION('',(1.,0.,-0.));
#2401 = PCURVE('',#550,#2402);
#2402 = DEFINITIONAL_REPRESENTATION('',(#2403),#2407);
#2403 = LINE('',#2404,#2405);
#2404 = CARTESIAN_POINT('',(-10.,0.));
#2405 = VECTOR('',#2406,1.);
#2406 = DIRECTION('',(-0.,1.));
#2407 = ( GEOMETRIC_REPRESENTATION_CONTEXT(2) 
PARAMETRIC_REPRESENTATION_CONTEXT() REPRESENTATION_CONTEXT('2D SPACE',''
  ) );
#2408 = PCURVE('',#522,#2409);
#2409 = DEFINITIONAL_REPRESENTATION('',(#2410),#2414);
#2410 = LINE('',#2411,#2412);
#2411 = CARTESIAN_POINT('',(-0.,-0.));
#2412 = VECTOR('',#2413,1.);
#2413 = DIRECTION('',(-1.,0.));
#2414 = ( GEOMETRIC_REPRESENTATION_CONTEXT(2) 
PARAMETRIC_REPRESENTATION_CONTEXT() REPRESENTATION_CONTEXT('2D SPACE',''
  ) );
#2415 = ORIENTED_EDGE('',*,*,#534,.F.);
#2416 = ADVANCED_FACE('',(#2417),#522,.T.);
#2417 = FACE_BOUND('',#2418,.F.);
#2418 = EDGE_LOOP('',(#2419,#2442,#2443,#2444));
#2419 = ORIENTED_EDGE('',*,*,#2420,.F.);
#2420 = EDGE_CURVE('',#2368,#2421,#2423,.T.);
#2421 = VERTEX_POINT('',#2422);
#2422 = CARTESIAN_POINT('',(-60.,19.5,5.));
#2423 = SURFACE_CURVE('',#2424,(#2428,#2435),.PCURVE_S1.);
#2424 = LINE('',#2425,#2426);
#2425 = CARTESIAN_POINT('',(-60.,34.5,5.));
#2426 = VECTOR('',#2427,1.);
#2427 = DIRECTION('',(0.,-1.,0.));
#2428 = PCURVE('',#522,#2429);
#2429 = DEFINITIONAL_REPRESENTATION('',(#2430),#2434);
#2430 = LINE('',#2431,#2432);
#2431 = CARTESIAN_POINT('',(-0.,-0.));
#2432 = VECTOR('',#2433,1.);
#2433 = DIRECTION('',(-0.,1.));
#2434 = ( GEOMETRIC_REPRESENTATION_CONTEXT(2) 
PARAMETRIC_REPRESENTATION_CONTEXT() REPRESENTATION_CONTEXT('2D SPACE',''
  ) );
#2435 = PCURVE('',#2383,#2436);
#2436 = DEFINITIONAL_REPRESENTATION('',(#2437),#2441);
#2437 = LINE('',#2438,#2439);
#2438 = CARTESIAN_POINT('',(-10.,0.));
#2439 = VECTOR('',#2440,1.);
#2440 = DIRECTION('',(-0.,-1.));
#2441 = ( GEOMETRIC_REPRESENTATION_CONTEXT(2) 
PARAMETRIC_REPRESENTATION_CONTEXT() REPRESENTATION_CONTEXT('2D SPACE',''
  ) );
#2442 = ORIENTED_EDGE('',*,*,#2395,.T.);
#2443 = ORIENTED_EDGE('',*,*,#504,.T.);
#2444 = ORIENTED_EDGE('',*,*,#2445,.F.);
#2445 = EDGE_CURVE('',#2421,#507,#2446,.T.);
#2446 = SURFACE_CURVE('',#2447,(#2451,#2458),.PCURVE_S1.);
#2447 = LINE('',#2448,#2449);
#2448 = CARTESIAN_POINT('',(-60.,19.5,5.));
#2449 = VECTOR('',#2450,1.);
#2450 = DIRECTION('',(1.,0.,-0.));
#2451 = PCURVE('',#522,#2452);
#2452 = DEFINITIONAL_REPRESENTATION('',(#2453),#2457);
#2453 = LINE('',#2454,#2455);
#2454 = CARTESIAN_POINT('',(-0.,15.));
#2455 = VECTOR('',#2456,1.);
#2456 = DIRECTION('',(-1.,0.));
#2457 = ( GEOMETRIC_REPRESENTATION_CONTEXT(2) 
PARAMETRIC_REPRESENTATION_CONTEXT() REPRESENTATION_CONTEXT('2D SPACE',''
  ) );
#2458 = PCURVE('',#604,#2459);
#2459 = DEFINITIONAL_REPRESENTATION('',(#2460),#2464);
#2460 = LINE('',#2461,#2462);
#2461 = CARTESIAN_POINT('',(-10.,0.));
#2462 = VECTOR('',#2463,1.);
#2463 = DIRECTION('',(-0.,1.));
#2464 = ( GEOMETRIC_REPRESENTATION_CONTEXT(2) 
PARAMETRIC_REPRESENTATION_CONTEXT() REPRESENTATION_CONTEXT('2D SPACE',''
  ) );
#2465 = ADVANCED_FACE('',(#2466),#578,.F.);
#2466 = FACE_BOUND('',#2467,.T.);
#2467 = EDGE_LOOP('',(#2468,#2491,#2492,#2493));
#2468 = ORIENTED_EDGE('',*,*,#2469,.F.);
#2469 = EDGE_CURVE('',#2345,#2470,#2472,.T.);
#2470 = VERTEX_POINT('',#2471);
#2471 = CARTESIAN_POINT('',(-60.,19.5,-5.));
#2472 = SURFACE_CURVE('',#2473,(#2477,#2484),.PCURVE_S1.);
#2473 = LINE('',#2474,#2475);
#2474 = CARTESIAN_POINT('',(-60.,34.5,-5.));
#2475 = VECTOR('',#2476,1.);
#2476 = DIRECTION('',(0.,-1.,0.));
#2477 = PCURVE('',#578,#2478);
#2478 = DEFINITIONAL_REPRESENTATION('',(#2479),#2483);
#2479 = LINE('',#2480,#2481);
#2480 = CARTESIAN_POINT('',(-0.,-0.));
#2481 = VECTOR('',#2482,1.);
#2482 = DIRECTION('',(-0.,1.));
#2483 = ( GEOMETRIC_REPRESENTATION_CONTEXT(2) 
PARAMETRIC_REPRESENTATION_CONTEXT() REPRESENTATION_CONTEXT('2D SPACE',''
  ) );
#2484 = PCURVE('',#2383,#2485);
#2485 = DEFINITIONAL_REPRESENTATION('',(#2486),#2490);
#2486 = LINE('',#2487,#2488);
#2487 = CARTESIAN_POINT('',(-0.,0.));
#2488 = VECTOR('',#2489,1.);
#2489 = DIRECTION('',(-0.,-1.));
#2490 = ( GEOMETRIC_REPRESENTATION_CONTEXT(2) 
PARAMETRIC_REPRESENTATION_CONTEXT() REPRESENTATION_CONTEXT('2D SPACE',''
  ) );
#2491 = ORIENTED_EDGE('',*,*,#2344,.T.);
#2492 = ORIENTED_EDGE('',*,*,#562,.T.);
#2493 = ORIENTED_EDGE('',*,*,#2494,.F.);
#2494 = EDGE_CURVE('',#2470,#563,#2495,.T.);
#2495 = SURFACE_CURVE('',#2496,(#2500,#2507),.PCURVE_S1.);
#2496 = LINE('',#2497,#2498);
#2497 = CARTESIAN_POINT('',(-60.,19.5,-5.));
#2498 = VECTOR('',#2499,1.);
#2499 = DIRECTION('',(1.,0.,-0.));
#2500 = PCURVE('',#578,#2501);
#2501 = DEFINITIONAL_REPRESENTATION('',(#2502),#2506);
#2502 = LINE('',#2503,#2504);
#2503 = CARTESIAN_POINT('',(-0.,15.));
#2504 = VECTOR('',#2505,1.);
#2505 = DIRECTION('',(-1.,0.));
#2506 = ( GEOMETRIC_REPRESENTATION_CONTEXT(2) 
PARAMETRIC_REPRESENTATION_CONTEXT() REPRESENTATION_CONTEXT('2D SPACE',''
  ) );
#2507 = PCURVE('',#604,#2508);
#2508 = DEFINITIONAL_REPRESENTATION('',(#2509),#2513);
#2509 = LINE('',#2510,#2511);
#2510 = CARTESIAN_POINT('',(-0.,0.));
#2511 = VECTOR('',#2512,1.);
#2512 = DIRECTION('',(-0.,1.));
#2513 = ( GEOMETRIC_REPRESENTATION_CONTEXT(2) 
PARAMETRIC_REPRESENTATION_CONTEXT() REPRESENTATION_CONTEXT('2D SPACE',''
  ) );
#2514 = ADVANCED_FACE('',(#2515),#604,.T.);
#2515 = FACE_BOUND('',#2516,.F.);
#2516 = EDGE_LOOP('',(#2517,#2518,#2539,#2540));
#2517 = ORIENTED_EDGE('',*,*,#2494,.F.);
#2518 = ORIENTED_EDGE('',*,*,#2519,.T.);
#2519 = EDGE_CURVE('',#2470,#2421,#2520,.T.);
#2520 = SURFACE_CURVE('',#2521,(#2525,#2532),.PCURVE_S1.);
#2521 = LINE('',#2522,#2523);
#2522 = CARTESIAN_POINT('',(-60.,19.5,-5.));
#2523 = VECTOR('',#2524,1.);
#2524 = DIRECTION('',(0.,0.,1.));
#2525 = PCURVE('',#604,#2526);
#2526 = DEFINITIONAL_REPRESENTATION('',(#2527),#2531);
#2527 = LINE('',#2528,#2529);
#2528 = CARTESIAN_POINT('',(-0.,0.));
#2529 = VECTOR('',#2530,1.);
#2530 = DIRECTION('',(-1.,0.));
#2531 = ( GEOMETRIC_REPRESENTATION_CONTEXT(2) 
PARAMETRIC_REPRESENTATION_CONTEXT() REPRESENTATION_CONTEXT('2D SPACE',''
  ) );
#2532 = PCURVE('',#2383,#2533);
#2533 = DEFINITIONAL_REPRESENTATION('',(#2534),#2538);
#2534 = LINE('',#2535,#2536);
#2535 = CARTESIAN_POINT('',(-0.,-15.));
#2536 = VECTOR('',#2537,1.);
#2537 = DIRECTION('',(-1.,0.));
#2538 = ( GEOMETRIC_REPRESENTATION_CONTEXT(2) 
PARAMETRIC_REPRESENTATION_CONTEXT() REPRESENTATION_CONTEXT('2D SPACE',''
  ) );
#2539 = ORIENTED_EDGE('',*,*,#2445,.T.);
#2540 = ORIENTED_EDGE('',*,*,#590,.F.);
#2541 = ADVANCED_FACE('',(#2542),#996,.F.);
#2542 = FACE_BOUND('',#2543,.F.);
#2543 = EDGE_LOOP('',(#2544,#2545,#2546,#2547));
#2544 = ORIENTED_EDGE('',*,*,#980,.F.);
#2545 = ORIENTED_EDGE('',*,*,#1033,.T.);
#2546 = ORIENTED_EDGE('',*,*,#1083,.T.);
#2547 = ORIENTED_EDGE('',*,*,#1131,.F.);
#2548 = ADVANCED_FACE('',(#2549),#1176,.F.);
#2549 = FACE_BOUND('',#2550,.F.);
#2550 = EDGE_LOOP('',(#2551,#2579,#2601));
#2551 = ORIENTED_EDGE('',*,*,#2552,.F.);
#2552 = EDGE_CURVE('',#2553,#1161,#2555,.T.);
#2553 = VERTEX_POINT('',#2554);
#2554 = CARTESIAN_POINT('',(-16.66666666666,-8.998558695971E-32,-68.));
#2555 = SURFACE_CURVE('',#2556,(#2561,#2572),.PCURVE_S1.);
#2556 = CIRCLE('',#2557,6.);
#2557 = AXIS2_PLACEMENT_3D('',#2558,#2559,#2560);
#2558 = CARTESIAN_POINT('',(-16.66666666666,0.,-62.));
#2559 = DIRECTION('',(-2.449293598295E-16,-1.,0.));
#2560 = DIRECTION('',(1.,-2.449293598295E-16,0.));
#2561 = PCURVE('',#1176,#2562);
#2562 = DEFINITIONAL_REPRESENTATION('',(#2563),#2571);
#2563 = ( BOUNDED_CURVE() B_SPLINE_CURVE(2,(#2564,#2565,#2566,#2567,
#2568,#2569,#2570),.UNSPECIFIED.,.T.,.F.) B_SPLINE_CURVE_WITH_KNOTS((1,2
    ,2,2,2,1),(-2.094395102393,0.,2.094395102393,4.188790204786,
6.28318530718,8.377580409573),.UNSPECIFIED.) CURVE() 
GEOMETRIC_REPRESENTATION_ITEM() RATIONAL_B_SPLINE_CURVE((1.,0.5,1.,0.5,
1.,0.5,1.)) REPRESENTATION_ITEM('') );
#2564 = CARTESIAN_POINT('',(60.,66.));
#2565 = CARTESIAN_POINT('',(70.392304845413,66.));
#2566 = CARTESIAN_POINT('',(65.196152422707,57.));
#2567 = CARTESIAN_POINT('',(60.,48.));
#2568 = CARTESIAN_POINT('',(54.803847577293,57.));
#2569 = CARTESIAN_POINT('',(49.607695154587,66.));
#2570 = CARTESIAN_POINT('',(60.,66.));
#2571 = ( GEOMETRIC_REPRESENTATION_CONTEXT(2) 
PARAMETRIC_REPRESENTATION_CONTEXT() REPRESENTATION_CONTEXT('2D SPACE',''
  ) );
#2572 = PCURVE('',#1203,#2573);
#2573 = DEFINITIONAL_REPRESENTATION('',(#2574),#2578);
#2574 = LINE('',#2575,#2576);
#2575 = CARTESIAN_POINT('',(0.,-6.28318530718));
#2576 = VECTOR('',#2577,1.);
#2577 = DIRECTION('',(0.,1.));
#2578 = ( GEOMETRIC_REPRESENTATION_CONTEXT(2) 
PARAMETRIC_REPRESENTATION_CONTEXT() REPRESENTATION_CONTEXT('2D SPACE',''
  ) );
#2579 = ORIENTED_EDGE('',*,*,#2580,.T.);
#2580 = EDGE_CURVE('',#2553,#1159,#2581,.T.);
#2581 = SURFACE_CURVE('',#2582,(#2587,#2594),.PCURVE_S1.);
#2582 = CIRCLE('',#2583,6.);
#2583 = AXIS2_PLACEMENT_3D('',#2584,#2585,#2586);
#2584 = CARTESIAN_POINT('',(-16.66666666666,0.,-62.));
#2585 = DIRECTION('',(0.,1.,0.));
#2586 = DIRECTION('',(0.,-0.,1.));
#2587 = PCURVE('',#1176,#2588);
#2588 = DEFINITIONAL_REPRESENTATION('',(#2589),#2593);
#2589 = CIRCLE('',#2590,6.);
#2590 = AXIS2_PLACEMENT_2D('',#2591,#2592);
#2591 = CARTESIAN_POINT('',(60.,60.));
#2592 = DIRECTION('',(1.,0.));
#2593 = ( GEOMETRIC_REPRESENTATION_CONTEXT(2) 
PARAMETRIC_REPRESENTATION_CONTEXT() REPRESENTATION_CONTEXT('2D SPACE',''
  ) );
#2594 = PCURVE('',#1203,#2595);
#2595 = DEFINITIONAL_REPRESENTATION('',(#2596),#2600);
#2596 = LINE('',#2597,#2598);
#2597 = CARTESIAN_POINT('',(3.14159265359,-4.712388980385));
#2598 = VECTOR('',#2599,1.);
#2599 = DIRECTION('',(-0.,1.));
#2600 = ( GEOMETRIC_REPRESENTATION_CONTEXT(2) 
PARAMETRIC_REPRESENTATION_CONTEXT() REPRESENTATION_CONTEXT('2D SPACE',''
  ) );
#2601 = ORIENTED_EDGE('',*,*,#1158,.T.);
#2602 = ADVANCED_FACE('',(#2603),#1235,.F.);
#2603 = FACE_BOUND('',#2604,.F.);
#2604 = EDGE_LOOP('',(#2605,#2633,#2655));
#2605 = ORIENTED_EDGE('',*,*,#2606,.F.);
#2606 = EDGE_CURVE('',#2607,#1220,#2609,.T.);
#2607 = VERTEX_POINT('',#2608);
#2608 = CARTESIAN_POINT('',(16.666666666667,-8.998558695971E-32,-68.));
#2609 = SURFACE_CURVE('',#2610,(#2615,#2626),.PCURVE_S1.);
#2610 = CIRCLE('',#2611,6.);
#2611 = AXIS2_PLACEMENT_3D('',#2612,#2613,#2614);
#2612 = CARTESIAN_POINT('',(16.666666666667,0.,-62.));
#2613 = DIRECTION('',(-2.449293598295E-16,-1.,0.));
#2614 = DIRECTION('',(1.,-2.449293598295E-16,0.));
#2615 = PCURVE('',#1235,#2616);
#2616 = DEFINITIONAL_REPRESENTATION('',(#2617),#2625);
#2617 = ( BOUNDED_CURVE() B_SPLINE_CURVE(2,(#2618,#2619,#2620,#2621,
#2622,#2623,#2624),.UNSPECIFIED.,.T.,.F.) B_SPLINE_CURVE_WITH_KNOTS((1,2
    ,2,2,2,1),(-2.094395102393,0.,2.094395102393,4.188790204786,
6.28318530718,8.377580409573),.UNSPECIFIED.) CURVE() 
GEOMETRIC_REPRESENTATION_ITEM() RATIONAL_B_SPLINE_CURVE((1.,0.5,1.,0.5,
1.,0.5,1.)) REPRESENTATION_ITEM('') );
#2618 = CARTESIAN_POINT('',(60.,66.));
#2619 = CARTESIAN_POINT('',(70.392304845413,66.));
#2620 = CARTESIAN_POINT('',(65.196152422707,57.));
#2621 = CARTESIAN_POINT('',(60.,48.));
#2622 = CARTESIAN_POINT('',(54.803847577293,57.));
#2623 = CARTESIAN_POINT('',(49.607695154587,66.));
#2624 = CARTESIAN_POINT('',(60.,66.));
#2625 = ( GEOMETRIC_REPRESENTATION_CONTEXT(2) 
PARAMETRIC_REPRESENTATION_CONTEXT() REPRESENTATION_CONTEXT('2D SPACE',''
  ) );
#2626 = PCURVE('',#1262,#2627);
#2627 = DEFINITIONAL_REPRESENTATION('',(#2628),#2632);
#2628 = LINE('',#2629,#2630);
#2629 = CARTESIAN_POINT('',(0.,-6.28318530718));
#2630 = VECTOR('',#2631,1.);
#2631 = DIRECTION('',(0.,1.));
#2632 = ( GEOMETRIC_REPRESENTATION_CONTEXT(2) 
PARAMETRIC_REPRESENTATION_CONTEXT() REPRESENTATION_CONTEXT('2D SPACE',''
  ) );
#2633 = ORIENTED_EDGE('',*,*,#2634,.T.);
#2634 = EDGE_CURVE('',#2607,#1218,#2635,.T.);
#2635 = SURFACE_CURVE('',#2636,(#2641,#2648),.PCURVE_S1.);
#2636 = CIRCLE('',#2637,6.);
#2637 = AXIS2_PLACEMENT_3D('',#2638,#2639,#2640);
#2638 = CARTESIAN_POINT('',(16.666666666667,0.,-62.));
#2639 = DIRECTION('',(0.,1.,0.));
#2640 = DIRECTION('',(0.,-0.,1.));
#2641 = PCURVE('',#1235,#2642);
#2642 = DEFINITIONAL_REPRESENTATION('',(#2643),#2647);
#2643 = CIRCLE('',#2644,6.);
#2644 = AXIS2_PLACEMENT_2D('',#2645,#2646);
#2645 = CARTESIAN_POINT('',(60.,60.));
#2646 = DIRECTION('',(1.,0.));
#2647 = ( GEOMETRIC_REPRESENTATION_CONTEXT(2) 
PARAMETRIC_REPRESENTATION_CONTEXT() REPRESENTATION_CONTEXT('2D SPACE',''
  ) );
#2648 = PCURVE('',#1262,#2649);
#2649 = DEFINITIONAL_REPRESENTATION('',(#2650),#2654);
#2650 = LINE('',#2651,#2652);
#2651 = CARTESIAN_POINT('',(3.14159265359,-4.712388980385));
#2652 = VECTOR('',#2653,1.);
#2653 = DIRECTION('',(-0.,1.));
#2654 = ( GEOMETRIC_REPRESENTATION_CONTEXT(2) 
PARAMETRIC_REPRESENTATION_CONTEXT() REPRESENTATION_CONTEXT('2D SPACE',''
  ) );
#2655 = ORIENTED_EDGE('',*,*,#1217,.T.);
#2656 = ADVANCED_FACE('',(#2657),#1342,.F.);
#2657 = FACE_BOUND('',#2658,.F.);
#2658 = EDGE_LOOP('',(#2659,#2682,#2710,#2731));
#2659 = ORIENTED_EDGE('',*,*,#2660,.F.);
#2660 = EDGE_CURVE('',#2661,#1325,#2663,.T.);
#2661 = VERTEX_POINT('',#2662);
#2662 = CARTESIAN_POINT('',(-4.,-31.,-72.));
#2663 = SURFACE_CURVE('',#2664,(#2668,#2675),.PCURVE_S1.);
#2664 = LINE('',#2665,#2666);
#2665 = CARTESIAN_POINT('',(-4.,-31.,-72.));
#2666 = VECTOR('',#2667,1.);
#2667 = DIRECTION('',(0.,0.,1.));
#2668 = PCURVE('',#1342,#2669);
#2669 = DEFINITIONAL_REPRESENTATION('',(#2670),#2674);
#2670 = LINE('',#2671,#2672);
#2671 = CARTESIAN_POINT('',(0.,0.));
#2672 = VECTOR('',#2673,1.);
#2673 = DIRECTION('',(1.,0.));
#2674 = ( GEOMETRIC_REPRESENTATION_CONTEXT(2) 
PARAMETRIC_REPRESENTATION_CONTEXT() REPRESENTATION_CONTEXT('2D SPACE',''
  ) );
#2675 = PCURVE('',#1424,#2676);
#2676 = DEFINITIONAL_REPRESENTATION('',(#2677),#2681);
#2677 = LINE('',#2678,#2679);
#2678 = CARTESIAN_POINT('',(0.,0.));
#2679 = VECTOR('',#2680,1.);
#2680 = DIRECTION('',(1.,0.));
#2681 = ( GEOMETRIC_REPRESENTATION_CONTEXT(2) 
PARAMETRIC_REPRESENTATION_CONTEXT() REPRESENTATION_CONTEXT('2D SPACE',''
  ) );
#2682 = ORIENTED_EDGE('',*,*,#2683,.T.);
#2683 = EDGE_CURVE('',#2661,#2684,#2686,.T.);
#2684 = VERTEX_POINT('',#2685);
#2685 = CARTESIAN_POINT('',(-4.,-23.,-72.));
#2686 = SURFACE_CURVE('',#2687,(#2691,#2698),.PCURVE_S1.);
#2687 = LINE('',#2688,#2689);
#2688 = CARTESIAN_POINT('',(-4.,-31.,-72.));
#2689 = VECTOR('',#2690,1.);
#2690 = DIRECTION('',(0.,1.,0.));
#2691 = PCURVE('',#1342,#2692);
#2692 = DEFINITIONAL_REPRESENTATION('',(#2693),#2697);
#2693 = LINE('',#2694,#2695);
#2694 = CARTESIAN_POINT('',(0.,0.));
#2695 = VECTOR('',#2696,1.);
#2696 = DIRECTION('',(0.,-1.));
#2697 = ( GEOMETRIC_REPRESENTATION_CONTEXT(2) 
PARAMETRIC_REPRESENTATION_CONTEXT() REPRESENTATION_CONTEXT('2D SPACE',''
  ) );
#2698 = PCURVE('',#2699,#2704);
#2699 = PLANE('',#2700);
#2700 = AXIS2_PLACEMENT_3D('',#2701,#2702,#2703);
#2701 = CARTESIAN_POINT('',(-4.,-31.,-72.));
#2702 = DIRECTION('',(0.,0.,1.));
#2703 = DIRECTION('',(1.,0.,0.));
#2704 = DEFINITIONAL_REPRESENTATION('',(#2705),#2709);
#2705 = LINE('',#2706,#2707);
#2706 = CARTESIAN_POINT('',(0.,0.));
#2707 = VECTOR('',#2708,1.);
#2708 = DIRECTION('',(0.,1.));
#2709 = ( GEOMETRIC_REPRESENTATION_CONTEXT(2) 
PARAMETRIC_REPRESENTATION_CONTEXT() REPRESENTATION_CONTEXT('2D SPACE',''
  ) );
#2710 = ORIENTED_EDGE('',*,*,#2711,.T.);
#2711 = EDGE_CURVE('',#2684,#1327,#2712,.T.);
#2712 = SURFACE_CURVE('',#2713,(#2717,#2724),.PCURVE_S1.);
#2713 = LINE('',#2714,#2715);
#2714 = CARTESIAN_POINT('',(-4.,-23.,-72.));
#2715 = VECTOR('',#2716,1.);
#2716 = DIRECTION('',(0.,0.,1.));
#2717 = PCURVE('',#1342,#2718);
#2718 = DEFINITIONAL_REPRESENTATION('',(#2719),#2723);
#2719 = LINE('',#2720,#2721);
#2720 = CARTESIAN_POINT('',(0.,-8.));
#2721 = VECTOR('',#2722,1.);
#2722 = DIRECTION('',(1.,0.));
#2723 = ( GEOMETRIC_REPRESENTATION_CONTEXT(2) 
PARAMETRIC_REPRESENTATION_CONTEXT() REPRESENTATION_CONTEXT('2D SPACE',''
  ) );
#2724 = PCURVE('',#1370,#2725);
#2725 = DEFINITIONAL_REPRESENTATION('',(#2726),#2730);
#2726 = LINE('',#2727,#2728);
#2727 = CARTESIAN_POINT('',(0.,0.));
#2728 = VECTOR('',#2729,1.);
#2729 = DIRECTION('',(1.,0.));
#2730 = ( GEOMETRIC_REPRESENTATION_CONTEXT(2) 
PARAMETRIC_REPRESENTATION_CONTEXT() REPRESENTATION_CONTEXT('2D SPACE',''
  ) );
#2731 = ORIENTED_EDGE('',*,*,#1324,.F.);
#2732 = ADVANCED_FACE('',(#2733),#1424,.F.);
#2733 = FACE_BOUND('',#2734,.F.);
#2734 = EDGE_LOOP('',(#2735,#2758,#2759,#2760));
#2735 = ORIENTED_EDGE('',*,*,#2736,.F.);
#2736 = EDGE_CURVE('',#2661,#2737,#2739,.T.);
#2737 = VERTEX_POINT('',#2738);
#2738 = CARTESIAN_POINT('',(4.,-31.,-72.));
#2739 = SURFACE_CURVE('',#2740,(#2744,#2751),.PCURVE_S1.);
#2740 = LINE('',#2741,#2742);
#2741 = CARTESIAN_POINT('',(-4.,-31.,-72.));
#2742 = VECTOR('',#2743,1.);
#2743 = DIRECTION('',(1.,0.,0.));
#2744 = PCURVE('',#1424,#2745);
#2745 = DEFINITIONAL_REPRESENTATION('',(#2746),#2750);
#2746 = LINE('',#2747,#2748);
#2747 = CARTESIAN_POINT('',(0.,0.));
#2748 = VECTOR('',#2749,1.);
#2749 = DIRECTION('',(0.,1.));
#2750 = ( GEOMETRIC_REPRESENTATION_CONTEXT(2) 
PARAMETRIC_REPRESENTATION_CONTEXT() REPRESENTATION_CONTEXT('2D SPACE',''
  ) );
#2751 = PCURVE('',#2699,#2752);
#2752 = DEFINITIONAL_REPRESENTATION('',(#2753),#2757);
#2753 = LINE('',#2754,#2755);
#2754 = CARTESIAN_POINT('',(0.,0.));
#2755 = VECTOR('',#2756,1.);
#2756 = DIRECTION('',(1.,0.));
#2757 = ( GEOMETRIC_REPRESENTATION_CONTEXT(2) 
PARAMETRIC_REPRESENTATION_CONTEXT() REPRESENTATION_CONTEXT('2D SPACE',''
  ) );
#2758 = ORIENTED_EDGE('',*,*,#2660,.T.);
#2759 = ORIENTED_EDGE('',*,*,#1410,.T.);
#2760 = ORIENTED_EDGE('',*,*,#2761,.F.);
#2761 = EDGE_CURVE('',#2737,#1383,#2762,.T.);
#2762 = SURFACE_CURVE('',#2763,(#2767,#2774),.PCURVE_S1.);
#2763 = LINE('',#2764,#2765);
#2764 = CARTESIAN_POINT('',(4.,-31.,-72.));
#2765 = VECTOR('',#2766,1.);
#2766 = DIRECTION('',(0.,0.,1.));
#2767 = PCURVE('',#1424,#2768);
#2768 = DEFINITIONAL_REPRESENTATION('',(#2769),#2773);
#2769 = LINE('',#2770,#2771);
#2770 = CARTESIAN_POINT('',(0.,8.));
#2771 = VECTOR('',#2772,1.);
#2772 = DIRECTION('',(1.,0.));
#2773 = ( GEOMETRIC_REPRESENTATION_CONTEXT(2) 
PARAMETRIC_REPRESENTATION_CONTEXT() REPRESENTATION_CONTEXT('2D SPACE',''
  ) );
#2774 = PCURVE('',#1398,#2775);
#2775 = DEFINITIONAL_REPRESENTATION('',(#2776),#2780);
#2776 = LINE('',#2777,#2778);
#2777 = CARTESIAN_POINT('',(0.,0.));
#2778 = VECTOR('',#2779,1.);
#2779 = DIRECTION('',(1.,0.));
#2780 = ( GEOMETRIC_REPRESENTATION_CONTEXT(2) 
PARAMETRIC_REPRESENTATION_CONTEXT() REPRESENTATION_CONTEXT('2D SPACE',''
  ) );
#2781 = ADVANCED_FACE('',(#2782),#1398,.T.);
#2782 = FACE_BOUND('',#2783,.T.);
#2783 = EDGE_LOOP('',(#2784,#2785,#2808,#2829));
#2784 = ORIENTED_EDGE('',*,*,#2761,.F.);
#2785 = ORIENTED_EDGE('',*,*,#2786,.T.);
#2786 = EDGE_CURVE('',#2737,#2787,#2789,.T.);
#2787 = VERTEX_POINT('',#2788);
#2788 = CARTESIAN_POINT('',(4.,-23.,-72.));
#2789 = SURFACE_CURVE('',#2790,(#2794,#2801),.PCURVE_S1.);
#2790 = LINE('',#2791,#2792);
#2791 = CARTESIAN_POINT('',(4.,-31.,-72.));
#2792 = VECTOR('',#2793,1.);
#2793 = DIRECTION('',(0.,1.,0.));
#2794 = PCURVE('',#1398,#2795);
#2795 = DEFINITIONAL_REPRESENTATION('',(#2796),#2800);
#2796 = LINE('',#2797,#2798);
#2797 = CARTESIAN_POINT('',(0.,0.));
#2798 = VECTOR('',#2799,1.);
#2799 = DIRECTION('',(0.,-1.));
#2800 = ( GEOMETRIC_REPRESENTATION_CONTEXT(2) 
PARAMETRIC_REPRESENTATION_CONTEXT() REPRESENTATION_CONTEXT('2D SPACE',''
  ) );
#2801 = PCURVE('',#2699,#2802);
#2802 = DEFINITIONAL_REPRESENTATION('',(#2803),#2807);
#2803 = LINE('',#2804,#2805);
#2804 = CARTESIAN_POINT('',(8.,0.));
#2805 = VECTOR('',#2806,1.);
#2806 = DIRECTION('',(0.,1.));
#2807 = ( GEOMETRIC_REPRESENTATION_CONTEXT(2) 
PARAMETRIC_REPRESENTATION_CONTEXT() REPRESENTATION_CONTEXT('2D SPACE',''
  ) );
#2808 = ORIENTED_EDGE('',*,*,#2809,.T.);
#2809 = EDGE_CURVE('',#2787,#1355,#2810,.T.);
#2810 = SURFACE_CURVE('',#2811,(#2815,#2822),.PCURVE_S1.);
#2811 = LINE('',#2812,#2813);
#2812 = CARTESIAN_POINT('',(4.,-23.,-72.));
#2813 = VECTOR('',#2814,1.);
#2814 = DIRECTION('',(0.,0.,1.));
#2815 = PCURVE('',#1398,#2816);
#2816 = DEFINITIONAL_REPRESENTATION('',(#2817),#2821);
#2817 = LINE('',#2818,#2819);
#2818 = CARTESIAN_POINT('',(0.,-8.));
#2819 = VECTOR('',#2820,1.);
#2820 = DIRECTION('',(1.,0.));
#2821 = ( GEOMETRIC_REPRESENTATION_CONTEXT(2) 
PARAMETRIC_REPRESENTATION_CONTEXT() REPRESENTATION_CONTEXT('2D SPACE',''
  ) );
#2822 = PCURVE('',#1370,#2823);
#2823 = DEFINITIONAL_REPRESENTATION('',(#2824),#2828);
#2824 = LINE('',#2825,#2826);
#2825 = CARTESIAN_POINT('',(0.,8.));
#2826 = VECTOR('',#2827,1.);
#2827 = DIRECTION('',(1.,0.));
#2828 = ( GEOMETRIC_REPRESENTATION_CONTEXT(2) 
PARAMETRIC_REPRESENTATION_CONTEXT() REPRESENTATION_CONTEXT('2D SPACE',''
  ) );
#2829 = ORIENTED_EDGE('',*,*,#1382,.F.);
#2830 = ADVANCED_FACE('',(#2831),#1370,.T.);
#2831 = FACE_BOUND('',#2832,.T.);
#2832 = EDGE_LOOP('',(#2833,#2854,#2855,#2856));
#2833 = ORIENTED_EDGE('',*,*,#2834,.F.);
#2834 = EDGE_CURVE('',#2684,#2787,#2835,.T.);
#2835 = SURFACE_CURVE('',#2836,(#2840,#2847),.PCURVE_S1.);
#2836 = LINE('',#2837,#2838);
#2837 = CARTESIAN_POINT('',(-4.,-23.,-72.));
#2838 = VECTOR('',#2839,1.);
#2839 = DIRECTION('',(1.,0.,0.));
#2840 = PCURVE('',#1370,#2841);
#2841 = DEFINITIONAL_REPRESENTATION('',(#2842),#2846);
#2842 = LINE('',#2843,#2844);
#2843 = CARTESIAN_POINT('',(0.,0.));
#2844 = VECTOR('',#2845,1.);
#2845 = DIRECTION('',(0.,1.));
#2846 = ( GEOMETRIC_REPRESENTATION_CONTEXT(2) 
PARAMETRIC_REPRESENTATION_CONTEXT() REPRESENTATION_CONTEXT('2D SPACE',''
  ) );
#2847 = PCURVE('',#2699,#2848);
#2848 = DEFINITIONAL_REPRESENTATION('',(#2849),#2853);
#2849 = LINE('',#2850,#2851);
#2850 = CARTESIAN_POINT('',(0.,8.));
#2851 = VECTOR('',#2852,1.);
#2852 = DIRECTION('',(1.,0.));
#2853 = ( GEOMETRIC_REPRESENTATION_CONTEXT(2) 
PARAMETRIC_REPRESENTATION_CONTEXT() REPRESENTATION_CONTEXT('2D SPACE',''
  ) );
#2854 = ORIENTED_EDGE('',*,*,#2711,.T.);
#2855 = ORIENTED_EDGE('',*,*,#1354,.T.);
#2856 = ORIENTED_EDGE('',*,*,#2809,.F.);
#2857 = ADVANCED_FACE('',(#2858),#1668,.F.);
#2858 = FACE_BOUND('',#2859,.F.);
#2859 = EDGE_LOOP('',(#2860,#2886));
#2860 = ORIENTED_EDGE('',*,*,#2861,.F.);
#2861 = EDGE_CURVE('',#1651,#1653,#2862,.T.);
#2862 = SURFACE_CURVE('',#2863,(#2868,#2879),.PCURVE_S1.);
#2863 = CIRCLE('',#2864,6.);
#2864 = AXIS2_PLACEMENT_3D('',#2865,#2866,#2867);
#2865 = CARTESIAN_POINT('',(52.,0.,-20.));
#2866 = DIRECTION('',(-2.449293598295E-16,-1.,0.));
#2867 = DIRECTION('',(1.,-2.449293598295E-16,0.));
#2868 = PCURVE('',#1668,#2869);
#2869 = DEFINITIONAL_REPRESENTATION('',(#2870),#2878);
#2870 = ( BOUNDED_CURVE() B_SPLINE_CURVE(2,(#2871,#2872,#2873,#2874,
#2875,#2876,#2877),.UNSPECIFIED.,.T.,.F.) B_SPLINE_CURVE_WITH_KNOTS((1,2
    ,2,2,2,1),(-2.094395102393,0.,2.094395102393,4.188790204786,
6.28318530718,8.377580409573),.UNSPECIFIED.) CURVE() 
GEOMETRIC_REPRESENTATION_ITEM() RATIONAL_B_SPLINE_CURVE((1.,0.5,1.,0.5,
1.,0.5,1.)) REPRESENTATION_ITEM('') );
#2871 = CARTESIAN_POINT('',(60.,66.));
#2872 = CARTESIAN_POINT('',(70.392304845413,66.));
#2873 = CARTESIAN_POINT('',(65.196152422707,57.));
#2874 = CARTESIAN_POINT('',(60.,48.));
#2875 = CARTESIAN_POINT('',(54.803847577293,57.));
#2876 = CARTESIAN_POINT('',(49.607695154587,66.));
#2877 = CARTESIAN_POINT('',(60.,66.));
#2878 = ( GEOMETRIC_REPRESENTATION_CONTEXT(2) 
PARAMETRIC_REPRESENTATION_CONTEXT() REPRESENTATION_CONTEXT('2D SPACE',''
  ) );
#2879 = PCURVE('',#1699,#2880);
#2880 = DEFINITIONAL_REPRESENTATION('',(#2881),#2885);
#2881 = LINE('',#2882,#2883);
#2882 = CARTESIAN_POINT('',(0.,-6.28318530718));
#2883 = VECTOR('',#2884,1.);
#2884 = DIRECTION('',(0.,1.));
#2885 = ( GEOMETRIC_REPRESENTATION_CONTEXT(2) 
PARAMETRIC_REPRESENTATION_CONTEXT() REPRESENTATION_CONTEXT('2D SPACE',''
  ) );
#2886 = ORIENTED_EDGE('',*,*,#1650,.T.);
#2887 = ADVANCED_FACE('',(#2888),#1793,.F.);
#2888 = FACE_BOUND('',#2889,.F.);
#2889 = EDGE_LOOP('',(#2890,#2916));
#2890 = ORIENTED_EDGE('',*,*,#2891,.F.);
#2891 = EDGE_CURVE('',#1776,#1778,#2892,.T.);
#2892 = SURFACE_CURVE('',#2893,(#2898,#2909),.PCURVE_S1.);
#2893 = CIRCLE('',#2894,6.);
#2894 = AXIS2_PLACEMENT_3D('',#2895,#2896,#2897);
#2895 = CARTESIAN_POINT('',(52.,0.,20.));
#2896 = DIRECTION('',(-2.449293598295E-16,-1.,0.));
#2897 = DIRECTION('',(1.,-2.449293598295E-16,0.));
#2898 = PCURVE('',#1793,#2899);
#2899 = DEFINITIONAL_REPRESENTATION('',(#2900),#2908);
#2900 = ( BOUNDED_CURVE() B_SPLINE_CURVE(2,(#2901,#2902,#2903,#2904,
#2905,#2906,#2907),.UNSPECIFIED.,.T.,.F.) B_SPLINE_CURVE_WITH_KNOTS((1,2
    ,2,2,2,1),(-2.094395102393,0.,2.094395102393,4.188790204786,
6.28318530718,8.377580409573),.UNSPECIFIED.) CURVE() 
GEOMETRIC_REPRESENTATION_ITEM() RATIONAL_B_SPLINE_CURVE((1.,0.5,1.,0.5,
1.,0.5,1.)) REPRESENTATION_ITEM('') );
#2901 = CARTESIAN_POINT('',(60.,66.));
#2902 = CARTESIAN_POINT('',(70.392304845413,66.));
#2903 = CARTESIAN_POINT('',(65.196152422707,57.));
#2904 = CARTESIAN_POINT('',(60.,48.));
#2905 = CARTESIAN_POINT('',(54.803847577293,57.));
#2906 = CARTESIAN_POINT('',(49.607695154587,66.));
#2907 = CARTESIAN_POINT('',(60.,66.));
#2908 = ( GEOMETRIC_REPRESENTATION_CONTEXT(2) 
PARAMETRIC_REPRESENTATION_CONTEXT() REPRESENTATION_CONTEXT('2D SPACE',''
  ) );
#2909 = PCURVE('',#1824,#2910);
#2910 = DEFINITIONAL_REPRESENTATION('',(#2911),#2915);
#2911 = LINE('',#2912,#2913);
#2912 = CARTESIAN_POINT('',(0.,-6.28318530718));
#2913 = VECTOR('',#2914,1.);
#2914 = DIRECTION('',(0.,1.));
#2915 = ( GEOMETRIC_REPRESENTATION_CONTEXT(2) 
PARAMETRIC_REPRESENTATION_CONTEXT() REPRESENTATION_CONTEXT('2D SPACE',''
  ) );
#2916 = ORIENTED_EDGE('',*,*,#1775,.T.);
#2917 = ADVANCED_FACE('',(#2918),#1918,.F.);
#2918 = FACE_BOUND('',#2919,.F.);
#2919 = EDGE_LOOP('',(#2920,#2943,#2944,#2967));
#2920 = ORIENTED_EDGE('',*,*,#2921,.F.);
#2921 = EDGE_CURVE('',#1901,#2922,#2924,.T.);
#2922 = VERTEX_POINT('',#2923);
#2923 = CARTESIAN_POINT('',(60.,-34.5,-5.));
#2924 = SURFACE_CURVE('',#2925,(#2929,#2936),.PCURVE_S1.);
#2925 = LINE('',#2926,#2927);
#2926 = CARTESIAN_POINT('',(54.,-34.5,-5.));
#2927 = VECTOR('',#2928,1.);
#2928 = DIRECTION('',(1.,0.,0.));
#2929 = PCURVE('',#1918,#2930);
#2930 = DEFINITIONAL_REPRESENTATION('',(#2931),#2935);
#2931 = LINE('',#2932,#2933);
#2932 = CARTESIAN_POINT('',(0.,0.));
#2933 = VECTOR('',#2934,1.);
#2934 = DIRECTION('',(0.,1.));
#2935 = ( GEOMETRIC_REPRESENTATION_CONTEXT(2) 
PARAMETRIC_REPRESENTATION_CONTEXT() REPRESENTATION_CONTEXT('2D SPACE',''
  ) );
#2936 = PCURVE('',#2000,#2937);
#2937 = DEFINITIONAL_REPRESENTATION('',(#2938),#2942);
#2938 = LINE('',#2939,#2940);
#2939 = CARTESIAN_POINT('',(0.,0.));
#2940 = VECTOR('',#2941,1.);
#2941 = DIRECTION('',(1.,0.));
#2942 = ( GEOMETRIC_REPRESENTATION_CONTEXT(2) 
PARAMETRIC_REPRESENTATION_CONTEXT() REPRESENTATION_CONTEXT('2D SPACE',''
  ) );
#2943 = ORIENTED_EDGE('',*,*,#1900,.T.);
#2944 = ORIENTED_EDGE('',*,*,#2945,.T.);
#2945 = EDGE_CURVE('',#1903,#2946,#2948,.T.);
#2946 = VERTEX_POINT('',#2947);
#2947 = CARTESIAN_POINT('',(60.,-34.5,5.));
#2948 = SURFACE_CURVE('',#2949,(#2953,#2960),.PCURVE_S1.);
#2949 = LINE('',#2950,#2951);
#2950 = CARTESIAN_POINT('',(54.,-34.5,5.));
#2951 = VECTOR('',#2952,1.);
#2952 = DIRECTION('',(1.,0.,0.));
#2953 = PCURVE('',#1918,#2954);
#2954 = DEFINITIONAL_REPRESENTATION('',(#2955),#2959);
#2955 = LINE('',#2956,#2957);
#2956 = CARTESIAN_POINT('',(10.,0.));
#2957 = VECTOR('',#2958,1.);
#2958 = DIRECTION('',(0.,1.));
#2959 = ( GEOMETRIC_REPRESENTATION_CONTEXT(2) 
PARAMETRIC_REPRESENTATION_CONTEXT() REPRESENTATION_CONTEXT('2D SPACE',''
  ) );
#2960 = PCURVE('',#1946,#2961);
#2961 = DEFINITIONAL_REPRESENTATION('',(#2962),#2966);
#2962 = LINE('',#2963,#2964);
#2963 = CARTESIAN_POINT('',(0.,0.));
#2964 = VECTOR('',#2965,1.);
#2965 = DIRECTION('',(1.,0.));
#2966 = ( GEOMETRIC_REPRESENTATION_CONTEXT(2) 
PARAMETRIC_REPRESENTATION_CONTEXT() REPRESENTATION_CONTEXT('2D SPACE',''
  ) );
#2967 = ORIENTED_EDGE('',*,*,#2968,.F.);
#2968 = EDGE_CURVE('',#2922,#2946,#2969,.T.);
#2969 = SURFACE_CURVE('',#2970,(#2974,#2981),.PCURVE_S1.);
#2970 = LINE('',#2971,#2972);
#2971 = CARTESIAN_POINT('',(60.,-34.5,-5.));
#2972 = VECTOR('',#2973,1.);
#2973 = DIRECTION('',(0.,0.,1.));
#2974 = PCURVE('',#1918,#2975);
#2975 = DEFINITIONAL_REPRESENTATION('',(#2976),#2980);
#2976 = LINE('',#2977,#2978);
#2977 = CARTESIAN_POINT('',(0.,6.));
#2978 = VECTOR('',#2979,1.);
#2979 = DIRECTION('',(1.,0.));
#2980 = ( GEOMETRIC_REPRESENTATION_CONTEXT(2) 
PARAMETRIC_REPRESENTATION_CONTEXT() REPRESENTATION_CONTEXT('2D SPACE',''
  ) );
#2981 = PCURVE('',#2982,#2987);
#2982 = PLANE('',#2983);
#2983 = AXIS2_PLACEMENT_3D('',#2984,#2985,#2986);
#2984 = CARTESIAN_POINT('',(60.,-34.5,-5.));
#2985 = DIRECTION('',(1.,0.,0.));
#2986 = DIRECTION('',(0.,0.,1.));
#2987 = DEFINITIONAL_REPRESENTATION('',(#2988),#2992);
#2988 = LINE('',#2989,#2990);
#2989 = CARTESIAN_POINT('',(0.,0.));
#2990 = VECTOR('',#2991,1.);
#2991 = DIRECTION('',(1.,0.));
#2992 = ( GEOMETRIC_REPRESENTATION_CONTEXT(2) 
PARAMETRIC_REPRESENTATION_CONTEXT() REPRESENTATION_CONTEXT('2D SPACE',''
  ) );
#2993 = ADVANCED_FACE('',(#2994),#2000,.F.);
#2994 = FACE_BOUND('',#2995,.F.);
#2995 = EDGE_LOOP('',(#2996,#2997,#2998,#3021));
#2996 = ORIENTED_EDGE('',*,*,#1986,.F.);
#2997 = ORIENTED_EDGE('',*,*,#2921,.T.);
#2998 = ORIENTED_EDGE('',*,*,#2999,.T.);
#2999 = EDGE_CURVE('',#2922,#3000,#3002,.T.);
#3000 = VERTEX_POINT('',#3001);
#3001 = CARTESIAN_POINT('',(60.,-19.5,-5.));
#3002 = SURFACE_CURVE('',#3003,(#3007,#3014),.PCURVE_S1.);
#3003 = LINE('',#3004,#3005);
#3004 = CARTESIAN_POINT('',(60.,-34.5,-5.));
#3005 = VECTOR('',#3006,1.);
#3006 = DIRECTION('',(0.,1.,0.));
#3007 = PCURVE('',#2000,#3008);
#3008 = DEFINITIONAL_REPRESENTATION('',(#3009),#3013);
#3009 = LINE('',#3010,#3011);
#3010 = CARTESIAN_POINT('',(6.,0.));
#3011 = VECTOR('',#3012,1.);
#3012 = DIRECTION('',(0.,1.));
#3013 = ( GEOMETRIC_REPRESENTATION_CONTEXT(2) 
PARAMETRIC_REPRESENTATION_CONTEXT() REPRESENTATION_CONTEXT('2D SPACE',''
  ) );
#3014 = PCURVE('',#2982,#3015);
#3015 = DEFINITIONAL_REPRESENTATION('',(#3016),#3020);
#3016 = LINE('',#3017,#3018);
#3017 = CARTESIAN_POINT('',(0.,0.));
#3018 = VECTOR('',#3019,1.);
#3019 = DIRECTION('',(0.,-1.));
#3020 = ( GEOMETRIC_REPRESENTATION_CONTEXT(2) 
PARAMETRIC_REPRESENTATION_CONTEXT() REPRESENTATION_CONTEXT('2D SPACE',''
  ) );
#3021 = ORIENTED_EDGE('',*,*,#3022,.F.);
#3022 = EDGE_CURVE('',#1959,#3000,#3023,.T.);
#3023 = SURFACE_CURVE('',#3024,(#3028,#3035),.PCURVE_S1.);
#3024 = LINE('',#3025,#3026);
#3025 = CARTESIAN_POINT('',(54.,-19.5,-5.));
#3026 = VECTOR('',#3027,1.);
#3027 = DIRECTION('',(1.,0.,0.));
#3028 = PCURVE('',#2000,#3029);
#3029 = DEFINITIONAL_REPRESENTATION('',(#3030),#3034);
#3030 = LINE('',#3031,#3032);
#3031 = CARTESIAN_POINT('',(0.,15.));
#3032 = VECTOR('',#3033,1.);
#3033 = DIRECTION('',(1.,0.));
#3034 = ( GEOMETRIC_REPRESENTATION_CONTEXT(2) 
PARAMETRIC_REPRESENTATION_CONTEXT() REPRESENTATION_CONTEXT('2D SPACE',''
  ) );
#3035 = PCURVE('',#1974,#3036);
#3036 = DEFINITIONAL_REPRESENTATION('',(#3037),#3041);
#3037 = LINE('',#3038,#3039);
#3038 = CARTESIAN_POINT('',(0.,0.));
#3039 = VECTOR('',#3040,1.);
#3040 = DIRECTION('',(0.,1.));
#3041 = ( GEOMETRIC_REPRESENTATION_CONTEXT(2) 
PARAMETRIC_REPRESENTATION_CONTEXT() REPRESENTATION_CONTEXT('2D SPACE',''
  ) );
#3042 = ADVANCED_FACE('',(#3043),#1974,.T.);
#3043 = FACE_BOUND('',#3044,.T.);
#3044 = EDGE_LOOP('',(#3045,#3046,#3047,#3070));
#3045 = ORIENTED_EDGE('',*,*,#3022,.F.);
#3046 = ORIENTED_EDGE('',*,*,#1958,.T.);
#3047 = ORIENTED_EDGE('',*,*,#3048,.T.);
#3048 = EDGE_CURVE('',#1931,#3049,#3051,.T.);
#3049 = VERTEX_POINT('',#3050);
#3050 = CARTESIAN_POINT('',(60.,-19.5,5.));
#3051 = SURFACE_CURVE('',#3052,(#3056,#3063),.PCURVE_S1.);
#3052 = LINE('',#3053,#3054);
#3053 = CARTESIAN_POINT('',(54.,-19.5,5.));
#3054 = VECTOR('',#3055,1.);
#3055 = DIRECTION('',(1.,0.,0.));
#3056 = PCURVE('',#1974,#3057);
#3057 = DEFINITIONAL_REPRESENTATION('',(#3058),#3062);
#3058 = LINE('',#3059,#3060);
#3059 = CARTESIAN_POINT('',(10.,0.));
#3060 = VECTOR('',#3061,1.);
#3061 = DIRECTION('',(0.,1.));
#3062 = ( GEOMETRIC_REPRESENTATION_CONTEXT(2) 
PARAMETRIC_REPRESENTATION_CONTEXT() REPRESENTATION_CONTEXT('2D SPACE',''
  ) );
#3063 = PCURVE('',#1946,#3064);
#3064 = DEFINITIONAL_REPRESENTATION('',(#3065),#3069);
#3065 = LINE('',#3066,#3067);
#3066 = CARTESIAN_POINT('',(0.,15.));
#3067 = VECTOR('',#3068,1.);
#3068 = DIRECTION('',(1.,0.));
#3069 = ( GEOMETRIC_REPRESENTATION_CONTEXT(2) 
PARAMETRIC_REPRESENTATION_CONTEXT() REPRESENTATION_CONTEXT('2D SPACE',''
  ) );
#3070 = ORIENTED_EDGE('',*,*,#3071,.F.);
#3071 = EDGE_CURVE('',#3000,#3049,#3072,.T.);
#3072 = SURFACE_CURVE('',#3073,(#3077,#3084),.PCURVE_S1.);
#3073 = LINE('',#3074,#3075);
#3074 = CARTESIAN_POINT('',(60.,-19.5,-5.));
#3075 = VECTOR('',#3076,1.);
#3076 = DIRECTION('',(0.,0.,1.));
#3077 = PCURVE('',#1974,#3078);
#3078 = DEFINITIONAL_REPRESENTATION('',(#3079),#3083);
#3079 = LINE('',#3080,#3081);
#3080 = CARTESIAN_POINT('',(0.,6.));
#3081 = VECTOR('',#3082,1.);
#3082 = DIRECTION('',(1.,0.));
#3083 = ( GEOMETRIC_REPRESENTATION_CONTEXT(2) 
PARAMETRIC_REPRESENTATION_CONTEXT() REPRESENTATION_CONTEXT('2D SPACE',''
  ) );
#3084 = PCURVE('',#2982,#3085);
#3085 = DEFINITIONAL_REPRESENTATION('',(#3086),#3090);
#3086 = LINE('',#3087,#3088);
#3087 = CARTESIAN_POINT('',(0.,-15.));
#3088 = VECTOR('',#3089,1.);
#3089 = DIRECTION('',(1.,0.));
#3090 = ( GEOMETRIC_REPRESENTATION_CONTEXT(2) 
PARAMETRIC_REPRESENTATION_CONTEXT() REPRESENTATION_CONTEXT('2D SPACE',''
  ) );
#3091 = ADVANCED_FACE('',(#3092),#1946,.T.);
#3092 = FACE_BOUND('',#3093,.T.);
#3093 = EDGE_LOOP('',(#3094,#3095,#3096,#3117));
#3094 = ORIENTED_EDGE('',*,*,#1930,.F.);
#3095 = ORIENTED_EDGE('',*,*,#2945,.T.);
#3096 = ORIENTED_EDGE('',*,*,#3097,.T.);
#3097 = EDGE_CURVE('',#2946,#3049,#3098,.T.);
#3098 = SURFACE_CURVE('',#3099,(#3103,#3110),.PCURVE_S1.);
#3099 = LINE('',#3100,#3101);
#3100 = CARTESIAN_POINT('',(60.,-34.5,5.));
#3101 = VECTOR('',#3102,1.);
#3102 = DIRECTION('',(0.,1.,0.));
#3103 = PCURVE('',#1946,#3104);
#3104 = DEFINITIONAL_REPRESENTATION('',(#3105),#3109);
#3105 = LINE('',#3106,#3107);
#3106 = CARTESIAN_POINT('',(6.,0.));
#3107 = VECTOR('',#3108,1.);
#3108 = DIRECTION('',(0.,1.));
#3109 = ( GEOMETRIC_REPRESENTATION_CONTEXT(2) 
PARAMETRIC_REPRESENTATION_CONTEXT() REPRESENTATION_CONTEXT('2D SPACE',''
  ) );
#3110 = PCURVE('',#2982,#3111);
#3111 = DEFINITIONAL_REPRESENTATION('',(#3112),#3116);
#3112 = LINE('',#3113,#3114);
#3113 = CARTESIAN_POINT('',(10.,0.));
#3114 = VECTOR('',#3115,1.);
#3115 = DIRECTION('',(0.,-1.));
#3116 = ( GEOMETRIC_REPRESENTATION_CONTEXT(2) 
PARAMETRIC_REPRESENTATION_CONTEXT() REPRESENTATION_CONTEXT('2D SPACE',''
  ) );
#3117 = ORIENTED_EDGE('',*,*,#3048,.F.);
#3118 = ADVANCED_FACE('',(#3119),#2196,.F.);
#3119 = FACE_BOUND('',#3120,.F.);
#3120 = EDGE_LOOP('',(#3121,#3122,#3146));
#3121 = ORIENTED_EDGE('',*,*,#2178,.F.);
#3122 = ORIENTED_EDGE('',*,*,#3123,.T.);
#3123 = EDGE_CURVE('',#2179,#3124,#3126,.T.);
#3124 = VERTEX_POINT('',#3125);
#3125 = CARTESIAN_POINT('',(-16.66666666666,-8.998558695971E-32,68.));
#3126 = SURFACE_CURVE('',#3127,(#3132,#3139),.PCURVE_S1.);
#3127 = CIRCLE('',#3128,6.);
#3128 = AXIS2_PLACEMENT_3D('',#3129,#3130,#3131);
#3129 = CARTESIAN_POINT('',(-16.66666666666,0.,62.));
#3130 = DIRECTION('',(0.,1.,0.));
#3131 = DIRECTION('',(0.,-0.,1.));
#3132 = PCURVE('',#2196,#3133);
#3133 = DEFINITIONAL_REPRESENTATION('',(#3134),#3138);
#3134 = CIRCLE('',#3135,6.);
#3135 = AXIS2_PLACEMENT_2D('',#3136,#3137);
#3136 = CARTESIAN_POINT('',(60.,60.));
#3137 = DIRECTION('',(1.,0.));
#3138 = ( GEOMETRIC_REPRESENTATION_CONTEXT(2) 
PARAMETRIC_REPRESENTATION_CONTEXT() REPRESENTATION_CONTEXT('2D SPACE',''
  ) );
#3139 = PCURVE('',#2223,#3140);
#3140 = DEFINITIONAL_REPRESENTATION('',(#3141),#3145);
#3141 = LINE('',#3142,#3143);
#3142 = CARTESIAN_POINT('',(3.14159265359,-4.712388980385));
#3143 = VECTOR('',#3144,1.);
#3144 = DIRECTION('',(-0.,1.));
#3145 = ( GEOMETRIC_REPRESENTATION_CONTEXT(2) 
PARAMETRIC_REPRESENTATION_CONTEXT() REPRESENTATION_CONTEXT('2D SPACE',''
  ) );
#3146 = ORIENTED_EDGE('',*,*,#3147,.F.);
#3147 = EDGE_CURVE('',#2181,#3124,#3148,.T.);
#3148 = SURFACE_CURVE('',#3149,(#3154,#3165),.PCURVE_S1.);
#3149 = CIRCLE('',#3150,6.);
#3150 = AXIS2_PLACEMENT_3D('',#3151,#3152,#3153);
#3151 = CARTESIAN_POINT('',(-16.66666666666,0.,62.));
#3152 = DIRECTION('',(-2.449293598295E-16,-1.,0.));
#3153 = DIRECTION('',(1.,-2.449293598295E-16,0.));
#3154 = PCURVE('',#2196,#3155);
#3155 = DEFINITIONAL_REPRESENTATION('',(#3156),#3164);
#3156 = ( BOUNDED_CURVE() B_SPLINE_CURVE(2,(#3157,#3158,#3159,#3160,
#3161,#3162,#3163),.UNSPECIFIED.,.T.,.F.) B_SPLINE_CURVE_WITH_KNOTS((1,2
    ,2,2,2,1),(-2.094395102393,0.,2.094395102393,4.188790204786,
6.28318530718,8.377580409573),.UNSPECIFIED.) CURVE() 
GEOMETRIC_REPRESENTATION_ITEM() RATIONAL_B_SPLINE_CURVE((1.,0.5,1.,0.5,
1.,0.5,1.)) REPRESENTATION_ITEM('') );
#3157 = CARTESIAN_POINT('',(60.,66.));
#3158 = CARTESIAN_POINT('',(70.392304845413,66.));
#3159 = CARTESIAN_POINT('',(65.196152422707,57.));
#3160 = CARTESIAN_POINT('',(60.,48.));
#3161 = CARTESIAN_POINT('',(54.803847577293,57.));
#3162 = CARTESIAN_POINT('',(49.607695154587,66.));
#3163 = CARTESIAN_POINT('',(60.,66.));
#3164 = ( GEOMETRIC_REPRESENTATION_CONTEXT(2) 
PARAMETRIC_REPRESENTATION_CONTEXT() REPRESENTATION_CONTEXT('2D SPACE',''
  ) );
#3165 = PCURVE('',#2223,#3166);
#3166 = DEFINITIONAL_REPRESENTATION('',(#3167),#3171);
#3167 = LINE('',#3168,#3169);
#3168 = CARTESIAN_POINT('',(0.,-6.28318530718));
#3169 = VECTOR('',#3170,1.);
#3170 = DIRECTION('',(0.,1.));
#3171 = ( GEOMETRIC_REPRESENTATION_CONTEXT(2) 
PARAMETRIC_REPRESENTATION_CONTEXT() REPRESENTATION_CONTEXT('2D SPACE',''
  ) );
#3172 = ADVANCED_FACE('',(#3173),#2255,.F.);
#3173 = FACE_BOUND('',#3174,.F.);
#3174 = EDGE_LOOP('',(#3175,#3176,#3200));
#3175 = ORIENTED_EDGE('',*,*,#2237,.F.);
#3176 = ORIENTED_EDGE('',*,*,#3177,.T.);
#3177 = EDGE_CURVE('',#2238,#3178,#3180,.T.);
#3178 = VERTEX_POINT('',#3179);
#3179 = CARTESIAN_POINT('',(16.666666666667,-8.998558695971E-32,68.));
#3180 = SURFACE_CURVE('',#3181,(#3186,#3193),.PCURVE_S1.);
#3181 = CIRCLE('',#3182,6.);
#3182 = AXIS2_PLACEMENT_3D('',#3183,#3184,#3185);
#3183 = CARTESIAN_POINT('',(16.666666666667,0.,62.));
#3184 = DIRECTION('',(0.,1.,0.));
#3185 = DIRECTION('',(0.,-0.,1.));
#3186 = PCURVE('',#2255,#3187);
#3187 = DEFINITIONAL_REPRESENTATION('',(#3188),#3192);
#3188 = CIRCLE('',#3189,6.);
#3189 = AXIS2_PLACEMENT_2D('',#3190,#3191);
#3190 = CARTESIAN_POINT('',(60.,60.));
#3191 = DIRECTION('',(1.,0.));
#3192 = ( GEOMETRIC_REPRESENTATION_CONTEXT(2) 
PARAMETRIC_REPRESENTATION_CONTEXT() REPRESENTATION_CONTEXT('2D SPACE',''
  ) );
#3193 = PCURVE('',#2282,#3194);
#3194 = DEFINITIONAL_REPRESENTATION('',(#3195),#3199);
#3195 = LINE('',#3196,#3197);
#3196 = CARTESIAN_POINT('',(3.14159265359,-4.712388980385));
#3197 = VECTOR('',#3198,1.);
#3198 = DIRECTION('',(-0.,1.));
#3199 = ( GEOMETRIC_REPRESENTATION_CONTEXT(2) 
PARAMETRIC_REPRESENTATION_CONTEXT() REPRESENTATION_CONTEXT('2D SPACE',''
  ) );
#3200 = ORIENTED_EDGE('',*,*,#3201,.F.);
#3201 = EDGE_CURVE('',#2240,#3178,#3202,.T.);
#3202 = SURFACE_CURVE('',#3203,(#3208,#3219),.PCURVE_S1.);
#3203 = CIRCLE('',#3204,6.);
#3204 = AXIS2_PLACEMENT_3D('',#3205,#3206,#3207);
#3205 = CARTESIAN_POINT('',(16.666666666667,0.,62.));
#3206 = DIRECTION('',(-2.449293598295E-16,-1.,0.));
#3207 = DIRECTION('',(1.,-2.449293598295E-16,0.));
#3208 = PCURVE('',#2255,#3209);
#3209 = DEFINITIONAL_REPRESENTATION('',(#3210),#3218);
#3210 = ( BOUNDED_CURVE() B_SPLINE_CURVE(2,(#3211,#3212,#3213,#3214,
#3215,#3216,#3217),.UNSPECIFIED.,.T.,.F.) B_SPLINE_CURVE_WITH_KNOTS((1,2
    ,2,2,2,1),(-2.094395102393,0.,2.094395102393,4.188790204786,
6.28318530718,8.377580409573),.UNSPECIFIED.) CURVE() 
GEOMETRIC_REPRESENTATION_ITEM() RATIONAL_B_SPLINE_CURVE((1.,0.5,1.,0.5,
1.,0.5,1.)) REPRESENTATION_ITEM('') );
#3211 = CARTESIAN_POINT('',(60.,66.));
#3212 = CARTESIAN_POINT('',(70.392304845413,66.));
#3213 = CARTESIAN_POINT('',(65.196152422707,57.));
#3214 = CARTESIAN_POINT('',(60.,48.));
#3215 = CARTESIAN_POINT('',(54.803847577293,57.));
#3216 = CARTESIAN_POINT('',(49.607695154587,66.));
#3217 = CARTESIAN_POINT('',(60.,66.));
#3218 = ( GEOMETRIC_REPRESENTATION_CONTEXT(2) 
PARAMETRIC_REPRESENTATION_CONTEXT() REPRESENTATION_CONTEXT('2D SPACE',''
  ) );
#3219 = PCURVE('',#2282,#3220);
#3220 = DEFINITIONAL_REPRESENTATION('',(#3221),#3225);
#3221 = LINE('',#3222,#3223);
#3222 = CARTESIAN_POINT('',(0.,-6.28318530718));
#3223 = VECTOR('',#3224,1.);
#3224 = DIRECTION('',(0.,1.));
#3225 = ( GEOMETRIC_REPRESENTATION_CONTEXT(2) 
PARAMETRIC_REPRESENTATION_CONTEXT() REPRESENTATION_CONTEXT('2D SPACE',''
  ) );
#3226 = ADVANCED_FACE('',(#3227),#2383,.F.);
#3227 = FACE_BOUND('',#3228,.T.);
#3228 = EDGE_LOOP('',(#3229,#3230,#3231,#3232));
#3229 = ORIENTED_EDGE('',*,*,#2367,.F.);
#3230 = ORIENTED_EDGE('',*,*,#2469,.T.);
#3231 = ORIENTED_EDGE('',*,*,#2519,.T.);
#3232 = ORIENTED_EDGE('',*,*,#2420,.F.);
#3233 = ADVANCED_FACE('',(#3234),#1203,.T.);
#3234 = FACE_BOUND('',#3235,.T.);
#3235 = EDGE_LOOP('',(#3236,#3237,#3238));
#3236 = ORIENTED_EDGE('',*,*,#2580,.T.);
#3237 = ORIENTED_EDGE('',*,*,#1188,.F.);
#3238 = ORIENTED_EDGE('',*,*,#2552,.F.);
#3239 = ADVANCED_FACE('',(#3240),#1262,.T.);
#3240 = FACE_BOUND('',#3241,.T.);
#3241 = EDGE_LOOP('',(#3242,#3243,#3244));
#3242 = ORIENTED_EDGE('',*,*,#2634,.T.);
#3243 = ORIENTED_EDGE('',*,*,#1247,.F.);
#3244 = ORIENTED_EDGE('',*,*,#2606,.F.);
#3245 = ADVANCED_FACE('',(#3246),#1512,.F.);
#3246 = FACE_BOUND('',#3247,.T.);
#3247 = EDGE_LOOP('',(#3248,#3271,#3299,#3320));
#3248 = ORIENTED_EDGE('',*,*,#3249,.F.);
#3249 = EDGE_CURVE('',#3250,#1497,#3252,.T.);
#3250 = VERTEX_POINT('',#3251);
#3251 = CARTESIAN_POINT('',(-4.,31.,-72.));
#3252 = SURFACE_CURVE('',#3253,(#3257,#3264),.PCURVE_S1.);
#3253 = LINE('',#3254,#3255);
#3254 = CARTESIAN_POINT('',(-4.,31.,-72.));
#3255 = VECTOR('',#3256,1.);
#3256 = DIRECTION('',(0.,0.,1.));
#3257 = PCURVE('',#1512,#3258);
#3258 = DEFINITIONAL_REPRESENTATION('',(#3259),#3263);
#3259 = LINE('',#3260,#3261);
#3260 = CARTESIAN_POINT('',(-0.,0.));
#3261 = VECTOR('',#3262,1.);
#3262 = DIRECTION('',(-1.,0.));
#3263 = ( GEOMETRIC_REPRESENTATION_CONTEXT(2) 
PARAMETRIC_REPRESENTATION_CONTEXT() REPRESENTATION_CONTEXT('2D SPACE',''
  ) );
#3264 = PCURVE('',#1538,#3265);
#3265 = DEFINITIONAL_REPRESENTATION('',(#3266),#3270);
#3266 = LINE('',#3267,#3268);
#3267 = CARTESIAN_POINT('',(-0.,0.));
#3268 = VECTOR('',#3269,1.);
#3269 = DIRECTION('',(-1.,0.));
#3270 = ( GEOMETRIC_REPRESENTATION_CONTEXT(2) 
PARAMETRIC_REPRESENTATION_CONTEXT() REPRESENTATION_CONTEXT('2D SPACE',''
  ) );
#3271 = ORIENTED_EDGE('',*,*,#3272,.T.);
#3272 = EDGE_CURVE('',#3250,#3273,#3275,.T.);
#3273 = VERTEX_POINT('',#3274);
#3274 = CARTESIAN_POINT('',(-4.,23.,-72.));
#3275 = SURFACE_CURVE('',#3276,(#3280,#3287),.PCURVE_S1.);
#3276 = LINE('',#3277,#3278);
#3277 = CARTESIAN_POINT('',(-4.,31.,-72.));
#3278 = VECTOR('',#3279,1.);
#3279 = DIRECTION('',(0.,-1.,0.));
#3280 = PCURVE('',#1512,#3281);
#3281 = DEFINITIONAL_REPRESENTATION('',(#3282),#3286);
#3282 = LINE('',#3283,#3284);
#3283 = CARTESIAN_POINT('',(-0.,0.));
#3284 = VECTOR('',#3285,1.);
#3285 = DIRECTION('',(-0.,-1.));
#3286 = ( GEOMETRIC_REPRESENTATION_CONTEXT(2) 
PARAMETRIC_REPRESENTATION_CONTEXT() REPRESENTATION_CONTEXT('2D SPACE',''
  ) );
#3287 = PCURVE('',#3288,#3293);
#3288 = PLANE('',#3289);
#3289 = AXIS2_PLACEMENT_3D('',#3290,#3291,#3292);
#3290 = CARTESIAN_POINT('',(-4.,31.,-72.));
#3291 = DIRECTION('',(0.,0.,1.));
#3292 = DIRECTION('',(-1.,0.,0.));
#3293 = DEFINITIONAL_REPRESENTATION('',(#3294),#3298);
#3294 = LINE('',#3295,#3296);
#3295 = CARTESIAN_POINT('',(-0.,-0.));
#3296 = VECTOR('',#3297,1.);
#3297 = DIRECTION('',(-0.,1.));
#3298 = ( GEOMETRIC_REPRESENTATION_CONTEXT(2) 
PARAMETRIC_REPRESENTATION_CONTEXT() REPRESENTATION_CONTEXT('2D SPACE',''
  ) );
#3299 = ORIENTED_EDGE('',*,*,#3300,.T.);
#3300 = EDGE_CURVE('',#3273,#1469,#3301,.T.);
#3301 = SURFACE_CURVE('',#3302,(#3306,#3313),.PCURVE_S1.);
#3302 = LINE('',#3303,#3304);
#3303 = CARTESIAN_POINT('',(-4.,23.,-72.));
#3304 = VECTOR('',#3305,1.);
#3305 = DIRECTION('',(0.,0.,1.));
#3306 = PCURVE('',#1512,#3307);
#3307 = DEFINITIONAL_REPRESENTATION('',(#3308),#3312);
#3308 = LINE('',#3309,#3310);
#3309 = CARTESIAN_POINT('',(-0.,-8.));
#3310 = VECTOR('',#3311,1.);
#3311 = DIRECTION('',(-1.,0.));
#3312 = ( GEOMETRIC_REPRESENTATION_CONTEXT(2) 
PARAMETRIC_REPRESENTATION_CONTEXT() REPRESENTATION_CONTEXT('2D SPACE',''
  ) );
#3313 = PCURVE('',#1484,#3314);
#3314 = DEFINITIONAL_REPRESENTATION('',(#3315),#3319);
#3315 = LINE('',#3316,#3317);
#3316 = CARTESIAN_POINT('',(-0.,0.));
#3317 = VECTOR('',#3318,1.);
#3318 = DIRECTION('',(-1.,0.));
#3319 = ( GEOMETRIC_REPRESENTATION_CONTEXT(2) 
PARAMETRIC_REPRESENTATION_CONTEXT() REPRESENTATION_CONTEXT('2D SPACE',''
  ) );
#3320 = ORIENTED_EDGE('',*,*,#1496,.F.);
#3321 = ADVANCED_FACE('',(#3322),#1484,.T.);
#3322 = FACE_BOUND('',#3323,.F.);
#3323 = EDGE_LOOP('',(#3324,#3347,#3348,#3349));
#3324 = ORIENTED_EDGE('',*,*,#3325,.F.);
#3325 = EDGE_CURVE('',#3273,#3326,#3328,.T.);
#3326 = VERTEX_POINT('',#3327);
#3327 = CARTESIAN_POINT('',(4.,23.,-72.));
#3328 = SURFACE_CURVE('',#3329,(#3333,#3340),.PCURVE_S1.);
#3329 = LINE('',#3330,#3331);
#3330 = CARTESIAN_POINT('',(-4.,23.,-72.));
#3331 = VECTOR('',#3332,1.);
#3332 = DIRECTION('',(1.,0.,-0.));
#3333 = PCURVE('',#1484,#3334);
#3334 = DEFINITIONAL_REPRESENTATION('',(#3335),#3339);
#3335 = LINE('',#3336,#3337);
#3336 = CARTESIAN_POINT('',(-0.,0.));
#3337 = VECTOR('',#3338,1.);
#3338 = DIRECTION('',(-0.,1.));
#3339 = ( GEOMETRIC_REPRESENTATION_CONTEXT(2) 
PARAMETRIC_REPRESENTATION_CONTEXT() REPRESENTATION_CONTEXT('2D SPACE',''
  ) );
#3340 = PCURVE('',#3288,#3341);
#3341 = DEFINITIONAL_REPRESENTATION('',(#3342),#3346);
#3342 = LINE('',#3343,#3344);
#3343 = CARTESIAN_POINT('',(-0.,8.));
#3344 = VECTOR('',#3345,1.);
#3345 = DIRECTION('',(-1.,0.));
#3346 = ( GEOMETRIC_REPRESENTATION_CONTEXT(2) 
PARAMETRIC_REPRESENTATION_CONTEXT() REPRESENTATION_CONTEXT('2D SPACE',''
  ) );
#3347 = ORIENTED_EDGE('',*,*,#3300,.T.);
#3348 = ORIENTED_EDGE('',*,*,#1468,.T.);
#3349 = ORIENTED_EDGE('',*,*,#3350,.F.);
#3350 = EDGE_CURVE('',#3326,#1441,#3351,.T.);
#3351 = SURFACE_CURVE('',#3352,(#3356,#3363),.PCURVE_S1.);
#3352 = LINE('',#3353,#3354);
#3353 = CARTESIAN_POINT('',(4.,23.,-72.));
#3354 = VECTOR('',#3355,1.);
#3355 = DIRECTION('',(0.,0.,1.));
#3356 = PCURVE('',#1484,#3357);
#3357 = DEFINITIONAL_REPRESENTATION('',(#3358),#3362);
#3358 = LINE('',#3359,#3360);
#3359 = CARTESIAN_POINT('',(-0.,8.));
#3360 = VECTOR('',#3361,1.);
#3361 = DIRECTION('',(-1.,0.));
#3362 = ( GEOMETRIC_REPRESENTATION_CONTEXT(2) 
PARAMETRIC_REPRESENTATION_CONTEXT() REPRESENTATION_CONTEXT('2D SPACE',''
  ) );
#3363 = PCURVE('',#1456,#3364);
#3364 = DEFINITIONAL_REPRESENTATION('',(#3365),#3369);
#3365 = LINE('',#3366,#3367);
#3366 = CARTESIAN_POINT('',(-0.,-8.));
#3367 = VECTOR('',#3368,1.);
#3368 = DIRECTION('',(-1.,0.));
#3369 = ( GEOMETRIC_REPRESENTATION_CONTEXT(2) 
PARAMETRIC_REPRESENTATION_CONTEXT() REPRESENTATION_CONTEXT('2D SPACE',''
  ) );
#3370 = ADVANCED_FACE('',(#3371),#1538,.F.);
#3371 = FACE_BOUND('',#3372,.T.);
#3372 = EDGE_LOOP('',(#3373,#3396,#3397,#3398));
#3373 = ORIENTED_EDGE('',*,*,#3374,.F.);
#3374 = EDGE_CURVE('',#3250,#3375,#3377,.T.);
#3375 = VERTEX_POINT('',#3376);
#3376 = CARTESIAN_POINT('',(4.,31.,-72.));
#3377 = SURFACE_CURVE('',#3378,(#3382,#3389),.PCURVE_S1.);
#3378 = LINE('',#3379,#3380);
#3379 = CARTESIAN_POINT('',(-4.,31.,-72.));
#3380 = VECTOR('',#3381,1.);
#3381 = DIRECTION('',(1.,0.,-0.));
#3382 = PCURVE('',#1538,#3383);
#3383 = DEFINITIONAL_REPRESENTATION('',(#3384),#3388);
#3384 = LINE('',#3385,#3386);
#3385 = CARTESIAN_POINT('',(-0.,0.));
#3386 = VECTOR('',#3387,1.);
#3387 = DIRECTION('',(-0.,1.));
#3388 = ( GEOMETRIC_REPRESENTATION_CONTEXT(2) 
PARAMETRIC_REPRESENTATION_CONTEXT() REPRESENTATION_CONTEXT('2D SPACE',''
  ) );
#3389 = PCURVE('',#3288,#3390);
#3390 = DEFINITIONAL_REPRESENTATION('',(#3391),#3395);
#3391 = LINE('',#3392,#3393);
#3392 = CARTESIAN_POINT('',(-0.,-0.));
#3393 = VECTOR('',#3394,1.);
#3394 = DIRECTION('',(-1.,0.));
#3395 = ( GEOMETRIC_REPRESENTATION_CONTEXT(2) 
PARAMETRIC_REPRESENTATION_CONTEXT() REPRESENTATION_CONTEXT('2D SPACE',''
  ) );
#3396 = ORIENTED_EDGE('',*,*,#3249,.T.);
#3397 = ORIENTED_EDGE('',*,*,#1524,.T.);
#3398 = ORIENTED_EDGE('',*,*,#3399,.F.);
#3399 = EDGE_CURVE('',#3375,#1439,#3400,.T.);
#3400 = SURFACE_CURVE('',#3401,(#3405,#3412),.PCURVE_S1.);
#3401 = LINE('',#3402,#3403);
#3402 = CARTESIAN_POINT('',(4.,31.,-72.));
#3403 = VECTOR('',#3404,1.);
#3404 = DIRECTION('',(0.,0.,1.));
#3405 = PCURVE('',#1538,#3406);
#3406 = DEFINITIONAL_REPRESENTATION('',(#3407),#3411);
#3407 = LINE('',#3408,#3409);
#3408 = CARTESIAN_POINT('',(-0.,8.));
#3409 = VECTOR('',#3410,1.);
#3410 = DIRECTION('',(-1.,0.));
#3411 = ( GEOMETRIC_REPRESENTATION_CONTEXT(2) 
PARAMETRIC_REPRESENTATION_CONTEXT() REPRESENTATION_CONTEXT('2D SPACE',''
  ) );
#3412 = PCURVE('',#1456,#3413);
#3413 = DEFINITIONAL_REPRESENTATION('',(#3414),#3418);
#3414 = LINE('',#3415,#3416);
#3415 = CARTESIAN_POINT('',(-0.,0.));
#3416 = VECTOR('',#3417,1.);
#3417 = DIRECTION('',(-1.,0.));
#3418 = ( GEOMETRIC_REPRESENTATION_CONTEXT(2) 
PARAMETRIC_REPRESENTATION_CONTEXT() REPRESENTATION_CONTEXT('2D SPACE',''
  ) );
#3419 = ADVANCED_FACE('',(#3420),#1456,.T.);
#3420 = FACE_BOUND('',#3421,.F.);
#3421 = EDGE_LOOP('',(#3422,#3423,#3444,#3445));
#3422 = ORIENTED_EDGE('',*,*,#3399,.F.);
#3423 = ORIENTED_EDGE('',*,*,#3424,.T.);
#3424 = EDGE_CURVE('',#3375,#3326,#3425,.T.);
#3425 = SURFACE_CURVE('',#3426,(#3430,#3437),.PCURVE_S1.);
#3426 = LINE('',#3427,#3428);
#3427 = CARTESIAN_POINT('',(4.,31.,-72.));
#3428 = VECTOR('',#3429,1.);
#3429 = DIRECTION('',(0.,-1.,0.));
#3430 = PCURVE('',#1456,#3431);
#3431 = DEFINITIONAL_REPRESENTATION('',(#3432),#3436);
#3432 = LINE('',#3433,#3434);
#3433 = CARTESIAN_POINT('',(-0.,0.));
#3434 = VECTOR('',#3435,1.);
#3435 = DIRECTION('',(-0.,-1.));
#3436 = ( GEOMETRIC_REPRESENTATION_CONTEXT(2) 
PARAMETRIC_REPRESENTATION_CONTEXT() REPRESENTATION_CONTEXT('2D SPACE',''
  ) );
#3437 = PCURVE('',#3288,#3438);
#3438 = DEFINITIONAL_REPRESENTATION('',(#3439),#3443);
#3439 = LINE('',#3440,#3441);
#3440 = CARTESIAN_POINT('',(-8.,-0.));
#3441 = VECTOR('',#3442,1.);
#3442 = DIRECTION('',(-0.,1.));
#3443 = ( GEOMETRIC_REPRESENTATION_CONTEXT(2) 
PARAMETRIC_REPRESENTATION_CONTEXT() REPRESENTATION_CONTEXT('2D SPACE',''
  ) );
#3444 = ORIENTED_EDGE('',*,*,#3350,.T.);
#3445 = ORIENTED_EDGE('',*,*,#1438,.F.);
#3446 = ADVANCED_FACE('',(#3447),#2699,.F.);
#3447 = FACE_BOUND('',#3448,.F.);
#3448 = EDGE_LOOP('',(#3449,#3450,#3451,#3452));
#3449 = ORIENTED_EDGE('',*,*,#2683,.F.);
#3450 = ORIENTED_EDGE('',*,*,#2736,.T.);
#3451 = ORIENTED_EDGE('',*,*,#2786,.T.);
#3452 = ORIENTED_EDGE('',*,*,#2834,.F.);
#3453 = ADVANCED_FACE('',(#3454),#1824,.T.);
#3454 = FACE_BOUND('',#3455,.T.);
#3455 = EDGE_LOOP('',(#3456,#3457));
#3456 = ORIENTED_EDGE('',*,*,#2891,.F.);
#3457 = ORIENTED_EDGE('',*,*,#1805,.F.);
#3458 = ADVANCED_FACE('',(#3459),#1699,.T.);
#3459 = FACE_BOUND('',#3460,.T.);
#3460 = EDGE_LOOP('',(#3461,#3462));
#3461 = ORIENTED_EDGE('',*,*,#2861,.F.);
#3462 = ORIENTED_EDGE('',*,*,#1680,.F.);
#3463 = ADVANCED_FACE('',(#3464),#2060,.F.);
#3464 = FACE_BOUND('',#3465,.T.);
#3465 = EDGE_LOOP('',(#3466,#3489,#3490,#3513));
#3466 = ORIENTED_EDGE('',*,*,#3467,.F.);
#3467 = EDGE_CURVE('',#2045,#3468,#3470,.T.);
#3468 = VERTEX_POINT('',#3469);
#3469 = CARTESIAN_POINT('',(60.,34.5,-5.));
#3470 = SURFACE_CURVE('',#3471,(#3475,#3482),.PCURVE_S1.);
#3471 = LINE('',#3472,#3473);
#3472 = CARTESIAN_POINT('',(54.,34.5,-5.));
#3473 = VECTOR('',#3474,1.);
#3474 = DIRECTION('',(1.,0.,-0.));
#3475 = PCURVE('',#2060,#3476);
#3476 = DEFINITIONAL_REPRESENTATION('',(#3477),#3481);
#3477 = LINE('',#3478,#3479);
#3478 = CARTESIAN_POINT('',(-0.,0.));
#3479 = VECTOR('',#3480,1.);
#3480 = DIRECTION('',(-0.,1.));
#3481 = ( GEOMETRIC_REPRESENTATION_CONTEXT(2) 
PARAMETRIC_REPRESENTATION_CONTEXT() REPRESENTATION_CONTEXT('2D SPACE',''
  ) );
#3482 = PCURVE('',#2088,#3483);
#3483 = DEFINITIONAL_REPRESENTATION('',(#3484),#3488);
#3484 = LINE('',#3485,#3486);
#3485 = CARTESIAN_POINT('',(-0.,-0.));
#3486 = VECTOR('',#3487,1.);
#3487 = DIRECTION('',(-1.,0.));
#3488 = ( GEOMETRIC_REPRESENTATION_CONTEXT(2) 
PARAMETRIC_REPRESENTATION_CONTEXT() REPRESENTATION_CONTEXT('2D SPACE',''
  ) );
#3489 = ORIENTED_EDGE('',*,*,#2044,.T.);
#3490 = ORIENTED_EDGE('',*,*,#3491,.T.);
#3491 = EDGE_CURVE('',#2015,#3492,#3494,.T.);
#3492 = VERTEX_POINT('',#3493);
#3493 = CARTESIAN_POINT('',(60.,34.5,5.));
#3494 = SURFACE_CURVE('',#3495,(#3499,#3506),.PCURVE_S1.);
#3495 = LINE('',#3496,#3497);
#3496 = CARTESIAN_POINT('',(54.,34.5,5.));
#3497 = VECTOR('',#3498,1.);
#3498 = DIRECTION('',(1.,0.,-0.));
#3499 = PCURVE('',#2060,#3500);
#3500 = DEFINITIONAL_REPRESENTATION('',(#3501),#3505);
#3501 = LINE('',#3502,#3503);
#3502 = CARTESIAN_POINT('',(-10.,0.));
#3503 = VECTOR('',#3504,1.);
#3504 = DIRECTION('',(-0.,1.));
#3505 = ( GEOMETRIC_REPRESENTATION_CONTEXT(2) 
PARAMETRIC_REPRESENTATION_CONTEXT() REPRESENTATION_CONTEXT('2D SPACE',''
  ) );
#3506 = PCURVE('',#2032,#3507);
#3507 = DEFINITIONAL_REPRESENTATION('',(#3508),#3512);
#3508 = LINE('',#3509,#3510);
#3509 = CARTESIAN_POINT('',(-0.,-0.));
#3510 = VECTOR('',#3511,1.);
#3511 = DIRECTION('',(-1.,0.));
#3512 = ( GEOMETRIC_REPRESENTATION_CONTEXT(2) 
PARAMETRIC_REPRESENTATION_CONTEXT() REPRESENTATION_CONTEXT('2D SPACE',''
  ) );
#3513 = ORIENTED_EDGE('',*,*,#3514,.F.);
#3514 = EDGE_CURVE('',#3468,#3492,#3515,.T.);
#3515 = SURFACE_CURVE('',#3516,(#3520,#3527),.PCURVE_S1.);
#3516 = LINE('',#3517,#3518);
#3517 = CARTESIAN_POINT('',(60.,34.5,-5.));
#3518 = VECTOR('',#3519,1.);
#3519 = DIRECTION('',(0.,0.,1.));
#3520 = PCURVE('',#2060,#3521);
#3521 = DEFINITIONAL_REPRESENTATION('',(#3522),#3526);
#3522 = LINE('',#3523,#3524);
#3523 = CARTESIAN_POINT('',(-0.,6.));
#3524 = VECTOR('',#3525,1.);
#3525 = DIRECTION('',(-1.,0.));
#3526 = ( GEOMETRIC_REPRESENTATION_CONTEXT(2) 
PARAMETRIC_REPRESENTATION_CONTEXT() REPRESENTATION_CONTEXT('2D SPACE',''
  ) );
#3527 = PCURVE('',#3528,#3533);
#3528 = PLANE('',#3529);
#3529 = AXIS2_PLACEMENT_3D('',#3530,#3531,#3532);
#3530 = CARTESIAN_POINT('',(60.,34.5,-5.));
#3531 = DIRECTION('',(1.,0.,-0.));
#3532 = DIRECTION('',(0.,0.,-1.));
#3533 = DEFINITIONAL_REPRESENTATION('',(#3534),#3538);
#3534 = LINE('',#3535,#3536);
#3535 = CARTESIAN_POINT('',(-0.,0.));
#3536 = VECTOR('',#3537,1.);
#3537 = DIRECTION('',(-1.,0.));
#3538 = ( GEOMETRIC_REPRESENTATION_CONTEXT(2) 
PARAMETRIC_REPRESENTATION_CONTEXT() REPRESENTATION_CONTEXT('2D SPACE',''
  ) );
#3539 = ADVANCED_FACE('',(#3540),#2032,.T.);
#3540 = FACE_BOUND('',#3541,.F.);
#3541 = EDGE_LOOP('',(#3542,#3543,#3544,#3567));
#3542 = ORIENTED_EDGE('',*,*,#2014,.F.);
#3543 = ORIENTED_EDGE('',*,*,#3491,.T.);
#3544 = ORIENTED_EDGE('',*,*,#3545,.T.);
#3545 = EDGE_CURVE('',#3492,#3546,#3548,.T.);
#3546 = VERTEX_POINT('',#3547);
#3547 = CARTESIAN_POINT('',(60.,19.5,5.));
#3548 = SURFACE_CURVE('',#3549,(#3553,#3560),.PCURVE_S1.);
#3549 = LINE('',#3550,#3551);
#3550 = CARTESIAN_POINT('',(60.,34.5,5.));
#3551 = VECTOR('',#3552,1.);
#3552 = DIRECTION('',(0.,-1.,0.));
#3553 = PCURVE('',#2032,#3554);
#3554 = DEFINITIONAL_REPRESENTATION('',(#3555),#3559);
#3555 = LINE('',#3556,#3557);
#3556 = CARTESIAN_POINT('',(-6.,-0.));
#3557 = VECTOR('',#3558,1.);
#3558 = DIRECTION('',(-0.,1.));
#3559 = ( GEOMETRIC_REPRESENTATION_CONTEXT(2) 
PARAMETRIC_REPRESENTATION_CONTEXT() REPRESENTATION_CONTEXT('2D SPACE',''
  ) );
#3560 = PCURVE('',#3528,#3561);
#3561 = DEFINITIONAL_REPRESENTATION('',(#3562),#3566);
#3562 = LINE('',#3563,#3564);
#3563 = CARTESIAN_POINT('',(-10.,0.));
#3564 = VECTOR('',#3565,1.);
#3565 = DIRECTION('',(-0.,-1.));
#3566 = ( GEOMETRIC_REPRESENTATION_CONTEXT(2) 
PARAMETRIC_REPRESENTATION_CONTEXT() REPRESENTATION_CONTEXT('2D SPACE',''
  ) );
#3567 = ORIENTED_EDGE('',*,*,#3568,.F.);
#3568 = EDGE_CURVE('',#2017,#3546,#3569,.T.);
#3569 = SURFACE_CURVE('',#3570,(#3574,#3581),.PCURVE_S1.);
#3570 = LINE('',#3571,#3572);
#3571 = CARTESIAN_POINT('',(54.,19.5,5.));
#3572 = VECTOR('',#3573,1.);
#3573 = DIRECTION('',(1.,0.,-0.));
#3574 = PCURVE('',#2032,#3575);
#3575 = DEFINITIONAL_REPRESENTATION('',(#3576),#3580);
#3576 = LINE('',#3577,#3578);
#3577 = CARTESIAN_POINT('',(-0.,15.));
#3578 = VECTOR('',#3579,1.);
#3579 = DIRECTION('',(-1.,0.));
#3580 = ( GEOMETRIC_REPRESENTATION_CONTEXT(2) 
PARAMETRIC_REPRESENTATION_CONTEXT() REPRESENTATION_CONTEXT('2D SPACE',''
  ) );
#3581 = PCURVE('',#2114,#3582);
#3582 = DEFINITIONAL_REPRESENTATION('',(#3583),#3587);
#3583 = LINE('',#3584,#3585);
#3584 = CARTESIAN_POINT('',(-10.,0.));
#3585 = VECTOR('',#3586,1.);
#3586 = DIRECTION('',(-0.,1.));
#3587 = ( GEOMETRIC_REPRESENTATION_CONTEXT(2) 
PARAMETRIC_REPRESENTATION_CONTEXT() REPRESENTATION_CONTEXT('2D SPACE',''
  ) );
#3588 = ADVANCED_FACE('',(#3589),#2088,.F.);
#3589 = FACE_BOUND('',#3590,.T.);
#3590 = EDGE_LOOP('',(#3591,#3592,#3593,#3616));
#3591 = ORIENTED_EDGE('',*,*,#2072,.F.);
#3592 = ORIENTED_EDGE('',*,*,#3467,.T.);
#3593 = ORIENTED_EDGE('',*,*,#3594,.T.);
#3594 = EDGE_CURVE('',#3468,#3595,#3597,.T.);
#3595 = VERTEX_POINT('',#3596);
#3596 = CARTESIAN_POINT('',(60.,19.5,-5.));
#3597 = SURFACE_CURVE('',#3598,(#3602,#3609),.PCURVE_S1.);
#3598 = LINE('',#3599,#3600);
#3599 = CARTESIAN_POINT('',(60.,34.5,-5.));
#3600 = VECTOR('',#3601,1.);
#3601 = DIRECTION('',(0.,-1.,0.));
#3602 = PCURVE('',#2088,#3603);
#3603 = DEFINITIONAL_REPRESENTATION('',(#3604),#3608);
#3604 = LINE('',#3605,#3606);
#3605 = CARTESIAN_POINT('',(-6.,-0.));
#3606 = VECTOR('',#3607,1.);
#3607 = DIRECTION('',(-0.,1.));
#3608 = ( GEOMETRIC_REPRESENTATION_CONTEXT(2) 
PARAMETRIC_REPRESENTATION_CONTEXT() REPRESENTATION_CONTEXT('2D SPACE',''
  ) );
#3609 = PCURVE('',#3528,#3610);
#3610 = DEFINITIONAL_REPRESENTATION('',(#3611),#3615);
#3611 = LINE('',#3612,#3613);
#3612 = CARTESIAN_POINT('',(-0.,0.));
#3613 = VECTOR('',#3614,1.);
#3614 = DIRECTION('',(-0.,-1.));
#3615 = ( GEOMETRIC_REPRESENTATION_CONTEXT(2) 
PARAMETRIC_REPRESENTATION_CONTEXT() REPRESENTATION_CONTEXT('2D SPACE',''
  ) );
#3616 = ORIENTED_EDGE('',*,*,#3617,.F.);
#3617 = EDGE_CURVE('',#2073,#3595,#3618,.T.);
#3618 = SURFACE_CURVE('',#3619,(#3623,#3630),.PCURVE_S1.);
#3619 = LINE('',#3620,#3621);
#3620 = CARTESIAN_POINT('',(54.,19.5,-5.));
#3621 = VECTOR('',#3622,1.);
#3622 = DIRECTION('',(1.,0.,-0.));
#3623 = PCURVE('',#2088,#3624);
#3624 = DEFINITIONAL_REPRESENTATION('',(#3625),#3629);
#3625 = LINE('',#3626,#3627);
#3626 = CARTESIAN_POINT('',(-0.,15.));
#3627 = VECTOR('',#3628,1.);
#3628 = DIRECTION('',(-1.,0.));
#3629 = ( GEOMETRIC_REPRESENTATION_CONTEXT(2) 
PARAMETRIC_REPRESENTATION_CONTEXT() REPRESENTATION_CONTEXT('2D SPACE',''
  ) );
#3630 = PCURVE('',#2114,#3631);
#3631 = DEFINITIONAL_REPRESENTATION('',(#3632),#3636);
#3632 = LINE('',#3633,#3634);
#3633 = CARTESIAN_POINT('',(-0.,0.));
#3634 = VECTOR('',#3635,1.);
#3635 = DIRECTION('',(-0.,1.));
#3636 = ( GEOMETRIC_REPRESENTATION_CONTEXT(2) 
PARAMETRIC_REPRESENTATION_CONTEXT() REPRESENTATION_CONTEXT('2D SPACE',''
  ) );
#3637 = ADVANCED_FACE('',(#3638),#2114,.T.);
#3638 = FACE_BOUND('',#3639,.F.);
#3639 = EDGE_LOOP('',(#3640,#3641,#3642,#3643));
#3640 = ORIENTED_EDGE('',*,*,#3617,.F.);
#3641 = ORIENTED_EDGE('',*,*,#2100,.T.);
#3642 = ORIENTED_EDGE('',*,*,#3568,.T.);
#3643 = ORIENTED_EDGE('',*,*,#3644,.F.);
#3644 = EDGE_CURVE('',#3595,#3546,#3645,.T.);
#3645 = SURFACE_CURVE('',#3646,(#3650,#3657),.PCURVE_S1.);
#3646 = LINE('',#3647,#3648);
#3647 = CARTESIAN_POINT('',(60.,19.5,-5.));
#3648 = VECTOR('',#3649,1.);
#3649 = DIRECTION('',(0.,0.,1.));
#3650 = PCURVE('',#2114,#3651);
#3651 = DEFINITIONAL_REPRESENTATION('',(#3652),#3656);
#3652 = LINE('',#3653,#3654);
#3653 = CARTESIAN_POINT('',(-0.,6.));
#3654 = VECTOR('',#3655,1.);
#3655 = DIRECTION('',(-1.,0.));
#3656 = ( GEOMETRIC_REPRESENTATION_CONTEXT(2) 
PARAMETRIC_REPRESENTATION_CONTEXT() REPRESENTATION_CONTEXT('2D SPACE',''
  ) );
#3657 = PCURVE('',#3528,#3658);
#3658 = DEFINITIONAL_REPRESENTATION('',(#3659),#3663);
#3659 = LINE('',#3660,#3661);
#3660 = CARTESIAN_POINT('',(-0.,-15.));
#3661 = VECTOR('',#3662,1.);
#3662 = DIRECTION('',(-1.,0.));
#3663 = ( GEOMETRIC_REPRESENTATION_CONTEXT(2) 
PARAMETRIC_REPRESENTATION_CONTEXT() REPRESENTATION_CONTEXT('2D SPACE',''
  ) );
#3664 = ADVANCED_FACE('',(#3665),#2982,.T.);
#3665 = FACE_BOUND('',#3666,.T.);
#3666 = EDGE_LOOP('',(#3667,#3668,#3669,#3670));
#3667 = ORIENTED_EDGE('',*,*,#2968,.F.);
#3668 = ORIENTED_EDGE('',*,*,#2999,.T.);
#3669 = ORIENTED_EDGE('',*,*,#3071,.T.);
#3670 = ORIENTED_EDGE('',*,*,#3097,.F.);
#3671 = ADVANCED_FACE('',(#3672),#2223,.T.);
#3672 = FACE_BOUND('',#3673,.T.);
#3673 = EDGE_LOOP('',(#3674,#3675,#3676));
#3674 = ORIENTED_EDGE('',*,*,#2208,.T.);
#3675 = ORIENTED_EDGE('',*,*,#3123,.T.);
#3676 = ORIENTED_EDGE('',*,*,#3147,.F.);
#3677 = ADVANCED_FACE('',(#3678),#2282,.T.);
#3678 = FACE_BOUND('',#3679,.T.);
#3679 = EDGE_LOOP('',(#3680,#3681,#3682));
#3680 = ORIENTED_EDGE('',*,*,#2267,.T.);
#3681 = ORIENTED_EDGE('',*,*,#3177,.T.);
#3682 = ORIENTED_EDGE('',*,*,#3201,.F.);
#3683 = ADVANCED_FACE('',(#3684),#3288,.F.);
#3684 = FACE_BOUND('',#3685,.T.);
#3685 = EDGE_LOOP('',(#3686,#3687,#3688,#3689));
#3686 = ORIENTED_EDGE('',*,*,#3272,.F.);
#3687 = ORIENTED_EDGE('',*,*,#3374,.T.);
#3688 = ORIENTED_EDGE('',*,*,#3424,.T.);
#3689 = ORIENTED_EDGE('',*,*,#3325,.F.);
#3690 = ADVANCED_FACE('',(#3691),#3528,.T.);
#3691 = FACE_BOUND('',#3692,.F.);
#3692 = EDGE_LOOP('',(#3693,#3694,#3695,#3696));
#3693 = ORIENTED_EDGE('',*,*,#3514,.F.);
#3694 = ORIENTED_EDGE('',*,*,#3594,.T.);
#3695 = ORIENTED_EDGE('',*,*,#3644,.T.);
#3696 = ORIENTED_EDGE('',*,*,#3545,.F.);
#3697 = ORIENTED_CLOSED_SHELL('',*,#3698,.F.);
#3698 = CLOSED_SHELL('',(#3699,#3793,#3991,#3997,#4051,#4127,#4288,#4337
    ,#4343,#4462,#4739,#5016,#5043,#5070,#5195,#5221,#5247,#5277,#5307,
    #5361,#5415,#5420,#5425,#5430,#5435,#5441));
#3699 = ADVANCED_FACE('',(#3700),#3715,.F.);
#3700 = FACE_BOUND('',#3701,.F.);
#3701 = EDGE_LOOP('',(#3702,#3738,#3767));
#3702 = ORIENTED_EDGE('',*,*,#3703,.T.);
#3703 = EDGE_CURVE('',#3704,#3706,#3708,.T.);
#3704 = VERTEX_POINT('',#3705);
#3705 = CARTESIAN_POINT('',(-11.00981241717,-6.927648449884E-16,-60.));
#3706 = VERTEX_POINT('',#3707);
#3707 = CARTESIAN_POINT('',(-22.32352091615,0.,-60.));
#3708 = SURFACE_CURVE('',#3709,(#3714,#3726),.PCURVE_S1.);
#3709 = CIRCLE('',#3710,5.656854249492);
#3710 = AXIS2_PLACEMENT_3D('',#3711,#3712,#3713);
#3711 = CARTESIAN_POINT('',(-16.66666666666,0.,-60.));
#3712 = DIRECTION('',(0.,0.,1.));
#3713 = DIRECTION('',(1.,0.,-0.));
#3714 = PCURVE('',#3715,#3720);
#3715 = SPHERICAL_SURFACE('',#3716,6.);
#3716 = AXIS2_PLACEMENT_3D('',#3717,#3718,#3719);
#3717 = CARTESIAN_POINT('',(-16.66666666666,0.,-62.));
#3718 = DIRECTION('',(0.,0.,1.));
#3719 = DIRECTION('',(1.,0.,0.));
#3720 = DEFINITIONAL_REPRESENTATION('',(#3721),#3725);
#3721 = LINE('',#3722,#3723);
#3722 = CARTESIAN_POINT('',(0.,0.339836909454));
#3723 = VECTOR('',#3724,1.);
#3724 = DIRECTION('',(1.,0.));
#3725 = ( GEOMETRIC_REPRESENTATION_CONTEXT(2) 
PARAMETRIC_REPRESENTATION_CONTEXT() REPRESENTATION_CONTEXT('2D SPACE',''
  ) );
#3726 = PCURVE('',#3727,#3732);
#3727 = PLANE('',#3728);
#3728 = AXIS2_PLACEMENT_3D('',#3729,#3730,#3731);
#3729 = CARTESIAN_POINT('',(-50.,50.,-60.));
#3730 = DIRECTION('',(0.,0.,1.));
#3731 = DIRECTION('',(-1.,-0.,0.));
#3732 = DEFINITIONAL_REPRESENTATION('',(#3733),#3737);
#3733 = CIRCLE('',#3734,5.656854249492);
#3734 = AXIS2_PLACEMENT_2D('',#3735,#3736);
#3735 = CARTESIAN_POINT('',(-33.33333333333,50.));
#3736 = DIRECTION('',(-1.,0.));
#3737 = ( GEOMETRIC_REPRESENTATION_CONTEXT(2) 
PARAMETRIC_REPRESENTATION_CONTEXT() REPRESENTATION_CONTEXT('2D SPACE',''
  ) );
#3738 = ORIENTED_EDGE('',*,*,#3739,.T.);
#3739 = EDGE_CURVE('',#3706,#3740,#3742,.T.);
#3740 = VERTEX_POINT('',#3741);
#3741 = CARTESIAN_POINT('',(-16.66666666666,-8.998558695971E-32,-56.));
#3742 = SURFACE_CURVE('',#3743,(#3748,#3755),.PCURVE_S1.);
#3743 = CIRCLE('',#3744,6.);
#3744 = AXIS2_PLACEMENT_3D('',#3745,#3746,#3747);
#3745 = CARTESIAN_POINT('',(-16.66666666666,0.,-62.));
#3746 = DIRECTION('',(0.,1.,0.));
#3747 = DIRECTION('',(0.,-0.,1.));
#3748 = PCURVE('',#3715,#3749);
#3749 = DEFINITIONAL_REPRESENTATION('',(#3750),#3754);
#3750 = LINE('',#3751,#3752);
#3751 = CARTESIAN_POINT('',(3.14159265359,-4.712388980385));
#3752 = VECTOR('',#3753,1.);
#3753 = DIRECTION('',(-0.,1.));
#3754 = ( GEOMETRIC_REPRESENTATION_CONTEXT(2) 
PARAMETRIC_REPRESENTATION_CONTEXT() REPRESENTATION_CONTEXT('2D SPACE',''
  ) );
#3755 = PCURVE('',#3756,#3761);
#3756 = PLANE('',#3757);
#3757 = AXIS2_PLACEMENT_3D('',#3758,#3759,#3760);
#3758 = CARTESIAN_POINT('',(-76.66666666666,0.,-122.));
#3759 = DIRECTION('',(0.,1.,0.));
#3760 = DIRECTION('',(0.,0.,1.));
#3761 = DEFINITIONAL_REPRESENTATION('',(#3762),#3766);
#3762 = CIRCLE('',#3763,6.);
#3763 = AXIS2_PLACEMENT_2D('',#3764,#3765);
#3764 = CARTESIAN_POINT('',(60.,60.));
#3765 = DIRECTION('',(1.,0.));
#3766 = ( GEOMETRIC_REPRESENTATION_CONTEXT(2) 
PARAMETRIC_REPRESENTATION_CONTEXT() REPRESENTATION_CONTEXT('2D SPACE',''
  ) );
#3767 = ORIENTED_EDGE('',*,*,#3768,.F.);
#3768 = EDGE_CURVE('',#3704,#3740,#3769,.T.);
#3769 = SURFACE_CURVE('',#3770,(#3775,#3782),.PCURVE_S1.);
#3770 = CIRCLE('',#3771,6.);
#3771 = AXIS2_PLACEMENT_3D('',#3772,#3773,#3774);
#3772 = CARTESIAN_POINT('',(-16.66666666666,0.,-62.));
#3773 = DIRECTION('',(-2.449293598295E-16,-1.,0.));
#3774 = DIRECTION('',(1.,-2.449293598295E-16,0.));
#3775 = PCURVE('',#3715,#3776);
#3776 = DEFINITIONAL_REPRESENTATION('',(#3777),#3781);
#3777 = LINE('',#3778,#3779);
#3778 = CARTESIAN_POINT('',(0.,-6.28318530718));
#3779 = VECTOR('',#3780,1.);
#3780 = DIRECTION('',(0.,1.));
#3781 = ( GEOMETRIC_REPRESENTATION_CONTEXT(2) 
PARAMETRIC_REPRESENTATION_CONTEXT() REPRESENTATION_CONTEXT('2D SPACE',''
  ) );
#3782 = PCURVE('',#3756,#3783);
#3783 = DEFINITIONAL_REPRESENTATION('',(#3784),#3792);
#3784 = ( BOUNDED_CURVE() B_SPLINE_CURVE(2,(#3785,#3786,#3787,#3788,
#3789,#3790,#3791),.UNSPECIFIED.,.T.,.F.) B_SPLINE_CURVE_WITH_KNOTS((1,2
    ,2,2,2,1),(-2.094395102393,0.,2.094395102393,4.188790204786,
6.28318530718,8.377580409573),.UNSPECIFIED.) CURVE() 
GEOMETRIC_REPRESENTATION_ITEM() RATIONAL_B_SPLINE_CURVE((1.,0.5,1.,0.5,
1.,0.5,1.)) REPRESENTATION_ITEM('') );
#3785 = CARTESIAN_POINT('',(60.,66.));
#3786 = CARTESIAN_POINT('',(70.392304845413,66.));
#3787 = CARTESIAN_POINT('',(65.196152422707,57.));
#3788 = CARTESIAN_POINT('',(60.,48.));
#3789 = CARTESIAN_POINT('',(54.803847577293,57.));
#3790 = CARTESIAN_POINT('',(49.607695154587,66.));
#3791 = CARTESIAN_POINT('',(60.,66.));
#3792 = ( GEOMETRIC_REPRESENTATION_CONTEXT(2) 
PARAMETRIC_REPRESENTATION_CONTEXT() REPRESENTATION_CONTEXT('2D SPACE',''
  ) );
#3793 = ADVANCED_FACE('',(#3794,#3818,#3877),#3727,.F.);
#3794 = FACE_BOUND('',#3795,.T.);
#3795 = EDGE_LOOP('',(#3796,#3797));
#3796 = ORIENTED_EDGE('',*,*,#3703,.T.);
#3797 = ORIENTED_EDGE('',*,*,#3798,.T.);
#3798 = EDGE_CURVE('',#3706,#3704,#3799,.T.);
#3799 = SURFACE_CURVE('',#3800,(#3804,#3811),.PCURVE_S1.);
#3800 = LINE('',#3801,#3802);
#3801 = CARTESIAN_POINT('',(-52.,0.,-60.));
#3802 = VECTOR('',#3803,1.);
#3803 = DIRECTION('',(1.,0.,0.));
#3804 = PCURVE('',#3727,#3805);
#3805 = DEFINITIONAL_REPRESENTATION('',(#3806),#3810);
#3806 = LINE('',#3807,#3808);
#3807 = CARTESIAN_POINT('',(2.,50.));
#3808 = VECTOR('',#3809,1.);
#3809 = DIRECTION('',(-1.,0.));
#3810 = ( GEOMETRIC_REPRESENTATION_CONTEXT(2) 
PARAMETRIC_REPRESENTATION_CONTEXT() REPRESENTATION_CONTEXT('2D SPACE',''
  ) );
#3811 = PCURVE('',#3756,#3812);
#3812 = DEFINITIONAL_REPRESENTATION('',(#3813),#3817);
#3813 = LINE('',#3814,#3815);
#3814 = CARTESIAN_POINT('',(62.,24.666666666667));
#3815 = VECTOR('',#3816,1.);
#3816 = DIRECTION('',(0.,1.));
#3817 = ( GEOMETRIC_REPRESENTATION_CONTEXT(2) 
PARAMETRIC_REPRESENTATION_CONTEXT() REPRESENTATION_CONTEXT('2D SPACE',''
  ) );
#3818 = FACE_BOUND('',#3819,.T.);
#3819 = EDGE_LOOP('',(#3820,#3851));
#3820 = ORIENTED_EDGE('',*,*,#3821,.T.);
#3821 = EDGE_CURVE('',#3822,#3824,#3826,.T.);
#3822 = VERTEX_POINT('',#3823);
#3823 = CARTESIAN_POINT('',(22.323520916159,-6.927648449884E-16,-60.));
#3824 = VERTEX_POINT('',#3825);
#3825 = CARTESIAN_POINT('',(11.009812417174,0.,-60.));
#3826 = SURFACE_CURVE('',#3827,(#3832,#3839),.PCURVE_S1.);
#3827 = CIRCLE('',#3828,5.656854249492);
#3828 = AXIS2_PLACEMENT_3D('',#3829,#3830,#3831);
#3829 = CARTESIAN_POINT('',(16.666666666667,0.,-60.));
#3830 = DIRECTION('',(0.,0.,1.));
#3831 = DIRECTION('',(1.,0.,-0.));
#3832 = PCURVE('',#3727,#3833);
#3833 = DEFINITIONAL_REPRESENTATION('',(#3834),#3838);
#3834 = CIRCLE('',#3835,5.656854249492);
#3835 = AXIS2_PLACEMENT_2D('',#3836,#3837);
#3836 = CARTESIAN_POINT('',(-66.66666666666,50.));
#3837 = DIRECTION('',(-1.,0.));
#3838 = ( GEOMETRIC_REPRESENTATION_CONTEXT(2) 
PARAMETRIC_REPRESENTATION_CONTEXT() REPRESENTATION_CONTEXT('2D SPACE',''
  ) );
#3839 = PCURVE('',#3840,#3845);
#3840 = SPHERICAL_SURFACE('',#3841,6.);
#3841 = AXIS2_PLACEMENT_3D('',#3842,#3843,#3844);
#3842 = CARTESIAN_POINT('',(16.666666666667,0.,-62.));
#3843 = DIRECTION('',(0.,0.,1.));
#3844 = DIRECTION('',(1.,0.,0.));
#3845 = DEFINITIONAL_REPRESENTATION('',(#3846),#3850);
#3846 = LINE('',#3847,#3848);
#3847 = CARTESIAN_POINT('',(0.,0.339836909454));
#3848 = VECTOR('',#3849,1.);
#3849 = DIRECTION('',(1.,0.));
#3850 = ( GEOMETRIC_REPRESENTATION_CONTEXT(2) 
PARAMETRIC_REPRESENTATION_CONTEXT() REPRESENTATION_CONTEXT('2D SPACE',''
  ) );
#3851 = ORIENTED_EDGE('',*,*,#3852,.T.);
#3852 = EDGE_CURVE('',#3824,#3822,#3853,.T.);
#3853 = SURFACE_CURVE('',#3854,(#3858,#3865),.PCURVE_S1.);
#3854 = LINE('',#3855,#3856);
#3855 = CARTESIAN_POINT('',(-52.,0.,-60.));
#3856 = VECTOR('',#3857,1.);
#3857 = DIRECTION('',(1.,0.,0.));
#3858 = PCURVE('',#3727,#3859);
#3859 = DEFINITIONAL_REPRESENTATION('',(#3860),#3864);
#3860 = LINE('',#3861,#3862);
#3861 = CARTESIAN_POINT('',(2.,50.));
#3862 = VECTOR('',#3863,1.);
#3863 = DIRECTION('',(-1.,0.));
#3864 = ( GEOMETRIC_REPRESENTATION_CONTEXT(2) 
PARAMETRIC_REPRESENTATION_CONTEXT() REPRESENTATION_CONTEXT('2D SPACE',''
  ) );
#3865 = PCURVE('',#3866,#3871);
#3866 = PLANE('',#3867);
#3867 = AXIS2_PLACEMENT_3D('',#3868,#3869,#3870);
#3868 = CARTESIAN_POINT('',(-43.33333333333,0.,-122.));
#3869 = DIRECTION('',(0.,1.,0.));
#3870 = DIRECTION('',(0.,0.,1.));
#3871 = DEFINITIONAL_REPRESENTATION('',(#3872),#3876);
#3872 = LINE('',#3873,#3874);
#3873 = CARTESIAN_POINT('',(62.,-8.666666666667));
#3874 = VECTOR('',#3875,1.);
#3875 = DIRECTION('',(0.,1.));
#3876 = ( GEOMETRIC_REPRESENTATION_CONTEXT(2) 
PARAMETRIC_REPRESENTATION_CONTEXT() REPRESENTATION_CONTEXT('2D SPACE',''
  ) );
#3877 = FACE_BOUND('',#3878,.T.);
#3878 = EDGE_LOOP('',(#3879,#3909,#3937,#3965));
#3879 = ORIENTED_EDGE('',*,*,#3880,.F.);
#3880 = EDGE_CURVE('',#3881,#3883,#3885,.T.);
#3881 = VERTEX_POINT('',#3882);
#3882 = CARTESIAN_POINT('',(47.,-50.,-60.));
#3883 = VERTEX_POINT('',#3884);
#3884 = CARTESIAN_POINT('',(47.,50.,-60.));
#3885 = SURFACE_CURVE('',#3886,(#3890,#3897),.PCURVE_S1.);
#3886 = LINE('',#3887,#3888);
#3887 = CARTESIAN_POINT('',(47.,-50.,-60.));
#3888 = VECTOR('',#3889,1.);
#3889 = DIRECTION('',(0.,1.,0.));
#3890 = PCURVE('',#3727,#3891);
#3891 = DEFINITIONAL_REPRESENTATION('',(#3892),#3896);
#3892 = LINE('',#3893,#3894);
#3893 = CARTESIAN_POINT('',(-97.,100.));
#3894 = VECTOR('',#3895,1.);
#3895 = DIRECTION('',(-0.,-1.));
#3896 = ( GEOMETRIC_REPRESENTATION_CONTEXT(2) 
PARAMETRIC_REPRESENTATION_CONTEXT() REPRESENTATION_CONTEXT('2D SPACE',''
  ) );
#3897 = PCURVE('',#3898,#3903);
#3898 = PLANE('',#3899);
#3899 = AXIS2_PLACEMENT_3D('',#3900,#3901,#3902);
#3900 = CARTESIAN_POINT('',(48.5,50.,-58.5));
#3901 = DIRECTION('',(-0.707106781187,-0.,0.707106781187));
#3902 = DIRECTION('',(0.,1.,0.));
#3903 = DEFINITIONAL_REPRESENTATION('',(#3904),#3908);
#3904 = LINE('',#3905,#3906);
#3905 = CARTESIAN_POINT('',(-100.,2.12132034356));
#3906 = VECTOR('',#3907,1.);
#3907 = DIRECTION('',(1.,-0.));
#3908 = ( GEOMETRIC_REPRESENTATION_CONTEXT(2) 
PARAMETRIC_REPRESENTATION_CONTEXT() REPRESENTATION_CONTEXT('2D SPACE',''
  ) );
#3909 = ORIENTED_EDGE('',*,*,#3910,.F.);
#3910 = EDGE_CURVE('',#3911,#3881,#3913,.T.);
#3911 = VERTEX_POINT('',#3912);
#3912 = CARTESIAN_POINT('',(-47.,-50.,-60.));
#3913 = SURFACE_CURVE('',#3914,(#3918,#3925),.PCURVE_S1.);
#3914 = LINE('',#3915,#3916);
#3915 = CARTESIAN_POINT('',(-50.,-50.,-60.));
#3916 = VECTOR('',#3917,1.);
#3917 = DIRECTION('',(1.,0.,0.));
#3918 = PCURVE('',#3727,#3919);
#3919 = DEFINITIONAL_REPRESENTATION('',(#3920),#3924);
#3920 = LINE('',#3921,#3922);
#3921 = CARTESIAN_POINT('',(-0.,100.));
#3922 = VECTOR('',#3923,1.);
#3923 = DIRECTION('',(-1.,0.));
#3924 = ( GEOMETRIC_REPRESENTATION_CONTEXT(2) 
PARAMETRIC_REPRESENTATION_CONTEXT() REPRESENTATION_CONTEXT('2D SPACE',''
  ) );
#3925 = PCURVE('',#3926,#3931);
#3926 = PLANE('',#3927);
#3927 = AXIS2_PLACEMENT_3D('',#3928,#3929,#3930);
#3928 = CARTESIAN_POINT('',(-50.,-50.,-60.));
#3929 = DIRECTION('',(0.,1.,0.));
#3930 = DIRECTION('',(0.,0.,1.));
#3931 = DEFINITIONAL_REPRESENTATION('',(#3932),#3936);
#3932 = LINE('',#3933,#3934);
#3933 = CARTESIAN_POINT('',(0.,0.));
#3934 = VECTOR('',#3935,1.);
#3935 = DIRECTION('',(0.,1.));
#3936 = ( GEOMETRIC_REPRESENTATION_CONTEXT(2) 
PARAMETRIC_REPRESENTATION_CONTEXT() REPRESENTATION_CONTEXT('2D SPACE',''
  ) );
#3937 = ORIENTED_EDGE('',*,*,#3938,.F.);
#3938 = EDGE_CURVE('',#3939,#3911,#3941,.T.);
#3939 = VERTEX_POINT('',#3940);
#3940 = CARTESIAN_POINT('',(-47.,50.,-60.));
#3941 = SURFACE_CURVE('',#3942,(#3946,#3953),.PCURVE_S1.);
#3942 = LINE('',#3943,#3944);
#3943 = CARTESIAN_POINT('',(-47.,50.,-60.));
#3944 = VECTOR('',#3945,1.);
#3945 = DIRECTION('',(0.,-1.,0.));
#3946 = PCURVE('',#3727,#3947);
#3947 = DEFINITIONAL_REPRESENTATION('',(#3948),#3952);
#3948 = LINE('',#3949,#3950);
#3949 = CARTESIAN_POINT('',(-3.,0.));
#3950 = VECTOR('',#3951,1.);
#3951 = DIRECTION('',(-0.,1.));
#3952 = ( GEOMETRIC_REPRESENTATION_CONTEXT(2) 
PARAMETRIC_REPRESENTATION_CONTEXT() REPRESENTATION_CONTEXT('2D SPACE',''
  ) );
#3953 = PCURVE('',#3954,#3959);
#3954 = PLANE('',#3955);
#3955 = AXIS2_PLACEMENT_3D('',#3956,#3957,#3958);
#3956 = CARTESIAN_POINT('',(-48.5,50.,-58.5));
#3957 = DIRECTION('',(-0.707106781187,-0.,-0.707106781187));
#3958 = DIRECTION('',(-0.,-1.,-0.));
#3959 = DEFINITIONAL_REPRESENTATION('',(#3960),#3964);
#3960 = LINE('',#3961,#3962);
#3961 = CARTESIAN_POINT('',(0.,-2.12132034356));
#3962 = VECTOR('',#3963,1.);
#3963 = DIRECTION('',(1.,0.));
#3964 = ( GEOMETRIC_REPRESENTATION_CONTEXT(2) 
PARAMETRIC_REPRESENTATION_CONTEXT() REPRESENTATION_CONTEXT('2D SPACE',''
  ) );
#3965 = ORIENTED_EDGE('',*,*,#3966,.T.);
#3966 = EDGE_CURVE('',#3939,#3883,#3967,.T.);
#3967 = SURFACE_CURVE('',#3968,(#3972,#3979),.PCURVE_S1.);
#3968 = LINE('',#3969,#3970);
#3969 = CARTESIAN_POINT('',(-50.,50.,-60.));
#3970 = VECTOR('',#3971,1.);
#3971 = DIRECTION('',(1.,0.,-0.));
#3972 = PCURVE('',#3727,#3973);
#3973 = DEFINITIONAL_REPRESENTATION('',(#3974),#3978);
#3974 = LINE('',#3975,#3976);
#3975 = CARTESIAN_POINT('',(-0.,0.));
#3976 = VECTOR('',#3977,1.);
#3977 = DIRECTION('',(-1.,0.));
#3978 = ( GEOMETRIC_REPRESENTATION_CONTEXT(2) 
PARAMETRIC_REPRESENTATION_CONTEXT() REPRESENTATION_CONTEXT('2D SPACE',''
  ) );
#3979 = PCURVE('',#3980,#3985);
#3980 = PLANE('',#3981);
#3981 = AXIS2_PLACEMENT_3D('',#3982,#3983,#3984);
#3982 = CARTESIAN_POINT('',(-50.,50.,-60.));
#3983 = DIRECTION('',(0.,-1.,0.));
#3984 = DIRECTION('',(0.,0.,-1.));
#3985 = DEFINITIONAL_REPRESENTATION('',(#3986),#3990);
#3986 = LINE('',#3987,#3988);
#3987 = CARTESIAN_POINT('',(-0.,0.));
#3988 = VECTOR('',#3989,1.);
#3989 = DIRECTION('',(-0.,1.));
#3990 = ( GEOMETRIC_REPRESENTATION_CONTEXT(2) 
PARAMETRIC_REPRESENTATION_CONTEXT() REPRESENTATION_CONTEXT('2D SPACE',''
  ) );
#3991 = ADVANCED_FACE('',(#3992),#3756,.T.);
#3992 = FACE_BOUND('',#3993,.T.);
#3993 = EDGE_LOOP('',(#3994,#3995,#3996));
#3994 = ORIENTED_EDGE('',*,*,#3798,.F.);
#3995 = ORIENTED_EDGE('',*,*,#3739,.T.);
#3996 = ORIENTED_EDGE('',*,*,#3768,.F.);
#3997 = ADVANCED_FACE('',(#3998),#3840,.F.);
#3998 = FACE_BOUND('',#3999,.F.);
#3999 = EDGE_LOOP('',(#4000,#4001,#4025));
#4000 = ORIENTED_EDGE('',*,*,#3821,.T.);
#4001 = ORIENTED_EDGE('',*,*,#4002,.T.);
#4002 = EDGE_CURVE('',#3824,#4003,#4005,.T.);
#4003 = VERTEX_POINT('',#4004);
#4004 = CARTESIAN_POINT('',(16.666666666667,-8.998558695971E-32,-56.));
#4005 = SURFACE_CURVE('',#4006,(#4011,#4018),.PCURVE_S1.);
#4006 = CIRCLE('',#4007,6.);
#4007 = AXIS2_PLACEMENT_3D('',#4008,#4009,#4010);
#4008 = CARTESIAN_POINT('',(16.666666666667,0.,-62.));
#4009 = DIRECTION('',(0.,1.,0.));
#4010 = DIRECTION('',(0.,-0.,1.));
#4011 = PCURVE('',#3840,#4012);
#4012 = DEFINITIONAL_REPRESENTATION('',(#4013),#4017);
#4013 = LINE('',#4014,#4015);
#4014 = CARTESIAN_POINT('',(3.14159265359,-4.712388980385));
#4015 = VECTOR('',#4016,1.);
#4016 = DIRECTION('',(-0.,1.));
#4017 = ( GEOMETRIC_REPRESENTATION_CONTEXT(2) 
PARAMETRIC_REPRESENTATION_CONTEXT() REPRESENTATION_CONTEXT('2D SPACE',''
  ) );
#4018 = PCURVE('',#3866,#4019);
#4019 = DEFINITIONAL_REPRESENTATION('',(#4020),#4024);
#4020 = CIRCLE('',#4021,6.);
#4021 = AXIS2_PLACEMENT_2D('',#4022,#4023);
#4022 = CARTESIAN_POINT('',(60.,60.));
#4023 = DIRECTION('',(1.,0.));
#4024 = ( GEOMETRIC_REPRESENTATION_CONTEXT(2) 
PARAMETRIC_REPRESENTATION_CONTEXT() REPRESENTATION_CONTEXT('2D SPACE',''
  ) );
#4025 = ORIENTED_EDGE('',*,*,#4026,.F.);
#4026 = EDGE_CURVE('',#3822,#4003,#4027,.T.);
#4027 = SURFACE_CURVE('',#4028,(#4033,#4040),.PCURVE_S1.);
#4028 = CIRCLE('',#4029,6.);
#4029 = AXIS2_PLACEMENT_3D('',#4030,#4031,#4032);
#4030 = CARTESIAN_POINT('',(16.666666666667,0.,-62.));
#4031 = DIRECTION('',(-2.449293598295E-16,-1.,0.));
#4032 = DIRECTION('',(1.,-2.449293598295E-16,0.));
#4033 = PCURVE('',#3840,#4034);
#4034 = DEFINITIONAL_REPRESENTATION('',(#4035),#4039);
#4035 = LINE('',#4036,#4037);
#4036 = CARTESIAN_POINT('',(0.,-6.28318530718));
#4037 = VECTOR('',#4038,1.);
#4038 = DIRECTION('',(0.,1.));
#4039 = ( GEOMETRIC_REPRESENTATION_CONTEXT(2) 
PARAMETRIC_REPRESENTATION_CONTEXT() REPRESENTATION_CONTEXT('2D SPACE',''
  ) );
#4040 = PCURVE('',#3866,#4041);
#4041 = DEFINITIONAL_REPRESENTATION('',(#4042),#4050);
#4042 = ( BOUNDED_CURVE() B_SPLINE_CURVE(2,(#4043,#4044,#4045,#4046,
#4047,#4048,#4049),.UNSPECIFIED.,.T.,.F.) B_SPLINE_CURVE_WITH_KNOTS((1,2
    ,2,2,2,1),(-2.094395102393,0.,2.094395102393,4.188790204786,
6.28318530718,8.377580409573),.UNSPECIFIED.) CURVE() 
GEOMETRIC_REPRESENTATION_ITEM() RATIONAL_B_SPLINE_CURVE((1.,0.5,1.,0.5,
1.,0.5,1.)) REPRESENTATION_ITEM('') );
#4043 = CARTESIAN_POINT('',(60.,66.));
#4044 = CARTESIAN_POINT('',(70.392304845413,66.));
#4045 = CARTESIAN_POINT('',(65.196152422707,57.));
#4046 = CARTESIAN_POINT('',(60.,48.));
#4047 = CARTESIAN_POINT('',(54.803847577293,57.));
#4048 = CARTESIAN_POINT('',(49.607695154587,66.));
#4049 = CARTESIAN_POINT('',(60.,66.));
#4050 = ( GEOMETRIC_REPRESENTATION_CONTEXT(2) 
PARAMETRIC_REPRESENTATION_CONTEXT() REPRESENTATION_CONTEXT('2D SPACE',''
  ) );
#4051 = ADVANCED_FACE('',(#4052),#3898,.F.);
#4052 = FACE_BOUND('',#4053,.T.);
#4053 = EDGE_LOOP('',(#4054,#4077,#4105,#4126));
#4054 = ORIENTED_EDGE('',*,*,#4055,.F.);
#4055 = EDGE_CURVE('',#4056,#3883,#4058,.T.);
#4056 = VERTEX_POINT('',#4057);
#4057 = CARTESIAN_POINT('',(50.,50.,-57.));
#4058 = SURFACE_CURVE('',#4059,(#4063,#4070),.PCURVE_S1.);
#4059 = LINE('',#4060,#4061);
#4060 = CARTESIAN_POINT('',(23.5,50.,-83.5));
#4061 = VECTOR('',#4062,1.);
#4062 = DIRECTION('',(-0.707106781187,-0.,-0.707106781187));
#4063 = PCURVE('',#3898,#4064);
#4064 = DEFINITIONAL_REPRESENTATION('',(#4065),#4069);
#4065 = LINE('',#4066,#4067);
#4066 = CARTESIAN_POINT('',(-0.,35.355339059327));
#4067 = VECTOR('',#4068,1.);
#4068 = DIRECTION('',(-0.,1.));
#4069 = ( GEOMETRIC_REPRESENTATION_CONTEXT(2) 
PARAMETRIC_REPRESENTATION_CONTEXT() REPRESENTATION_CONTEXT('2D SPACE',''
  ) );
#4070 = PCURVE('',#3980,#4071);
#4071 = DEFINITIONAL_REPRESENTATION('',(#4072),#4076);
#4072 = LINE('',#4073,#4074);
#4073 = CARTESIAN_POINT('',(23.5,73.5));
#4074 = VECTOR('',#4075,1.);
#4075 = DIRECTION('',(0.707106781187,-0.707106781187));
#4076 = ( GEOMETRIC_REPRESENTATION_CONTEXT(2) 
PARAMETRIC_REPRESENTATION_CONTEXT() REPRESENTATION_CONTEXT('2D SPACE',''
  ) );
#4077 = ORIENTED_EDGE('',*,*,#4078,.F.);
#4078 = EDGE_CURVE('',#4079,#4056,#4081,.T.);
#4079 = VERTEX_POINT('',#4080);
#4080 = CARTESIAN_POINT('',(50.,-50.,-57.));
#4081 = SURFACE_CURVE('',#4082,(#4086,#4093),.PCURVE_S1.);
#4082 = LINE('',#4083,#4084);
#4083 = CARTESIAN_POINT('',(50.,-50.,-57.));
#4084 = VECTOR('',#4085,1.);
#4085 = DIRECTION('',(0.,1.,0.));
#4086 = PCURVE('',#3898,#4087);
#4087 = DEFINITIONAL_REPRESENTATION('',(#4088),#4092);
#4088 = LINE('',#4089,#4090);
#4089 = CARTESIAN_POINT('',(-100.,-2.12132034356));
#4090 = VECTOR('',#4091,1.);
#4091 = DIRECTION('',(1.,-0.));
#4092 = ( GEOMETRIC_REPRESENTATION_CONTEXT(2) 
PARAMETRIC_REPRESENTATION_CONTEXT() REPRESENTATION_CONTEXT('2D SPACE',''
  ) );
#4093 = PCURVE('',#4094,#4099);
#4094 = PLANE('',#4095);
#4095 = AXIS2_PLACEMENT_3D('',#4096,#4097,#4098);
#4096 = CARTESIAN_POINT('',(50.,50.,-60.));
#4097 = DIRECTION('',(1.,0.,-0.));
#4098 = DIRECTION('',(-0.,-0.,-1.));
#4099 = DEFINITIONAL_REPRESENTATION('',(#4100),#4104);
#4100 = LINE('',#4101,#4102);
#4101 = CARTESIAN_POINT('',(-3.,-100.));
#4102 = VECTOR('',#4103,1.);
#4103 = DIRECTION('',(-0.,1.));
#4104 = ( GEOMETRIC_REPRESENTATION_CONTEXT(2) 
PARAMETRIC_REPRESENTATION_CONTEXT() REPRESENTATION_CONTEXT('2D SPACE',''
  ) );
#4105 = ORIENTED_EDGE('',*,*,#4106,.T.);
#4106 = EDGE_CURVE('',#4079,#3881,#4107,.T.);
#4107 = SURFACE_CURVE('',#4108,(#4112,#4119),.PCURVE_S1.);
#4108 = LINE('',#4109,#4110);
#4109 = CARTESIAN_POINT('',(23.5,-50.,-83.5));
#4110 = VECTOR('',#4111,1.);
#4111 = DIRECTION('',(-0.707106781187,0.,-0.707106781187));
#4112 = PCURVE('',#3898,#4113);
#4113 = DEFINITIONAL_REPRESENTATION('',(#4114),#4118);
#4114 = LINE('',#4115,#4116);
#4115 = CARTESIAN_POINT('',(-100.,35.355339059327));
#4116 = VECTOR('',#4117,1.);
#4117 = DIRECTION('',(-0.,1.));
#4118 = ( GEOMETRIC_REPRESENTATION_CONTEXT(2) 
PARAMETRIC_REPRESENTATION_CONTEXT() REPRESENTATION_CONTEXT('2D SPACE',''
  ) );
#4119 = PCURVE('',#3926,#4120);
#4120 = DEFINITIONAL_REPRESENTATION('',(#4121),#4125);
#4121 = LINE('',#4122,#4123);
#4122 = CARTESIAN_POINT('',(-23.5,73.5));
#4123 = VECTOR('',#4124,1.);
#4124 = DIRECTION('',(-0.707106781187,-0.707106781187));
#4125 = ( GEOMETRIC_REPRESENTATION_CONTEXT(2) 
PARAMETRIC_REPRESENTATION_CONTEXT() REPRESENTATION_CONTEXT('2D SPACE',''
  ) );
#4126 = ORIENTED_EDGE('',*,*,#3880,.T.);
#4127 = ADVANCED_FACE('',(#4128),#3980,.F.);
#4128 = FACE_BOUND('',#4129,.T.);
#4129 = EDGE_LOOP('',(#4130,#4131,#4154,#4182,#4210,#4238,#4266,#4287));
#4130 = ORIENTED_EDGE('',*,*,#3966,.F.);
#4131 = ORIENTED_EDGE('',*,*,#4132,.T.);
#4132 = EDGE_CURVE('',#3939,#4133,#4135,.T.);
#4133 = VERTEX_POINT('',#4134);
#4134 = CARTESIAN_POINT('',(-50.,50.,-57.));
#4135 = SURFACE_CURVE('',#4136,(#4140,#4147),.PCURVE_S1.);
#4136 = LINE('',#4137,#4138);
#4137 = CARTESIAN_POINT('',(-48.5,50.,-58.5));
#4138 = VECTOR('',#4139,1.);
#4139 = DIRECTION('',(-0.707106781187,-0.,0.707106781187));
#4140 = PCURVE('',#3980,#4141);
#4141 = DEFINITIONAL_REPRESENTATION('',(#4142),#4146);
#4142 = LINE('',#4143,#4144);
#4143 = CARTESIAN_POINT('',(-1.5,1.5));
#4144 = VECTOR('',#4145,1.);
#4145 = DIRECTION('',(-0.707106781187,-0.707106781187));
#4146 = ( GEOMETRIC_REPRESENTATION_CONTEXT(2) 
PARAMETRIC_REPRESENTATION_CONTEXT() REPRESENTATION_CONTEXT('2D SPACE',''
  ) );
#4147 = PCURVE('',#3954,#4148);
#4148 = DEFINITIONAL_REPRESENTATION('',(#4149),#4153);
#4149 = LINE('',#4150,#4151);
#4150 = CARTESIAN_POINT('',(-0.,0.));
#4151 = VECTOR('',#4152,1.);
#4152 = DIRECTION('',(0.,1.));
#4153 = ( GEOMETRIC_REPRESENTATION_CONTEXT(2) 
PARAMETRIC_REPRESENTATION_CONTEXT() REPRESENTATION_CONTEXT('2D SPACE',''
  ) );
#4154 = ORIENTED_EDGE('',*,*,#4155,.T.);
#4155 = EDGE_CURVE('',#4133,#4156,#4158,.T.);
#4156 = VERTEX_POINT('',#4157);
#4157 = CARTESIAN_POINT('',(-50.,50.,57.));
#4158 = SURFACE_CURVE('',#4159,(#4163,#4170),.PCURVE_S1.);
#4159 = LINE('',#4160,#4161);
#4160 = CARTESIAN_POINT('',(-50.,50.,-60.));
#4161 = VECTOR('',#4162,1.);
#4162 = DIRECTION('',(0.,0.,1.));
#4163 = PCURVE('',#3980,#4164);
#4164 = DEFINITIONAL_REPRESENTATION('',(#4165),#4169);
#4165 = LINE('',#4166,#4167);
#4166 = CARTESIAN_POINT('',(-0.,0.));
#4167 = VECTOR('',#4168,1.);
#4168 = DIRECTION('',(-1.,0.));
#4169 = ( GEOMETRIC_REPRESENTATION_CONTEXT(2) 
PARAMETRIC_REPRESENTATION_CONTEXT() REPRESENTATION_CONTEXT('2D SPACE',''
  ) );
#4170 = PCURVE('',#4171,#4176);
#4171 = PLANE('',#4172);
#4172 = AXIS2_PLACEMENT_3D('',#4173,#4174,#4175);
#4173 = CARTESIAN_POINT('',(-50.,50.,-60.));
#4174 = DIRECTION('',(1.,0.,-0.));
#4175 = DIRECTION('',(-0.,-0.,-1.));
#4176 = DEFINITIONAL_REPRESENTATION('',(#4177),#4181);
#4177 = LINE('',#4178,#4179);
#4178 = CARTESIAN_POINT('',(-0.,0.));
#4179 = VECTOR('',#4180,1.);
#4180 = DIRECTION('',(-1.,0.));
#4181 = ( GEOMETRIC_REPRESENTATION_CONTEXT(2) 
PARAMETRIC_REPRESENTATION_CONTEXT() REPRESENTATION_CONTEXT('2D SPACE',''
  ) );
#4182 = ORIENTED_EDGE('',*,*,#4183,.F.);
#4183 = EDGE_CURVE('',#4184,#4156,#4186,.T.);
#4184 = VERTEX_POINT('',#4185);
#4185 = CARTESIAN_POINT('',(-47.,50.,60.));
#4186 = SURFACE_CURVE('',#4187,(#4191,#4198),.PCURVE_S1.);
#4187 = LINE('',#4188,#4189);
#4188 = CARTESIAN_POINT('',(-78.5,50.,28.5));
#4189 = VECTOR('',#4190,1.);
#4190 = DIRECTION('',(-0.707106781187,-0.,-0.707106781187));
#4191 = PCURVE('',#3980,#4192);
#4192 = DEFINITIONAL_REPRESENTATION('',(#4193),#4197);
#4193 = LINE('',#4194,#4195);
#4194 = CARTESIAN_POINT('',(-88.5,-28.5));
#4195 = VECTOR('',#4196,1.);
#4196 = DIRECTION('',(0.707106781187,-0.707106781187));
#4197 = ( GEOMETRIC_REPRESENTATION_CONTEXT(2) 
PARAMETRIC_REPRESENTATION_CONTEXT() REPRESENTATION_CONTEXT('2D SPACE',''
  ) );
#4198 = PCURVE('',#4199,#4204);
#4199 = PLANE('',#4200);
#4200 = AXIS2_PLACEMENT_3D('',#4201,#4202,#4203);
#4201 = CARTESIAN_POINT('',(-48.5,50.,58.5));
#4202 = DIRECTION('',(0.707106781187,-0.,-0.707106781187));
#4203 = DIRECTION('',(-0.,-1.,-0.));
#4204 = DEFINITIONAL_REPRESENTATION('',(#4205),#4209);
#4205 = LINE('',#4206,#4207);
#4206 = CARTESIAN_POINT('',(0.,42.426406871193));
#4207 = VECTOR('',#4208,1.);
#4208 = DIRECTION('',(0.,1.));
#4209 = ( GEOMETRIC_REPRESENTATION_CONTEXT(2) 
PARAMETRIC_REPRESENTATION_CONTEXT() REPRESENTATION_CONTEXT('2D SPACE',''
  ) );
#4210 = ORIENTED_EDGE('',*,*,#4211,.T.);
#4211 = EDGE_CURVE('',#4184,#4212,#4214,.T.);
#4212 = VERTEX_POINT('',#4213);
#4213 = CARTESIAN_POINT('',(47.,50.,60.));
#4214 = SURFACE_CURVE('',#4215,(#4219,#4226),.PCURVE_S1.);
#4215 = LINE('',#4216,#4217);
#4216 = CARTESIAN_POINT('',(-50.,50.,60.));
#4217 = VECTOR('',#4218,1.);
#4218 = DIRECTION('',(1.,0.,-0.));
#4219 = PCURVE('',#3980,#4220);
#4220 = DEFINITIONAL_REPRESENTATION('',(#4221),#4225);
#4221 = LINE('',#4222,#4223);
#4222 = CARTESIAN_POINT('',(-120.,0.));
#4223 = VECTOR('',#4224,1.);
#4224 = DIRECTION('',(-0.,1.));
#4225 = ( GEOMETRIC_REPRESENTATION_CONTEXT(2) 
PARAMETRIC_REPRESENTATION_CONTEXT() REPRESENTATION_CONTEXT('2D SPACE',''
  ) );
#4226 = PCURVE('',#4227,#4232);
#4227 = PLANE('',#4228);
#4228 = AXIS2_PLACEMENT_3D('',#4229,#4230,#4231);
#4229 = CARTESIAN_POINT('',(-50.,50.,60.));
#4230 = DIRECTION('',(0.,0.,1.));
#4231 = DIRECTION('',(-1.,-0.,0.));
#4232 = DEFINITIONAL_REPRESENTATION('',(#4233),#4237);
#4233 = LINE('',#4234,#4235);
#4234 = CARTESIAN_POINT('',(-0.,0.));
#4235 = VECTOR('',#4236,1.);
#4236 = DIRECTION('',(-1.,0.));
#4237 = ( GEOMETRIC_REPRESENTATION_CONTEXT(2) 
PARAMETRIC_REPRESENTATION_CONTEXT() REPRESENTATION_CONTEXT('2D SPACE',''
  ) );
#4238 = ORIENTED_EDGE('',*,*,#4239,.T.);
#4239 = EDGE_CURVE('',#4212,#4240,#4242,.T.);
#4240 = VERTEX_POINT('',#4241);
#4241 = CARTESIAN_POINT('',(50.,50.,57.));
#4242 = SURFACE_CURVE('',#4243,(#4247,#4254),.PCURVE_S1.);
#4243 = LINE('',#4244,#4245);
#4244 = CARTESIAN_POINT('',(53.5,50.,53.5));
#4245 = VECTOR('',#4246,1.);
#4246 = DIRECTION('',(0.707106781187,-0.,-0.707106781187));
#4247 = PCURVE('',#3980,#4248);
#4248 = DEFINITIONAL_REPRESENTATION('',(#4249),#4253);
#4249 = LINE('',#4250,#4251);
#4250 = CARTESIAN_POINT('',(-113.5,103.5));
#4251 = VECTOR('',#4252,1.);
#4252 = DIRECTION('',(0.707106781187,0.707106781187));
#4253 = ( GEOMETRIC_REPRESENTATION_CONTEXT(2) 
PARAMETRIC_REPRESENTATION_CONTEXT() REPRESENTATION_CONTEXT('2D SPACE',''
  ) );
#4254 = PCURVE('',#4255,#4260);
#4255 = PLANE('',#4256);
#4256 = AXIS2_PLACEMENT_3D('',#4257,#4258,#4259);
#4257 = CARTESIAN_POINT('',(48.5,50.,58.5));
#4258 = DIRECTION('',(0.707106781187,-0.,0.707106781187));
#4259 = DIRECTION('',(-0.,-1.,-0.));
#4260 = DEFINITIONAL_REPRESENTATION('',(#4261),#4265);
#4261 = LINE('',#4262,#4263);
#4262 = CARTESIAN_POINT('',(0.,7.071067811865));
#4263 = VECTOR('',#4264,1.);
#4264 = DIRECTION('',(0.,1.));
#4265 = ( GEOMETRIC_REPRESENTATION_CONTEXT(2) 
PARAMETRIC_REPRESENTATION_CONTEXT() REPRESENTATION_CONTEXT('2D SPACE',''
  ) );
#4266 = ORIENTED_EDGE('',*,*,#4267,.F.);
#4267 = EDGE_CURVE('',#4056,#4240,#4268,.T.);
#4268 = SURFACE_CURVE('',#4269,(#4273,#4280),.PCURVE_S1.);
#4269 = LINE('',#4270,#4271);
#4270 = CARTESIAN_POINT('',(50.,50.,-60.));
#4271 = VECTOR('',#4272,1.);
#4272 = DIRECTION('',(0.,0.,1.));
#4273 = PCURVE('',#3980,#4274);
#4274 = DEFINITIONAL_REPRESENTATION('',(#4275),#4279);
#4275 = LINE('',#4276,#4277);
#4276 = CARTESIAN_POINT('',(-0.,100.));
#4277 = VECTOR('',#4278,1.);
#4278 = DIRECTION('',(-1.,0.));
#4279 = ( GEOMETRIC_REPRESENTATION_CONTEXT(2) 
PARAMETRIC_REPRESENTATION_CONTEXT() REPRESENTATION_CONTEXT('2D SPACE',''
  ) );
#4280 = PCURVE('',#4094,#4281);
#4281 = DEFINITIONAL_REPRESENTATION('',(#4282),#4286);
#4282 = LINE('',#4283,#4284);
#4283 = CARTESIAN_POINT('',(-0.,0.));
#4284 = VECTOR('',#4285,1.);
#4285 = DIRECTION('',(-1.,0.));
#4286 = ( GEOMETRIC_REPRESENTATION_CONTEXT(2) 
PARAMETRIC_REPRESENTATION_CONTEXT() REPRESENTATION_CONTEXT('2D SPACE',''
  ) );
#4287 = ORIENTED_EDGE('',*,*,#4055,.T.);
#4288 = ADVANCED_FACE('',(#4289),#3954,.T.);
#4289 = FACE_BOUND('',#4290,.T.);
#4290 = EDGE_LOOP('',(#4291,#4292,#4293,#4316));
#4291 = ORIENTED_EDGE('',*,*,#4132,.F.);
#4292 = ORIENTED_EDGE('',*,*,#3938,.T.);
#4293 = ORIENTED_EDGE('',*,*,#4294,.T.);
#4294 = EDGE_CURVE('',#3911,#4295,#4297,.T.);
#4295 = VERTEX_POINT('',#4296);
#4296 = CARTESIAN_POINT('',(-50.,-50.,-57.));
#4297 = SURFACE_CURVE('',#4298,(#4302,#4309),.PCURVE_S1.);
#4298 = LINE('',#4299,#4300);
#4299 = CARTESIAN_POINT('',(-48.5,-50.,-58.5));
#4300 = VECTOR('',#4301,1.);
#4301 = DIRECTION('',(-0.707106781187,0.,0.707106781187));
#4302 = PCURVE('',#3954,#4303);
#4303 = DEFINITIONAL_REPRESENTATION('',(#4304),#4308);
#4304 = LINE('',#4305,#4306);
#4305 = CARTESIAN_POINT('',(100.,0.));
#4306 = VECTOR('',#4307,1.);
#4307 = DIRECTION('',(0.,1.));
#4308 = ( GEOMETRIC_REPRESENTATION_CONTEXT(2) 
PARAMETRIC_REPRESENTATION_CONTEXT() REPRESENTATION_CONTEXT('2D SPACE',''
  ) );
#4309 = PCURVE('',#3926,#4310);
#4310 = DEFINITIONAL_REPRESENTATION('',(#4311),#4315);
#4311 = LINE('',#4312,#4313);
#4312 = CARTESIAN_POINT('',(1.5,1.5));
#4313 = VECTOR('',#4314,1.);
#4314 = DIRECTION('',(0.707106781187,-0.707106781187));
#4315 = ( GEOMETRIC_REPRESENTATION_CONTEXT(2) 
PARAMETRIC_REPRESENTATION_CONTEXT() REPRESENTATION_CONTEXT('2D SPACE',''
  ) );
#4316 = ORIENTED_EDGE('',*,*,#4317,.F.);
#4317 = EDGE_CURVE('',#4133,#4295,#4318,.T.);
#4318 = SURFACE_CURVE('',#4319,(#4323,#4330),.PCURVE_S1.);
#4319 = LINE('',#4320,#4321);
#4320 = CARTESIAN_POINT('',(-50.,50.,-57.));
#4321 = VECTOR('',#4322,1.);
#4322 = DIRECTION('',(0.,-1.,0.));
#4323 = PCURVE('',#3954,#4324);
#4324 = DEFINITIONAL_REPRESENTATION('',(#4325),#4329);
#4325 = LINE('',#4326,#4327);
#4326 = CARTESIAN_POINT('',(0.,2.12132034356));
#4327 = VECTOR('',#4328,1.);
#4328 = DIRECTION('',(1.,0.));
#4329 = ( GEOMETRIC_REPRESENTATION_CONTEXT(2) 
PARAMETRIC_REPRESENTATION_CONTEXT() REPRESENTATION_CONTEXT('2D SPACE',''
  ) );
#4330 = PCURVE('',#4171,#4331);
#4331 = DEFINITIONAL_REPRESENTATION('',(#4332),#4336);
#4332 = LINE('',#4333,#4334);
#4333 = CARTESIAN_POINT('',(-3.,0.));
#4334 = VECTOR('',#4335,1.);
#4335 = DIRECTION('',(-0.,-1.));
#4336 = ( GEOMETRIC_REPRESENTATION_CONTEXT(2) 
PARAMETRIC_REPRESENTATION_CONTEXT() REPRESENTATION_CONTEXT('2D SPACE',''
  ) );
#4337 = ADVANCED_FACE('',(#4338),#3866,.T.);
#4338 = FACE_BOUND('',#4339,.T.);
#4339 = EDGE_LOOP('',(#4340,#4341,#4342));
#4340 = ORIENTED_EDGE('',*,*,#3852,.F.);
#4341 = ORIENTED_EDGE('',*,*,#4002,.T.);
#4342 = ORIENTED_EDGE('',*,*,#4026,.F.);
#4343 = ADVANCED_FACE('',(#4344),#3926,.F.);
#4344 = FACE_BOUND('',#4345,.F.);
#4345 = EDGE_LOOP('',(#4346,#4347,#4348,#4371,#4394,#4417,#4440,#4461));
#4346 = ORIENTED_EDGE('',*,*,#3910,.F.);
#4347 = ORIENTED_EDGE('',*,*,#4294,.T.);
#4348 = ORIENTED_EDGE('',*,*,#4349,.T.);
#4349 = EDGE_CURVE('',#4295,#4350,#4352,.T.);
#4350 = VERTEX_POINT('',#4351);
#4351 = CARTESIAN_POINT('',(-50.,-50.,57.));
#4352 = SURFACE_CURVE('',#4353,(#4357,#4364),.PCURVE_S1.);
#4353 = LINE('',#4354,#4355);
#4354 = CARTESIAN_POINT('',(-50.,-50.,-60.));
#4355 = VECTOR('',#4356,1.);
#4356 = DIRECTION('',(0.,0.,1.));
#4357 = PCURVE('',#3926,#4358);
#4358 = DEFINITIONAL_REPRESENTATION('',(#4359),#4363);
#4359 = LINE('',#4360,#4361);
#4360 = CARTESIAN_POINT('',(0.,0.));
#4361 = VECTOR('',#4362,1.);
#4362 = DIRECTION('',(1.,0.));
#4363 = ( GEOMETRIC_REPRESENTATION_CONTEXT(2) 
PARAMETRIC_REPRESENTATION_CONTEXT() REPRESENTATION_CONTEXT('2D SPACE',''
  ) );
#4364 = PCURVE('',#4171,#4365);
#4365 = DEFINITIONAL_REPRESENTATION('',(#4366),#4370);
#4366 = LINE('',#4367,#4368);
#4367 = CARTESIAN_POINT('',(-0.,-100.));
#4368 = VECTOR('',#4369,1.);
#4369 = DIRECTION('',(-1.,0.));
#4370 = ( GEOMETRIC_REPRESENTATION_CONTEXT(2) 
PARAMETRIC_REPRESENTATION_CONTEXT() REPRESENTATION_CONTEXT('2D SPACE',''
  ) );
#4371 = ORIENTED_EDGE('',*,*,#4372,.F.);
#4372 = EDGE_CURVE('',#4373,#4350,#4375,.T.);
#4373 = VERTEX_POINT('',#4374);
#4374 = CARTESIAN_POINT('',(-47.,-50.,60.));
#4375 = SURFACE_CURVE('',#4376,(#4380,#4387),.PCURVE_S1.);
#4376 = LINE('',#4377,#4378);
#4377 = CARTESIAN_POINT('',(-78.5,-50.,28.5));
#4378 = VECTOR('',#4379,1.);
#4379 = DIRECTION('',(-0.707106781187,0.,-0.707106781187));
#4380 = PCURVE('',#3926,#4381);
#4381 = DEFINITIONAL_REPRESENTATION('',(#4382),#4386);
#4382 = LINE('',#4383,#4384);
#4383 = CARTESIAN_POINT('',(88.5,-28.5));
#4384 = VECTOR('',#4385,1.);
#4385 = DIRECTION('',(-0.707106781187,-0.707106781187));
#4386 = ( GEOMETRIC_REPRESENTATION_CONTEXT(2) 
PARAMETRIC_REPRESENTATION_CONTEXT() REPRESENTATION_CONTEXT('2D SPACE',''
  ) );
#4387 = PCURVE('',#4199,#4388);
#4388 = DEFINITIONAL_REPRESENTATION('',(#4389),#4393);
#4389 = LINE('',#4390,#4391);
#4390 = CARTESIAN_POINT('',(100.,42.426406871193));
#4391 = VECTOR('',#4392,1.);
#4392 = DIRECTION('',(0.,1.));
#4393 = ( GEOMETRIC_REPRESENTATION_CONTEXT(2) 
PARAMETRIC_REPRESENTATION_CONTEXT() REPRESENTATION_CONTEXT('2D SPACE',''
  ) );
#4394 = ORIENTED_EDGE('',*,*,#4395,.T.);
#4395 = EDGE_CURVE('',#4373,#4396,#4398,.T.);
#4396 = VERTEX_POINT('',#4397);
#4397 = CARTESIAN_POINT('',(47.,-50.,60.));
#4398 = SURFACE_CURVE('',#4399,(#4403,#4410),.PCURVE_S1.);
#4399 = LINE('',#4400,#4401);
#4400 = CARTESIAN_POINT('',(-50.,-50.,60.));
#4401 = VECTOR('',#4402,1.);
#4402 = DIRECTION('',(1.,0.,0.));
#4403 = PCURVE('',#3926,#4404);
#4404 = DEFINITIONAL_REPRESENTATION('',(#4405),#4409);
#4405 = LINE('',#4406,#4407);
#4406 = CARTESIAN_POINT('',(120.,0.));
#4407 = VECTOR('',#4408,1.);
#4408 = DIRECTION('',(0.,1.));
#4409 = ( GEOMETRIC_REPRESENTATION_CONTEXT(2) 
PARAMETRIC_REPRESENTATION_CONTEXT() REPRESENTATION_CONTEXT('2D SPACE',''
  ) );
#4410 = PCURVE('',#4227,#4411);
#4411 = DEFINITIONAL_REPRESENTATION('',(#4412),#4416);
#4412 = LINE('',#4413,#4414);
#4413 = CARTESIAN_POINT('',(-0.,100.));
#4414 = VECTOR('',#4415,1.);
#4415 = DIRECTION('',(-1.,0.));
#4416 = ( GEOMETRIC_REPRESENTATION_CONTEXT(2) 
PARAMETRIC_REPRESENTATION_CONTEXT() REPRESENTATION_CONTEXT('2D SPACE',''
  ) );
#4417 = ORIENTED_EDGE('',*,*,#4418,.T.);
#4418 = EDGE_CURVE('',#4396,#4419,#4421,.T.);
#4419 = VERTEX_POINT('',#4420);
#4420 = CARTESIAN_POINT('',(50.,-50.,57.));
#4421 = SURFACE_CURVE('',#4422,(#4426,#4433),.PCURVE_S1.);
#4422 = LINE('',#4423,#4424);
#4423 = CARTESIAN_POINT('',(53.5,-50.,53.5));
#4424 = VECTOR('',#4425,1.);
#4425 = DIRECTION('',(0.707106781187,0.,-0.707106781187));
#4426 = PCURVE('',#3926,#4427);
#4427 = DEFINITIONAL_REPRESENTATION('',(#4428),#4432);
#4428 = LINE('',#4429,#4430);
#4429 = CARTESIAN_POINT('',(113.5,103.5));
#4430 = VECTOR('',#4431,1.);
#4431 = DIRECTION('',(-0.707106781187,0.707106781187));
#4432 = ( GEOMETRIC_REPRESENTATION_CONTEXT(2) 
PARAMETRIC_REPRESENTATION_CONTEXT() REPRESENTATION_CONTEXT('2D SPACE',''
  ) );
#4433 = PCURVE('',#4255,#4434);
#4434 = DEFINITIONAL_REPRESENTATION('',(#4435),#4439);
#4435 = LINE('',#4436,#4437);
#4436 = CARTESIAN_POINT('',(100.,7.071067811865));
#4437 = VECTOR('',#4438,1.);
#4438 = DIRECTION('',(0.,1.));
#4439 = ( GEOMETRIC_REPRESENTATION_CONTEXT(2) 
PARAMETRIC_REPRESENTATION_CONTEXT() REPRESENTATION_CONTEXT('2D SPACE',''
  ) );
#4440 = ORIENTED_EDGE('',*,*,#4441,.F.);
#4441 = EDGE_CURVE('',#4079,#4419,#4442,.T.);
#4442 = SURFACE_CURVE('',#4443,(#4447,#4454),.PCURVE_S1.);
#4443 = LINE('',#4444,#4445);
#4444 = CARTESIAN_POINT('',(50.,-50.,-60.));
#4445 = VECTOR('',#4446,1.);
#4446 = DIRECTION('',(0.,0.,1.));
#4447 = PCURVE('',#3926,#4448);
#4448 = DEFINITIONAL_REPRESENTATION('',(#4449),#4453);
#4449 = LINE('',#4450,#4451);
#4450 = CARTESIAN_POINT('',(0.,100.));
#4451 = VECTOR('',#4452,1.);
#4452 = DIRECTION('',(1.,0.));
#4453 = ( GEOMETRIC_REPRESENTATION_CONTEXT(2) 
PARAMETRIC_REPRESENTATION_CONTEXT() REPRESENTATION_CONTEXT('2D SPACE',''
  ) );
#4454 = PCURVE('',#4094,#4455);
#4455 = DEFINITIONAL_REPRESENTATION('',(#4456),#4460);
#4456 = LINE('',#4457,#4458);
#4457 = CARTESIAN_POINT('',(-0.,-100.));
#4458 = VECTOR('',#4459,1.);
#4459 = DIRECTION('',(-1.,0.));
#4460 = ( GEOMETRIC_REPRESENTATION_CONTEXT(2) 
PARAMETRIC_REPRESENTATION_CONTEXT() REPRESENTATION_CONTEXT('2D SPACE',''
  ) );
#4461 = ORIENTED_EDGE('',*,*,#4106,.T.);
#4462 = ADVANCED_FACE('',(#4463,#4588,#4713),#4094,.T.);
#4463 = FACE_BOUND('',#4464,.F.);
#4464 = EDGE_LOOP('',(#4465,#4562));
#4465 = ORIENTED_EDGE('',*,*,#4466,.F.);
#4466 = EDGE_CURVE('',#4467,#4469,#4471,.T.);
#4467 = VERTEX_POINT('',#4468);
#4468 = CARTESIAN_POINT('',(50.,0.,25.656854249492));
#4469 = VERTEX_POINT('',#4470);
#4470 = CARTESIAN_POINT('',(50.,0.,14.343145750508));
#4471 = SURFACE_CURVE('',#4472,(#4477,#4488),.PCURVE_S1.);
#4472 = CIRCLE('',#4473,5.656854249492);
#4473 = AXIS2_PLACEMENT_3D('',#4474,#4475,#4476);
#4474 = CARTESIAN_POINT('',(50.,0.,20.));
#4475 = DIRECTION('',(-1.,-0.,0.));
#4476 = DIRECTION('',(-0.,0.,-1.));
#4477 = PCURVE('',#4094,#4478);
#4478 = DEFINITIONAL_REPRESENTATION('',(#4479),#4487);
#4479 = ( BOUNDED_CURVE() B_SPLINE_CURVE(2,(#4480,#4481,#4482,#4483,
#4484,#4485,#4486),.UNSPECIFIED.,.T.,.F.) B_SPLINE_CURVE_WITH_KNOTS((1,2
    ,2,2,2,1),(-2.094395102393,0.,2.094395102393,4.188790204786,
6.28318530718,8.377580409573),.UNSPECIFIED.) CURVE() 
GEOMETRIC_REPRESENTATION_ITEM() RATIONAL_B_SPLINE_CURVE((1.,0.5,1.,0.5,
1.,0.5,1.)) REPRESENTATION_ITEM('') );
#4480 = CARTESIAN_POINT('',(-74.3431457505,-50.));
#4481 = CARTESIAN_POINT('',(-74.3431457505,-59.79795897113));
#4482 = CARTESIAN_POINT('',(-82.82842712474,-54.89897948556));
#4483 = CARTESIAN_POINT('',(-91.31370849898,-50.));
#4484 = CARTESIAN_POINT('',(-82.82842712474,-45.10102051443));
#4485 = CARTESIAN_POINT('',(-74.3431457505,-40.20204102886));
#4486 = CARTESIAN_POINT('',(-74.3431457505,-50.));
#4487 = ( GEOMETRIC_REPRESENTATION_CONTEXT(2) 
PARAMETRIC_REPRESENTATION_CONTEXT() REPRESENTATION_CONTEXT('2D SPACE',''
  ) );
#4488 = PCURVE('',#4489,#4494);
#4489 = SPHERICAL_SURFACE('',#4490,6.);
#4490 = AXIS2_PLACEMENT_3D('',#4491,#4492,#4493);
#4491 = CARTESIAN_POINT('',(52.,0.,20.));
#4492 = DIRECTION('',(0.,0.,1.));
#4493 = DIRECTION('',(1.,0.,0.));
#4494 = DEFINITIONAL_REPRESENTATION('',(#4495),#4561);
#4495 = B_SPLINE_CURVE_WITH_KNOTS('',8,(#4496,#4497,#4498,#4499,#4500,
    #4501,#4502,#4503,#4504,#4505,#4506,#4507,#4508,#4509,#4510,#4511,
    #4512,#4513,#4514,#4515,#4516,#4517,#4518,#4519,#4520,#4521,#4522,
    #4523,#4524,#4525,#4526,#4527,#4528,#4529,#4530,#4531,#4532,#4533,
    #4534,#4535,#4536,#4537,#4538,#4539,#4540,#4541,#4542,#4543,#4544,
    #4545,#4546,#4547,#4548,#4549,#4550,#4551,#4552,#4553,#4554,#4555,
    #4556,#4557,#4558,#4559,#4560),.UNSPECIFIED.,.F.,.F.,(9,7,7,7,7,7,7,
    7,7,9),(3.14159265359,3.337942194439,3.522019888985,3.86716556626,
    4.47117050149,4.924174202912,5.603679755046,5.943432531113,
    6.113308919146,6.28318530718),.UNSPECIFIED.);
#4496 = CARTESIAN_POINT('',(3.14159265359,1.230959417341));
#4497 = CARTESIAN_POINT('',(3.072172607681,1.230959417341));
#4498 = CARTESIAN_POINT('',(3.002752662571,1.229012175001));
#4499 = CARTESIAN_POINT('',(2.934415247079,1.225117826818));
#4500 = CARTESIAN_POINT('',(2.868246954868,1.219338317826));
#4501 = CARTESIAN_POINT('',(2.805115442361,1.211800627595));
#4502 = CARTESIAN_POINT('',(2.745484557217,1.202662660575));
#4503 = CARTESIAN_POINT('',(2.689563511923,1.192086758088));
#4504 = CARTESIAN_POINT('',(2.588437588694,1.169112404039));
#4505 = CARTESIAN_POINT('',(2.542781456987,1.156869057217));
#4506 = CARTESIAN_POINT('',(2.500416619896,1.143628066376));
#4507 = CARTESIAN_POINT('',(2.461212796667,1.129511876993));
#4508 = CARTESIAN_POINT('',(2.424965516962,1.114630306486));
#4509 = CARTESIAN_POINT('',(2.391445733867,1.099077929183));
#4510 = CARTESIAN_POINT('',(2.360427430752,1.082934839941));
#4511 = CARTESIAN_POINT('',(2.277816580548,1.03502571477));
#4512 = CARTESIAN_POINT('',(2.231970508682,1.00194878604));
#4513 = CARTESIAN_POINT('',(2.19272506276,0.96749696287));
#4514 = CARTESIAN_POINT('',(2.158791668267,0.931982841618));
#4515 = CARTESIAN_POINT('',(2.129246533272,0.895622312314));
#4516 = CARTESIAN_POINT('',(2.103348138723,0.858577433277));
#4517 = CARTESIAN_POINT('',(2.080531658897,0.820969618087));
#4518 = CARTESIAN_POINT('',(2.025020702459,0.716261129219));
#4519 = CARTESIAN_POINT('',(1.997752374269,0.648195202606));
#4520 = CARTESIAN_POINT('',(1.976128390444,0.579203714451));
#4521 = CARTESIAN_POINT('',(1.958854994964,0.509541958333));
#4522 = CARTESIAN_POINT('',(1.945076575077,0.439394109485));
#4523 = CARTESIAN_POINT('',(1.934232487375,0.368885579051));
#4524 = CARTESIAN_POINT('',(1.925943237083,0.298117350832));
#4525 = CARTESIAN_POINT('',(1.915493868188,0.173964420099));
#4526 = CARTESIAN_POINT('',(1.912319508132,0.120656896141));
#4527 = CARTESIAN_POINT('',(1.910349250423,6.728542435823E-02));
#4528 = CARTESIAN_POINT('',(1.909527518455,1.388046831352E-02));
#4529 = CARTESIAN_POINT('',(1.90983347491,-3.952994879399E-02));
#4530 = CARTESIAN_POINT('',(1.911277457605,-9.291803968048E-02));
#4531 = CARTESIAN_POINT('',(1.913903373821,-0.146254117409));
#4532 = CARTESIAN_POINT('',(1.923637572122,-0.279380145641));
#4533 = CARTESIAN_POINT('',(1.932330618966,-0.359062850818));
#4534 = CARTESIAN_POINT('',(1.944165447776,-0.438439536449));
#4535 = CARTESIAN_POINT('',(1.959647865038,-0.517370597353));
#4536 = CARTESIAN_POINT('',(1.979553960155,-0.595686553226));
#4537 = CARTESIAN_POINT('',(2.005136487819,-0.673112359878));
#4538 = CARTESIAN_POINT('',(2.038342845211,-0.749277257943));
#4539 = CARTESIAN_POINT('',(2.105740746444,-0.860316776901));
#4540 = CARTESIAN_POINT('',(2.131137951544,-0.89679530437));
#4541 = CARTESIAN_POINT('',(2.159980261376,-0.932629109278));
#4542 = CARTESIAN_POINT('',(2.192909212326,-0.967677111717));
#4543 = CARTESIAN_POINT('',(2.230764081527,-1.001749232456));
#4544 = CARTESIAN_POINT('',(2.274576634244,-1.03459383048));
#4545 = CARTESIAN_POINT('',(2.325770449036,-1.065841899292));
#4546 = CARTESIAN_POINT('',(2.415727827654,-1.109536733143));
#4547 = CARTESIAN_POINT('',(2.447907955018,-1.123572141085));
#4548 = CARTESIAN_POINT('',(2.482457285283,-1.137012847958));
#4549 = CARTESIAN_POINT('',(2.519546816456,-1.14978424171));
#4550 = CARTESIAN_POINT('',(2.559334582875,-1.161801491116));
#4551 = CARTESIAN_POINT('',(2.601935217761,-1.172969265641));
#4552 = CARTESIAN_POINT('',(2.647377186235,-1.18318452467));
#4553 = CARTESIAN_POINT('',(2.743736220725,-1.201505383467));
#4554 = CARTESIAN_POINT('',(2.794653344853,-1.209610985652));
#4555 = CARTESIAN_POINT('',(2.848205165394,-1.216559395605));
#4556 = CARTESIAN_POINT('',(2.904157520576,-1.222249085792));
#4557 = CARTESIAN_POINT('',(2.962112979229,-1.226586802329));
#4558 = CARTESIAN_POINT('',(3.021471926559,-1.229501863977));
#4559 = CARTESIAN_POINT('',(3.081532280619,-1.230959417341));
#4560 = CARTESIAN_POINT('',(3.14159265359,-1.230959417341));
#4561 = ( GEOMETRIC_REPRESENTATION_CONTEXT(2) 
PARAMETRIC_REPRESENTATION_CONTEXT() REPRESENTATION_CONTEXT('2D SPACE',''
  ) );
#4562 = ORIENTED_EDGE('',*,*,#4563,.T.);
#4563 = EDGE_CURVE('',#4467,#4469,#4564,.T.);
#4564 = SURFACE_CURVE('',#4565,(#4569,#4576),.PCURVE_S1.);
#4565 = LINE('',#4566,#4567);
#4566 = CARTESIAN_POINT('',(50.,0.,-62.));
#4567 = VECTOR('',#4568,1.);
#4568 = DIRECTION('',(0.,0.,-1.));
#4569 = PCURVE('',#4094,#4570);
#4570 = DEFINITIONAL_REPRESENTATION('',(#4571),#4575);
#4571 = LINE('',#4572,#4573);
#4572 = CARTESIAN_POINT('',(2.,-50.));
#4573 = VECTOR('',#4574,1.);
#4574 = DIRECTION('',(1.,-0.));
#4575 = ( GEOMETRIC_REPRESENTATION_CONTEXT(2) 
PARAMETRIC_REPRESENTATION_CONTEXT() REPRESENTATION_CONTEXT('2D SPACE',''
  ) );
#4576 = PCURVE('',#4577,#4582);
#4577 = PLANE('',#4578);
#4578 = AXIS2_PLACEMENT_3D('',#4579,#4580,#4581);
#4579 = CARTESIAN_POINT('',(-8.,0.,-40.));
#4580 = DIRECTION('',(0.,1.,0.));
#4581 = DIRECTION('',(0.,0.,1.));
#4582 = DEFINITIONAL_REPRESENTATION('',(#4583),#4587);
#4583 = LINE('',#4584,#4585);
#4584 = CARTESIAN_POINT('',(-22.,58.));
#4585 = VECTOR('',#4586,1.);
#4586 = DIRECTION('',(-1.,0.));
#4587 = ( GEOMETRIC_REPRESENTATION_CONTEXT(2) 
PARAMETRIC_REPRESENTATION_CONTEXT() REPRESENTATION_CONTEXT('2D SPACE',''
  ) );
#4588 = FACE_BOUND('',#4589,.F.);
#4589 = EDGE_LOOP('',(#4590,#4687));
#4590 = ORIENTED_EDGE('',*,*,#4591,.F.);
#4591 = EDGE_CURVE('',#4592,#4594,#4596,.T.);
#4592 = VERTEX_POINT('',#4593);
#4593 = CARTESIAN_POINT('',(50.,0.,-14.3431457505));
#4594 = VERTEX_POINT('',#4595);
#4595 = CARTESIAN_POINT('',(50.,0.,-25.65685424949));
#4596 = SURFACE_CURVE('',#4597,(#4602,#4613),.PCURVE_S1.);
#4597 = CIRCLE('',#4598,5.656854249492);
#4598 = AXIS2_PLACEMENT_3D('',#4599,#4600,#4601);
#4599 = CARTESIAN_POINT('',(50.,0.,-20.));
#4600 = DIRECTION('',(-1.,-0.,0.));
#4601 = DIRECTION('',(-0.,0.,-1.));
#4602 = PCURVE('',#4094,#4603);
#4603 = DEFINITIONAL_REPRESENTATION('',(#4604),#4612);
#4604 = ( BOUNDED_CURVE() B_SPLINE_CURVE(2,(#4605,#4606,#4607,#4608,
#4609,#4610,#4611),.UNSPECIFIED.,.T.,.F.) B_SPLINE_CURVE_WITH_KNOTS((1,2
    ,2,2,2,1),(-2.094395102393,0.,2.094395102393,4.188790204786,
6.28318530718,8.377580409573),.UNSPECIFIED.) CURVE() 
GEOMETRIC_REPRESENTATION_ITEM() RATIONAL_B_SPLINE_CURVE((1.,0.5,1.,0.5,
1.,0.5,1.)) REPRESENTATION_ITEM('') );
#4605 = CARTESIAN_POINT('',(-34.3431457505,-50.));
#4606 = CARTESIAN_POINT('',(-34.3431457505,-59.79795897113));
#4607 = CARTESIAN_POINT('',(-42.82842712474,-54.89897948556));
#4608 = CARTESIAN_POINT('',(-51.31370849898,-50.));
#4609 = CARTESIAN_POINT('',(-42.82842712474,-45.10102051443));
#4610 = CARTESIAN_POINT('',(-34.3431457505,-40.20204102886));
#4611 = CARTESIAN_POINT('',(-34.3431457505,-50.));
#4612 = ( GEOMETRIC_REPRESENTATION_CONTEXT(2) 
PARAMETRIC_REPRESENTATION_CONTEXT() REPRESENTATION_CONTEXT('2D SPACE',''
  ) );
#4613 = PCURVE('',#4614,#4619);
#4614 = SPHERICAL_SURFACE('',#4615,6.);
#4615 = AXIS2_PLACEMENT_3D('',#4616,#4617,#4618);
#4616 = CARTESIAN_POINT('',(52.,0.,-20.));
#4617 = DIRECTION('',(0.,0.,1.));
#4618 = DIRECTION('',(1.,0.,0.));
#4619 = DEFINITIONAL_REPRESENTATION('',(#4620),#4686);
#4620 = B_SPLINE_CURVE_WITH_KNOTS('',8,(#4621,#4622,#4623,#4624,#4625,
    #4626,#4627,#4628,#4629,#4630,#4631,#4632,#4633,#4634,#4635,#4636,
    #4637,#4638,#4639,#4640,#4641,#4642,#4643,#4644,#4645,#4646,#4647,
    #4648,#4649,#4650,#4651,#4652,#4653,#4654,#4655,#4656,#4657,#4658,
    #4659,#4660,#4661,#4662,#4663,#4664,#4665,#4666,#4667,#4668,#4669,
    #4670,#4671,#4672,#4673,#4674,#4675,#4676,#4677,#4678,#4679,#4680,
    #4681,#4682,#4683,#4684,#4685),.UNSPECIFIED.,.F.,.F.,(9,7,7,7,7,7,7,
    7,7,9),(3.14159265359,3.337942194439,3.522019888985,3.86716556626,
    4.47117050149,4.924174202912,5.603679755046,5.943432531113,
    6.113308919146,6.28318530718),.UNSPECIFIED.);
#4621 = CARTESIAN_POINT('',(3.14159265359,1.230959417341));
#4622 = CARTESIAN_POINT('',(3.072172607681,1.230959417341));
#4623 = CARTESIAN_POINT('',(3.002752662571,1.229012175001));
#4624 = CARTESIAN_POINT('',(2.934415247079,1.225117826818));
#4625 = CARTESIAN_POINT('',(2.868246954868,1.219338317826));
#4626 = CARTESIAN_POINT('',(2.805115442361,1.211800627595));
#4627 = CARTESIAN_POINT('',(2.745484557217,1.202662660575));
#4628 = CARTESIAN_POINT('',(2.689563511923,1.192086758088));
#4629 = CARTESIAN_POINT('',(2.588437588694,1.169112404039));
#4630 = CARTESIAN_POINT('',(2.542781456987,1.156869057217));
#4631 = CARTESIAN_POINT('',(2.500416619896,1.143628066376));
#4632 = CARTESIAN_POINT('',(2.461212796667,1.129511876993));
#4633 = CARTESIAN_POINT('',(2.424965516962,1.114630306486));
#4634 = CARTESIAN_POINT('',(2.391445733867,1.099077929183));
#4635 = CARTESIAN_POINT('',(2.360427430752,1.082934839941));
#4636 = CARTESIAN_POINT('',(2.277816580548,1.03502571477));
#4637 = CARTESIAN_POINT('',(2.231970508682,1.001948786041));
#4638 = CARTESIAN_POINT('',(2.19272506276,0.96749696287));
#4639 = CARTESIAN_POINT('',(2.158791668267,0.931982841622));
#4640 = CARTESIAN_POINT('',(2.129246533272,0.89562231231));
#4641 = CARTESIAN_POINT('',(2.103348138723,0.858577433277));
#4642 = CARTESIAN_POINT('',(2.080531658897,0.820969618087));
#4643 = CARTESIAN_POINT('',(2.025020702459,0.716261129219));
#4644 = CARTESIAN_POINT('',(1.997752374269,0.648195202606));
#4645 = CARTESIAN_POINT('',(1.976128390444,0.579203714451));
#4646 = CARTESIAN_POINT('',(1.958854994964,0.509541958333));
#4647 = CARTESIAN_POINT('',(1.945076575077,0.439394109485));
#4648 = CARTESIAN_POINT('',(1.934232487375,0.368885579051));
#4649 = CARTESIAN_POINT('',(1.925943237083,0.298117350832));
#4650 = CARTESIAN_POINT('',(1.915493868188,0.173964420099));
#4651 = CARTESIAN_POINT('',(1.912319508132,0.120656896141));
#4652 = CARTESIAN_POINT('',(1.910349250423,6.728542435823E-02));
#4653 = CARTESIAN_POINT('',(1.909527518455,1.388046831352E-02));
#4654 = CARTESIAN_POINT('',(1.90983347491,-3.952994879399E-02));
#4655 = CARTESIAN_POINT('',(1.911277457605,-9.291803968048E-02));
#4656 = CARTESIAN_POINT('',(1.913903373821,-0.146254117409));
#4657 = CARTESIAN_POINT('',(1.923637572122,-0.279380145641));
#4658 = CARTESIAN_POINT('',(1.932330618966,-0.359062850818));
#4659 = CARTESIAN_POINT('',(1.944165447776,-0.438439536449));
#4660 = CARTESIAN_POINT('',(1.959647865038,-0.517370597353));
#4661 = CARTESIAN_POINT('',(1.979553960155,-0.595686553226));
#4662 = CARTESIAN_POINT('',(2.005136487819,-0.673112359878));
#4663 = CARTESIAN_POINT('',(2.038342845211,-0.749277257943));
#4664 = CARTESIAN_POINT('',(2.105740746444,-0.860316776901));
#4665 = CARTESIAN_POINT('',(2.131137951544,-0.89679530437));
#4666 = CARTESIAN_POINT('',(2.159980261376,-0.932629109278));
#4667 = CARTESIAN_POINT('',(2.192909212326,-0.967677111718));
#4668 = CARTESIAN_POINT('',(2.230764081527,-1.001749232455));
#4669 = CARTESIAN_POINT('',(2.274576634244,-1.03459383048));
#4670 = CARTESIAN_POINT('',(2.325770449036,-1.065841899292));
#4671 = CARTESIAN_POINT('',(2.415727827654,-1.109536733143));
#4672 = CARTESIAN_POINT('',(2.447907955018,-1.123572141085));
#4673 = CARTESIAN_POINT('',(2.482457285283,-1.137012847958));
#4674 = CARTESIAN_POINT('',(2.519546816456,-1.14978424171));
#4675 = CARTESIAN_POINT('',(2.559334582875,-1.161801491116));
#4676 = CARTESIAN_POINT('',(2.601935217761,-1.172969265641));
#4677 = CARTESIAN_POINT('',(2.647377186235,-1.18318452467));
#4678 = CARTESIAN_POINT('',(2.743736220725,-1.201505383467));
#4679 = CARTESIAN_POINT('',(2.794653344853,-1.209610985652));
#4680 = CARTESIAN_POINT('',(2.848205165394,-1.216559395605));
#4681 = CARTESIAN_POINT('',(2.904157520576,-1.222249085792));
#4682 = CARTESIAN_POINT('',(2.962112979229,-1.226586802329));
#4683 = CARTESIAN_POINT('',(3.021471926559,-1.229501863977));
#4684 = CARTESIAN_POINT('',(3.081532280619,-1.230959417341));
#4685 = CARTESIAN_POINT('',(3.14159265359,-1.230959417341));
#4686 = ( GEOMETRIC_REPRESENTATION_CONTEXT(2) 
PARAMETRIC_REPRESENTATION_CONTEXT() REPRESENTATION_CONTEXT('2D SPACE',''
  ) );
#4687 = ORIENTED_EDGE('',*,*,#4688,.T.);
#4688 = EDGE_CURVE('',#4592,#4594,#4689,.T.);
#4689 = SURFACE_CURVE('',#4690,(#4694,#4701),.PCURVE_S1.);
#4690 = LINE('',#4691,#4692);
#4691 = CARTESIAN_POINT('',(50.,0.,-62.));
#4692 = VECTOR('',#4693,1.);
#4693 = DIRECTION('',(0.,0.,-1.));
#4694 = PCURVE('',#4094,#4695);
#4695 = DEFINITIONAL_REPRESENTATION('',(#4696),#4700);
#4696 = LINE('',#4697,#4698);
#4697 = CARTESIAN_POINT('',(2.,-50.));
#4698 = VECTOR('',#4699,1.);
#4699 = DIRECTION('',(1.,-0.));
#4700 = ( GEOMETRIC_REPRESENTATION_CONTEXT(2) 
PARAMETRIC_REPRESENTATION_CONTEXT() REPRESENTATION_CONTEXT('2D SPACE',''
  ) );
#4701 = PCURVE('',#4702,#4707);
#4702 = PLANE('',#4703);
#4703 = AXIS2_PLACEMENT_3D('',#4704,#4705,#4706);
#4704 = CARTESIAN_POINT('',(-8.,0.,-80.));
#4705 = DIRECTION('',(0.,1.,0.));
#4706 = DIRECTION('',(0.,0.,1.));
#4707 = DEFINITIONAL_REPRESENTATION('',(#4708),#4712);
#4708 = LINE('',#4709,#4710);
#4709 = CARTESIAN_POINT('',(18.,58.));
#4710 = VECTOR('',#4711,1.);
#4711 = DIRECTION('',(-1.,0.));
#4712 = ( GEOMETRIC_REPRESENTATION_CONTEXT(2) 
PARAMETRIC_REPRESENTATION_CONTEXT() REPRESENTATION_CONTEXT('2D SPACE',''
  ) );
#4713 = FACE_BOUND('',#4714,.F.);
#4714 = EDGE_LOOP('',(#4715,#4716,#4717,#4738));
#4715 = ORIENTED_EDGE('',*,*,#4078,.F.);
#4716 = ORIENTED_EDGE('',*,*,#4441,.T.);
#4717 = ORIENTED_EDGE('',*,*,#4718,.T.);
#4718 = EDGE_CURVE('',#4419,#4240,#4719,.T.);
#4719 = SURFACE_CURVE('',#4720,(#4724,#4731),.PCURVE_S1.);
#4720 = LINE('',#4721,#4722);
#4721 = CARTESIAN_POINT('',(50.,-50.,57.));
#4722 = VECTOR('',#4723,1.);
#4723 = DIRECTION('',(0.,1.,0.));
#4724 = PCURVE('',#4094,#4725);
#4725 = DEFINITIONAL_REPRESENTATION('',(#4726),#4730);
#4726 = LINE('',#4727,#4728);
#4727 = CARTESIAN_POINT('',(-117.,-100.));
#4728 = VECTOR('',#4729,1.);
#4729 = DIRECTION('',(-0.,1.));
#4730 = ( GEOMETRIC_REPRESENTATION_CONTEXT(2) 
PARAMETRIC_REPRESENTATION_CONTEXT() REPRESENTATION_CONTEXT('2D SPACE',''
  ) );
#4731 = PCURVE('',#4255,#4732);
#4732 = DEFINITIONAL_REPRESENTATION('',(#4733),#4737);
#4733 = LINE('',#4734,#4735);
#4734 = CARTESIAN_POINT('',(100.,2.12132034356));
#4735 = VECTOR('',#4736,1.);
#4736 = DIRECTION('',(-1.,0.));
#4737 = ( GEOMETRIC_REPRESENTATION_CONTEXT(2) 
PARAMETRIC_REPRESENTATION_CONTEXT() REPRESENTATION_CONTEXT('2D SPACE',''
  ) );
#4738 = ORIENTED_EDGE('',*,*,#4267,.F.);
#4739 = ADVANCED_FACE('',(#4740,#4865,#4990),#4171,.F.);
#4740 = FACE_BOUND('',#4741,.T.);
#4741 = EDGE_LOOP('',(#4742,#4839));
#4742 = ORIENTED_EDGE('',*,*,#4743,.F.);
#4743 = EDGE_CURVE('',#4744,#4746,#4748,.T.);
#4744 = VERTEX_POINT('',#4745);
#4745 = CARTESIAN_POINT('',(-50.,-2.449293598295E-16,25.656854249492));
#4746 = VERTEX_POINT('',#4747);
#4747 = CARTESIAN_POINT('',(-50.,-2.449293598295E-16,14.343145750508));
#4748 = SURFACE_CURVE('',#4749,(#4754,#4765),.PCURVE_S1.);
#4749 = CIRCLE('',#4750,5.656854249492);
#4750 = AXIS2_PLACEMENT_3D('',#4751,#4752,#4753);
#4751 = CARTESIAN_POINT('',(-50.,0.,20.));
#4752 = DIRECTION('',(-1.,-0.,0.));
#4753 = DIRECTION('',(-0.,0.,-1.));
#4754 = PCURVE('',#4171,#4755);
#4755 = DEFINITIONAL_REPRESENTATION('',(#4756),#4764);
#4756 = ( BOUNDED_CURVE() B_SPLINE_CURVE(2,(#4757,#4758,#4759,#4760,
#4761,#4762,#4763),.UNSPECIFIED.,.T.,.F.) B_SPLINE_CURVE_WITH_KNOTS((1,2
    ,2,2,2,1),(-2.094395102393,0.,2.094395102393,4.188790204786,
6.28318530718,8.377580409573),.UNSPECIFIED.) CURVE() 
GEOMETRIC_REPRESENTATION_ITEM() RATIONAL_B_SPLINE_CURVE((1.,0.5,1.,0.5,
1.,0.5,1.)) REPRESENTATION_ITEM('') );
#4757 = CARTESIAN_POINT('',(-74.3431457505,-50.));
#4758 = CARTESIAN_POINT('',(-74.3431457505,-59.79795897113));
#4759 = CARTESIAN_POINT('',(-82.82842712474,-54.89897948556));
#4760 = CARTESIAN_POINT('',(-91.31370849898,-50.));
#4761 = CARTESIAN_POINT('',(-82.82842712474,-45.10102051443));
#4762 = CARTESIAN_POINT('',(-74.3431457505,-40.20204102886));
#4763 = CARTESIAN_POINT('',(-74.3431457505,-50.));
#4764 = ( GEOMETRIC_REPRESENTATION_CONTEXT(2) 
PARAMETRIC_REPRESENTATION_CONTEXT() REPRESENTATION_CONTEXT('2D SPACE',''
  ) );
#4765 = PCURVE('',#4766,#4771);
#4766 = SPHERICAL_SURFACE('',#4767,6.);
#4767 = AXIS2_PLACEMENT_3D('',#4768,#4769,#4770);
#4768 = CARTESIAN_POINT('',(-52.,0.,20.));
#4769 = DIRECTION('',(0.,0.,1.));
#4770 = DIRECTION('',(1.,0.,0.));
#4771 = DEFINITIONAL_REPRESENTATION('',(#4772),#4838);
#4772 = B_SPLINE_CURVE_WITH_KNOTS('',8,(#4773,#4774,#4775,#4776,#4777,
    #4778,#4779,#4780,#4781,#4782,#4783,#4784,#4785,#4786,#4787,#4788,
    #4789,#4790,#4791,#4792,#4793,#4794,#4795,#4796,#4797,#4798,#4799,
    #4800,#4801,#4802,#4803,#4804,#4805,#4806,#4807,#4808,#4809,#4810,
    #4811,#4812,#4813,#4814,#4815,#4816,#4817,#4818,#4819,#4820,#4821,
    #4822,#4823,#4824,#4825,#4826,#4827,#4828,#4829,#4830,#4831,#4832,
    #4833,#4834,#4835,#4836,#4837),.UNSPECIFIED.,.F.,.F.,(9,7,7,7,7,7,7,
    7,7,9),(3.14159265359,3.337942194439,3.522019888985,3.86716556626,
    4.47117050149,4.924174202912,5.603679755046,5.943432531113,
    6.113308919146,6.28318530718),.UNSPECIFIED.);
#4773 = CARTESIAN_POINT('',(0.,1.230959417341));
#4774 = CARTESIAN_POINT('',(6.942004590872E-02,1.230959417341));
#4775 = CARTESIAN_POINT('',(0.138839991022,1.229012175001));
#4776 = CARTESIAN_POINT('',(0.207177406497,1.225117826818));
#4777 = CARTESIAN_POINT('',(0.27334569874,1.219338317826));
#4778 = CARTESIAN_POINT('',(0.33647721121,1.211800627595));
#4779 = CARTESIAN_POINT('',(0.396108096376,1.202662660575));
#4780 = CARTESIAN_POINT('',(0.452029141667,1.192086758088));
#4781 = CARTESIAN_POINT('',(0.553155064896,1.169112404039));
#4782 = CARTESIAN_POINT('',(0.598811196603,1.156869057217));
#4783 = CARTESIAN_POINT('',(0.641176033694,1.143628066376));
#4784 = CARTESIAN_POINT('',(0.680379856922,1.129511876993));
#4785 = CARTESIAN_POINT('',(0.716627136627,1.114630306486));
#4786 = CARTESIAN_POINT('',(0.750146919723,1.099077929183));
#4787 = CARTESIAN_POINT('',(0.781165222838,1.082934839941));
#4788 = CARTESIAN_POINT('',(0.863776073042,1.03502571477));
#4789 = CARTESIAN_POINT('',(0.909622144905,1.00194878604));
#4790 = CARTESIAN_POINT('',(0.948867590839,0.96749696287));
#4791 = CARTESIAN_POINT('',(0.982800985316,0.931982841618));
#4792 = CARTESIAN_POINT('',(1.012346120324,0.895622312314));
#4793 = CARTESIAN_POINT('',(1.038244514864,0.858577433277));
#4794 = CARTESIAN_POINT('',(1.061060994692,0.820969618087));
#4795 = CARTESIAN_POINT('',(1.116571951131,0.716261129219));
#4796 = CARTESIAN_POINT('',(1.143840279319,0.648195202606));
#4797 = CARTESIAN_POINT('',(1.165464263135,0.579203714451));
#4798 = CARTESIAN_POINT('',(1.182737658629,0.509541958333));
#4799 = CARTESIAN_POINT('',(1.196516078501,0.439394109485));
#4800 = CARTESIAN_POINT('',(1.207360166214,0.368885579051));
#4801 = CARTESIAN_POINT('',(1.215649416506,0.298117350832));
#4802 = CARTESIAN_POINT('',(1.226098785401,0.173964420099));
#4803 = CARTESIAN_POINT('',(1.229273145458,0.120656896141));
#4804 = CARTESIAN_POINT('',(1.231243403167,6.728542435823E-02));
#4805 = CARTESIAN_POINT('',(1.232065135135,1.388046831352E-02));
#4806 = CARTESIAN_POINT('',(1.231759178679,-3.952994879399E-02));
#4807 = CARTESIAN_POINT('',(1.230315195985,-9.291803968048E-02));
#4808 = CARTESIAN_POINT('',(1.227689279769,-0.146254117409));
#4809 = CARTESIAN_POINT('',(1.217955081467,-0.279380145641));
#4810 = CARTESIAN_POINT('',(1.209262034619,-0.359062850818));
#4811 = CARTESIAN_POINT('',(1.197427205825,-0.438439536449));
#4812 = CARTESIAN_POINT('',(1.181944788528,-0.517370597353));
#4813 = CARTESIAN_POINT('',(1.162038693443,-0.595686553226));
#4814 = CARTESIAN_POINT('',(1.136456165766,-0.673112359878));
#4815 = CARTESIAN_POINT('',(1.103249808378,-0.749277257943));
#4816 = CARTESIAN_POINT('',(1.035851907146,-0.860316776901));
#4817 = CARTESIAN_POINT('',(1.010454702044,-0.89679530437));
#4818 = CARTESIAN_POINT('',(0.981612392207,-0.932629109278));
#4819 = CARTESIAN_POINT('',(0.948683441261,-0.967677111717));
#4820 = CARTESIAN_POINT('',(0.91082857206,-1.001749232456));
#4821 = CARTESIAN_POINT('',(0.867016019345,-1.03459383048));
#4822 = CARTESIAN_POINT('',(0.815822204554,-1.065841899292));
#4823 = CARTESIAN_POINT('',(0.725864825936,-1.109536733143));
#4824 = CARTESIAN_POINT('',(0.693684698572,-1.123572141085));
#4825 = CARTESIAN_POINT('',(0.659135368307,-1.137012847958));
#4826 = CARTESIAN_POINT('',(0.622045837135,-1.14978424171));
#4827 = CARTESIAN_POINT('',(0.582258070714,-1.161801491116));
#4828 = CARTESIAN_POINT('',(0.539657435829,-1.172969265641));
#4829 = CARTESIAN_POINT('',(0.494215467355,-1.18318452467));
#4830 = CARTESIAN_POINT('',(0.397856432865,-1.201505383467));
#4831 = CARTESIAN_POINT('',(0.346939308735,-1.209610985652));
#4832 = CARTESIAN_POINT('',(0.293387488196,-1.216559395605));
#4833 = CARTESIAN_POINT('',(0.237435133012,-1.222249085792));
#4834 = CARTESIAN_POINT('',(0.179479674357,-1.226586802329));
#4835 = CARTESIAN_POINT('',(0.120120727029,-1.229501863977));
#4836 = CARTESIAN_POINT('',(6.006037297096E-02,-1.230959417341));
#4837 = CARTESIAN_POINT('',(6.927648449884E-16,-1.230959417341));
#4838 = ( GEOMETRIC_REPRESENTATION_CONTEXT(2) 
PARAMETRIC_REPRESENTATION_CONTEXT() REPRESENTATION_CONTEXT('2D SPACE',''
  ) );
#4839 = ORIENTED_EDGE('',*,*,#4840,.T.);
#4840 = EDGE_CURVE('',#4744,#4746,#4841,.T.);
#4841 = SURFACE_CURVE('',#4842,(#4846,#4853),.PCURVE_S1.);
#4842 = LINE('',#4843,#4844);
#4843 = CARTESIAN_POINT('',(-50.,0.,-62.));
#4844 = VECTOR('',#4845,1.);
#4845 = DIRECTION('',(0.,0.,-1.));
#4846 = PCURVE('',#4171,#4847);
#4847 = DEFINITIONAL_REPRESENTATION('',(#4848),#4852);
#4848 = LINE('',#4849,#4850);
#4849 = CARTESIAN_POINT('',(2.,-50.));
#4850 = VECTOR('',#4851,1.);
#4851 = DIRECTION('',(1.,-0.));
#4852 = ( GEOMETRIC_REPRESENTATION_CONTEXT(2) 
PARAMETRIC_REPRESENTATION_CONTEXT() REPRESENTATION_CONTEXT('2D SPACE',''
  ) );
#4853 = PCURVE('',#4854,#4859);
#4854 = PLANE('',#4855);
#4855 = AXIS2_PLACEMENT_3D('',#4856,#4857,#4858);
#4856 = CARTESIAN_POINT('',(-112.,0.,-40.));
#4857 = DIRECTION('',(0.,1.,0.));
#4858 = DIRECTION('',(0.,0.,1.));
#4859 = DEFINITIONAL_REPRESENTATION('',(#4860),#4864);
#4860 = LINE('',#4861,#4862);
#4861 = CARTESIAN_POINT('',(-22.,62.));
#4862 = VECTOR('',#4863,1.);
#4863 = DIRECTION('',(-1.,0.));
#4864 = ( GEOMETRIC_REPRESENTATION_CONTEXT(2) 
PARAMETRIC_REPRESENTATION_CONTEXT() REPRESENTATION_CONTEXT('2D SPACE',''
  ) );
#4865 = FACE_BOUND('',#4866,.T.);
#4866 = EDGE_LOOP('',(#4867,#4964));
#4867 = ORIENTED_EDGE('',*,*,#4868,.F.);
#4868 = EDGE_CURVE('',#4869,#4871,#4873,.T.);
#4869 = VERTEX_POINT('',#4870);
#4870 = CARTESIAN_POINT('',(-50.,-2.449293598295E-16,-14.3431457505));
#4871 = VERTEX_POINT('',#4872);
#4872 = CARTESIAN_POINT('',(-50.,-2.449293598295E-16,-25.65685424949));
#4873 = SURFACE_CURVE('',#4874,(#4879,#4890),.PCURVE_S1.);
#4874 = CIRCLE('',#4875,5.656854249492);
#4875 = AXIS2_PLACEMENT_3D('',#4876,#4877,#4878);
#4876 = CARTESIAN_POINT('',(-50.,0.,-20.));
#4877 = DIRECTION('',(-1.,-0.,0.));
#4878 = DIRECTION('',(-0.,0.,-1.));
#4879 = PCURVE('',#4171,#4880);
#4880 = DEFINITIONAL_REPRESENTATION('',(#4881),#4889);
#4881 = ( BOUNDED_CURVE() B_SPLINE_CURVE(2,(#4882,#4883,#4884,#4885,
#4886,#4887,#4888),.UNSPECIFIED.,.T.,.F.) B_SPLINE_CURVE_WITH_KNOTS((1,2
    ,2,2,2,1),(-2.094395102393,0.,2.094395102393,4.188790204786,
6.28318530718,8.377580409573),.UNSPECIFIED.) CURVE() 
GEOMETRIC_REPRESENTATION_ITEM() RATIONAL_B_SPLINE_CURVE((1.,0.5,1.,0.5,
1.,0.5,1.)) REPRESENTATION_ITEM('') );
#4882 = CARTESIAN_POINT('',(-34.3431457505,-50.));
#4883 = CARTESIAN_POINT('',(-34.3431457505,-59.79795897113));
#4884 = CARTESIAN_POINT('',(-42.82842712474,-54.89897948556));
#4885 = CARTESIAN_POINT('',(-51.31370849898,-50.));
#4886 = CARTESIAN_POINT('',(-42.82842712474,-45.10102051443));
#4887 = CARTESIAN_POINT('',(-34.3431457505,-40.20204102886));
#4888 = CARTESIAN_POINT('',(-34.3431457505,-50.));
#4889 = ( GEOMETRIC_REPRESENTATION_CONTEXT(2) 
PARAMETRIC_REPRESENTATION_CONTEXT() REPRESENTATION_CONTEXT('2D SPACE',''
  ) );
#4890 = PCURVE('',#4891,#4896);
#4891 = SPHERICAL_SURFACE('',#4892,6.);
#4892 = AXIS2_PLACEMENT_3D('',#4893,#4894,#4895);
#4893 = CARTESIAN_POINT('',(-52.,0.,-20.));
#4894 = DIRECTION('',(0.,0.,1.));
#4895 = DIRECTION('',(1.,0.,0.));
#4896 = DEFINITIONAL_REPRESENTATION('',(#4897),#4963);
#4897 = B_SPLINE_CURVE_WITH_KNOTS('',8,(#4898,#4899,#4900,#4901,#4902,
    #4903,#4904,#4905,#4906,#4907,#4908,#4909,#4910,#4911,#4912,#4913,
    #4914,#4915,#4916,#4917,#4918,#4919,#4920,#4921,#4922,#4923,#4924,
    #4925,#4926,#4927,#4928,#4929,#4930,#4931,#4932,#4933,#4934,#4935,
    #4936,#4937,#4938,#4939,#4940,#4941,#4942,#4943,#4944,#4945,#4946,
    #4947,#4948,#4949,#4950,#4951,#4952,#4953,#4954,#4955,#4956,#4957,
    #4958,#4959,#4960,#4961,#4962),.UNSPECIFIED.,.F.,.F.,(9,7,7,7,7,7,7,
    7,7,9),(3.14159265359,3.337942194439,3.522019888985,3.86716556626,
    4.47117050149,4.924174202912,5.603679755046,5.943432531113,
    6.113308919146,6.28318530718),.UNSPECIFIED.);
#4898 = CARTESIAN_POINT('',(0.,1.230959417341));
#4899 = CARTESIAN_POINT('',(6.942004590872E-02,1.230959417341));
#4900 = CARTESIAN_POINT('',(0.138839991022,1.229012175001));
#4901 = CARTESIAN_POINT('',(0.207177406497,1.225117826818));
#4902 = CARTESIAN_POINT('',(0.27334569874,1.219338317826));
#4903 = CARTESIAN_POINT('',(0.33647721121,1.211800627595));
#4904 = CARTESIAN_POINT('',(0.396108096376,1.202662660575));
#4905 = CARTESIAN_POINT('',(0.452029141667,1.192086758088));
#4906 = CARTESIAN_POINT('',(0.553155064896,1.169112404039));
#4907 = CARTESIAN_POINT('',(0.598811196603,1.156869057217));
#4908 = CARTESIAN_POINT('',(0.641176033694,1.143628066376));
#4909 = CARTESIAN_POINT('',(0.680379856922,1.129511876993));
#4910 = CARTESIAN_POINT('',(0.716627136627,1.114630306486));
#4911 = CARTESIAN_POINT('',(0.750146919723,1.099077929183));
#4912 = CARTESIAN_POINT('',(0.781165222838,1.082934839941));
#4913 = CARTESIAN_POINT('',(0.863776073042,1.03502571477));
#4914 = CARTESIAN_POINT('',(0.909622144905,1.001948786041));
#4915 = CARTESIAN_POINT('',(0.948867590839,0.96749696287));
#4916 = CARTESIAN_POINT('',(0.982800985316,0.931982841622));
#4917 = CARTESIAN_POINT('',(1.012346120324,0.89562231231));
#4918 = CARTESIAN_POINT('',(1.038244514864,0.858577433277));
#4919 = CARTESIAN_POINT('',(1.061060994692,0.820969618087));
#4920 = CARTESIAN_POINT('',(1.116571951131,0.716261129219));
#4921 = CARTESIAN_POINT('',(1.143840279319,0.648195202606));
#4922 = CARTESIAN_POINT('',(1.165464263135,0.579203714451));
#4923 = CARTESIAN_POINT('',(1.182737658629,0.509541958333));
#4924 = CARTESIAN_POINT('',(1.196516078501,0.439394109485));
#4925 = CARTESIAN_POINT('',(1.207360166214,0.368885579051));
#4926 = CARTESIAN_POINT('',(1.215649416506,0.298117350832));
#4927 = CARTESIAN_POINT('',(1.226098785401,0.173964420099));
#4928 = CARTESIAN_POINT('',(1.229273145458,0.120656896141));
#4929 = CARTESIAN_POINT('',(1.231243403167,6.728542435823E-02));
#4930 = CARTESIAN_POINT('',(1.232065135135,1.388046831352E-02));
#4931 = CARTESIAN_POINT('',(1.231759178679,-3.952994879399E-02));
#4932 = CARTESIAN_POINT('',(1.230315195985,-9.291803968048E-02));
#4933 = CARTESIAN_POINT('',(1.227689279769,-0.146254117409));
#4934 = CARTESIAN_POINT('',(1.217955081467,-0.279380145641));
#4935 = CARTESIAN_POINT('',(1.209262034619,-0.359062850818));
#4936 = CARTESIAN_POINT('',(1.197427205825,-0.438439536449));
#4937 = CARTESIAN_POINT('',(1.181944788528,-0.517370597353));
#4938 = CARTESIAN_POINT('',(1.162038693443,-0.595686553226));
#4939 = CARTESIAN_POINT('',(1.136456165766,-0.673112359878));
#4940 = CARTESIAN_POINT('',(1.103249808378,-0.749277257943));
#4941 = CARTESIAN_POINT('',(1.035851907146,-0.860316776901));
#4942 = CARTESIAN_POINT('',(1.010454702044,-0.89679530437));
#4943 = CARTESIAN_POINT('',(0.981612392207,-0.932629109278));
#4944 = CARTESIAN_POINT('',(0.948683441261,-0.967677111718));
#4945 = CARTESIAN_POINT('',(0.91082857206,-1.001749232455));
#4946 = CARTESIAN_POINT('',(0.867016019345,-1.03459383048));
#4947 = CARTESIAN_POINT('',(0.815822204554,-1.065841899292));
#4948 = CARTESIAN_POINT('',(0.725864825936,-1.109536733143));
#4949 = CARTESIAN_POINT('',(0.693684698572,-1.123572141085));
#4950 = CARTESIAN_POINT('',(0.659135368307,-1.137012847958));
#4951 = CARTESIAN_POINT('',(0.622045837135,-1.14978424171));
#4952 = CARTESIAN_POINT('',(0.582258070714,-1.161801491116));
#4953 = CARTESIAN_POINT('',(0.539657435829,-1.172969265641));
#4954 = CARTESIAN_POINT('',(0.494215467355,-1.18318452467));
#4955 = CARTESIAN_POINT('',(0.397856432865,-1.201505383467));
#4956 = CARTESIAN_POINT('',(0.346939308735,-1.209610985652));
#4957 = CARTESIAN_POINT('',(0.293387488196,-1.216559395605));
#4958 = CARTESIAN_POINT('',(0.237435133012,-1.222249085792));
#4959 = CARTESIAN_POINT('',(0.179479674357,-1.226586802329));
#4960 = CARTESIAN_POINT('',(0.120120727029,-1.229501863977));
#4961 = CARTESIAN_POINT('',(6.006037297096E-02,-1.230959417341));
#4962 = CARTESIAN_POINT('',(6.927648449884E-16,-1.230959417341));
#4963 = ( GEOMETRIC_REPRESENTATION_CONTEXT(2) 
PARAMETRIC_REPRESENTATION_CONTEXT() REPRESENTATION_CONTEXT('2D SPACE',''
  ) );
#4964 = ORIENTED_EDGE('',*,*,#4965,.T.);
#4965 = EDGE_CURVE('',#4869,#4871,#4966,.T.);
#4966 = SURFACE_CURVE('',#4967,(#4971,#4978),.PCURVE_S1.);
#4967 = LINE('',#4968,#4969);
#4968 = CARTESIAN_POINT('',(-50.,0.,-62.));
#4969 = VECTOR('',#4970,1.);
#4970 = DIRECTION('',(0.,0.,-1.));
#4971 = PCURVE('',#4171,#4972);
#4972 = DEFINITIONAL_REPRESENTATION('',(#4973),#4977);
#4973 = LINE('',#4974,#4975);
#4974 = CARTESIAN_POINT('',(2.,-50.));
#4975 = VECTOR('',#4976,1.);
#4976 = DIRECTION('',(1.,-0.));
#4977 = ( GEOMETRIC_REPRESENTATION_CONTEXT(2) 
PARAMETRIC_REPRESENTATION_CONTEXT() REPRESENTATION_CONTEXT('2D SPACE',''
  ) );
#4978 = PCURVE('',#4979,#4984);
#4979 = PLANE('',#4980);
#4980 = AXIS2_PLACEMENT_3D('',#4981,#4982,#4983);
#4981 = CARTESIAN_POINT('',(-112.,0.,-80.));
#4982 = DIRECTION('',(0.,1.,0.));
#4983 = DIRECTION('',(0.,0.,1.));
#4984 = DEFINITIONAL_REPRESENTATION('',(#4985),#4989);
#4985 = LINE('',#4986,#4987);
#4986 = CARTESIAN_POINT('',(18.,62.));
#4987 = VECTOR('',#4988,1.);
#4988 = DIRECTION('',(-1.,0.));
#4989 = ( GEOMETRIC_REPRESENTATION_CONTEXT(2) 
PARAMETRIC_REPRESENTATION_CONTEXT() REPRESENTATION_CONTEXT('2D SPACE',''
  ) );
#4990 = FACE_BOUND('',#4991,.T.);
#4991 = EDGE_LOOP('',(#4992,#4993,#4994,#5015));
#4992 = ORIENTED_EDGE('',*,*,#4317,.T.);
#4993 = ORIENTED_EDGE('',*,*,#4349,.T.);
#4994 = ORIENTED_EDGE('',*,*,#4995,.F.);
#4995 = EDGE_CURVE('',#4156,#4350,#4996,.T.);
#4996 = SURFACE_CURVE('',#4997,(#5001,#5008),.PCURVE_S1.);
#4997 = LINE('',#4998,#4999);
#4998 = CARTESIAN_POINT('',(-50.,50.,57.));
#4999 = VECTOR('',#5000,1.);
#5000 = DIRECTION('',(0.,-1.,0.));
#5001 = PCURVE('',#4171,#5002);
#5002 = DEFINITIONAL_REPRESENTATION('',(#5003),#5007);
#5003 = LINE('',#5004,#5005);
#5004 = CARTESIAN_POINT('',(-117.,0.));
#5005 = VECTOR('',#5006,1.);
#5006 = DIRECTION('',(-0.,-1.));
#5007 = ( GEOMETRIC_REPRESENTATION_CONTEXT(2) 
PARAMETRIC_REPRESENTATION_CONTEXT() REPRESENTATION_CONTEXT('2D SPACE',''
  ) );
#5008 = PCURVE('',#4199,#5009);
#5009 = DEFINITIONAL_REPRESENTATION('',(#5010),#5014);
#5010 = LINE('',#5011,#5012);
#5011 = CARTESIAN_POINT('',(0.,2.12132034356));
#5012 = VECTOR('',#5013,1.);
#5013 = DIRECTION('',(1.,0.));
#5014 = ( GEOMETRIC_REPRESENTATION_CONTEXT(2) 
PARAMETRIC_REPRESENTATION_CONTEXT() REPRESENTATION_CONTEXT('2D SPACE',''
  ) );
#5015 = ORIENTED_EDGE('',*,*,#4155,.F.);
#5016 = ADVANCED_FACE('',(#5017),#4199,.F.);
#5017 = FACE_BOUND('',#5018,.F.);
#5018 = EDGE_LOOP('',(#5019,#5020,#5041,#5042));
#5019 = ORIENTED_EDGE('',*,*,#4183,.F.);
#5020 = ORIENTED_EDGE('',*,*,#5021,.T.);
#5021 = EDGE_CURVE('',#4184,#4373,#5022,.T.);
#5022 = SURFACE_CURVE('',#5023,(#5027,#5034),.PCURVE_S1.);
#5023 = LINE('',#5024,#5025);
#5024 = CARTESIAN_POINT('',(-47.,50.,60.));
#5025 = VECTOR('',#5026,1.);
#5026 = DIRECTION('',(0.,-1.,0.));
#5027 = PCURVE('',#4199,#5028);
#5028 = DEFINITIONAL_REPRESENTATION('',(#5029),#5033);
#5029 = LINE('',#5030,#5031);
#5030 = CARTESIAN_POINT('',(-0.,-2.12132034356));
#5031 = VECTOR('',#5032,1.);
#5032 = DIRECTION('',(1.,0.));
#5033 = ( GEOMETRIC_REPRESENTATION_CONTEXT(2) 
PARAMETRIC_REPRESENTATION_CONTEXT() REPRESENTATION_CONTEXT('2D SPACE',''
  ) );
#5034 = PCURVE('',#4227,#5035);
#5035 = DEFINITIONAL_REPRESENTATION('',(#5036),#5040);
#5036 = LINE('',#5037,#5038);
#5037 = CARTESIAN_POINT('',(-3.,0.));
#5038 = VECTOR('',#5039,1.);
#5039 = DIRECTION('',(-0.,1.));
#5040 = ( GEOMETRIC_REPRESENTATION_CONTEXT(2) 
PARAMETRIC_REPRESENTATION_CONTEXT() REPRESENTATION_CONTEXT('2D SPACE',''
  ) );
#5041 = ORIENTED_EDGE('',*,*,#4372,.T.);
#5042 = ORIENTED_EDGE('',*,*,#4995,.F.);
#5043 = ADVANCED_FACE('',(#5044),#4255,.T.);
#5044 = FACE_BOUND('',#5045,.T.);
#5045 = EDGE_LOOP('',(#5046,#5047,#5068,#5069));
#5046 = ORIENTED_EDGE('',*,*,#4239,.F.);
#5047 = ORIENTED_EDGE('',*,*,#5048,.F.);
#5048 = EDGE_CURVE('',#4396,#4212,#5049,.T.);
#5049 = SURFACE_CURVE('',#5050,(#5054,#5061),.PCURVE_S1.);
#5050 = LINE('',#5051,#5052);
#5051 = CARTESIAN_POINT('',(47.,-50.,60.));
#5052 = VECTOR('',#5053,1.);
#5053 = DIRECTION('',(0.,1.,0.));
#5054 = PCURVE('',#4255,#5055);
#5055 = DEFINITIONAL_REPRESENTATION('',(#5056),#5060);
#5056 = LINE('',#5057,#5058);
#5057 = CARTESIAN_POINT('',(100.,-2.12132034356));
#5058 = VECTOR('',#5059,1.);
#5059 = DIRECTION('',(-1.,0.));
#5060 = ( GEOMETRIC_REPRESENTATION_CONTEXT(2) 
PARAMETRIC_REPRESENTATION_CONTEXT() REPRESENTATION_CONTEXT('2D SPACE',''
  ) );
#5061 = PCURVE('',#4227,#5062);
#5062 = DEFINITIONAL_REPRESENTATION('',(#5063),#5067);
#5063 = LINE('',#5064,#5065);
#5064 = CARTESIAN_POINT('',(-97.,100.));
#5065 = VECTOR('',#5066,1.);
#5066 = DIRECTION('',(-0.,-1.));
#5067 = ( GEOMETRIC_REPRESENTATION_CONTEXT(2) 
PARAMETRIC_REPRESENTATION_CONTEXT() REPRESENTATION_CONTEXT('2D SPACE',''
  ) );
#5068 = ORIENTED_EDGE('',*,*,#4418,.T.);
#5069 = ORIENTED_EDGE('',*,*,#4718,.T.);
#5070 = ADVANCED_FACE('',(#5071,#5130,#5189),#4227,.T.);
#5071 = FACE_BOUND('',#5072,.F.);
#5072 = EDGE_LOOP('',(#5073,#5104));
#5073 = ORIENTED_EDGE('',*,*,#5074,.T.);
#5074 = EDGE_CURVE('',#5075,#5077,#5079,.T.);
#5075 = VERTEX_POINT('',#5076);
#5076 = CARTESIAN_POINT('',(-11.00981241717,-6.927648449884E-16,60.));
#5077 = VERTEX_POINT('',#5078);
#5078 = CARTESIAN_POINT('',(-22.32352091615,0.,60.));
#5079 = SURFACE_CURVE('',#5080,(#5085,#5092),.PCURVE_S1.);
#5080 = CIRCLE('',#5081,5.656854249492);
#5081 = AXIS2_PLACEMENT_3D('',#5082,#5083,#5084);
#5082 = CARTESIAN_POINT('',(-16.66666666666,0.,60.));
#5083 = DIRECTION('',(0.,0.,1.));
#5084 = DIRECTION('',(1.,0.,-0.));
#5085 = PCURVE('',#4227,#5086);
#5086 = DEFINITIONAL_REPRESENTATION('',(#5087),#5091);
#5087 = CIRCLE('',#5088,5.656854249492);
#5088 = AXIS2_PLACEMENT_2D('',#5089,#5090);
#5089 = CARTESIAN_POINT('',(-33.33333333333,50.));
#5090 = DIRECTION('',(-1.,0.));
#5091 = ( GEOMETRIC_REPRESENTATION_CONTEXT(2) 
PARAMETRIC_REPRESENTATION_CONTEXT() REPRESENTATION_CONTEXT('2D SPACE',''
  ) );
#5092 = PCURVE('',#5093,#5098);
#5093 = SPHERICAL_SURFACE('',#5094,6.);
#5094 = AXIS2_PLACEMENT_3D('',#5095,#5096,#5097);
#5095 = CARTESIAN_POINT('',(-16.66666666666,0.,62.));
#5096 = DIRECTION('',(0.,0.,1.));
#5097 = DIRECTION('',(1.,0.,0.));
#5098 = DEFINITIONAL_REPRESENTATION('',(#5099),#5103);
#5099 = LINE('',#5100,#5101);
#5100 = CARTESIAN_POINT('',(0.,-0.339836909454));
#5101 = VECTOR('',#5102,1.);
#5102 = DIRECTION('',(1.,0.));
#5103 = ( GEOMETRIC_REPRESENTATION_CONTEXT(2) 
PARAMETRIC_REPRESENTATION_CONTEXT() REPRESENTATION_CONTEXT('2D SPACE',''
  ) );
#5104 = ORIENTED_EDGE('',*,*,#5105,.T.);
#5105 = EDGE_CURVE('',#5077,#5075,#5106,.T.);
#5106 = SURFACE_CURVE('',#5107,(#5111,#5118),.PCURVE_S1.);
#5107 = LINE('',#5108,#5109);
#5108 = CARTESIAN_POINT('',(-52.,0.,60.));
#5109 = VECTOR('',#5110,1.);
#5110 = DIRECTION('',(1.,0.,0.));
#5111 = PCURVE('',#4227,#5112);
#5112 = DEFINITIONAL_REPRESENTATION('',(#5113),#5117);
#5113 = LINE('',#5114,#5115);
#5114 = CARTESIAN_POINT('',(2.,50.));
#5115 = VECTOR('',#5116,1.);
#5116 = DIRECTION('',(-1.,0.));
#5117 = ( GEOMETRIC_REPRESENTATION_CONTEXT(2) 
PARAMETRIC_REPRESENTATION_CONTEXT() REPRESENTATION_CONTEXT('2D SPACE',''
  ) );
#5118 = PCURVE('',#5119,#5124);
#5119 = PLANE('',#5120);
#5120 = AXIS2_PLACEMENT_3D('',#5121,#5122,#5123);
#5121 = CARTESIAN_POINT('',(-76.66666666666,0.,2.));
#5122 = DIRECTION('',(0.,1.,0.));
#5123 = DIRECTION('',(0.,0.,1.));
#5124 = DEFINITIONAL_REPRESENTATION('',(#5125),#5129);
#5125 = LINE('',#5126,#5127);
#5126 = CARTESIAN_POINT('',(58.,24.666666666667));
#5127 = VECTOR('',#5128,1.);
#5128 = DIRECTION('',(0.,1.));
#5129 = ( GEOMETRIC_REPRESENTATION_CONTEXT(2) 
PARAMETRIC_REPRESENTATION_CONTEXT() REPRESENTATION_CONTEXT('2D SPACE',''
  ) );
#5130 = FACE_BOUND('',#5131,.F.);
#5131 = EDGE_LOOP('',(#5132,#5163));
#5132 = ORIENTED_EDGE('',*,*,#5133,.T.);
#5133 = EDGE_CURVE('',#5134,#5136,#5138,.T.);
#5134 = VERTEX_POINT('',#5135);
#5135 = CARTESIAN_POINT('',(22.323520916159,-6.927648449884E-16,60.));
#5136 = VERTEX_POINT('',#5137);
#5137 = CARTESIAN_POINT('',(11.009812417174,0.,60.));
#5138 = SURFACE_CURVE('',#5139,(#5144,#5151),.PCURVE_S1.);
#5139 = CIRCLE('',#5140,5.656854249492);
#5140 = AXIS2_PLACEMENT_3D('',#5141,#5142,#5143);
#5141 = CARTESIAN_POINT('',(16.666666666667,0.,60.));
#5142 = DIRECTION('',(0.,0.,1.));
#5143 = DIRECTION('',(1.,0.,-0.));
#5144 = PCURVE('',#4227,#5145);
#5145 = DEFINITIONAL_REPRESENTATION('',(#5146),#5150);
#5146 = CIRCLE('',#5147,5.656854249492);
#5147 = AXIS2_PLACEMENT_2D('',#5148,#5149);
#5148 = CARTESIAN_POINT('',(-66.66666666666,50.));
#5149 = DIRECTION('',(-1.,0.));
#5150 = ( GEOMETRIC_REPRESENTATION_CONTEXT(2) 
PARAMETRIC_REPRESENTATION_CONTEXT() REPRESENTATION_CONTEXT('2D SPACE',''
  ) );
#5151 = PCURVE('',#5152,#5157);
#5152 = SPHERICAL_SURFACE('',#5153,6.);
#5153 = AXIS2_PLACEMENT_3D('',#5154,#5155,#5156);
#5154 = CARTESIAN_POINT('',(16.666666666667,0.,62.));
#5155 = DIRECTION('',(0.,0.,1.));
#5156 = DIRECTION('',(1.,0.,0.));
#5157 = DEFINITIONAL_REPRESENTATION('',(#5158),#5162);
#5158 = LINE('',#5159,#5160);
#5159 = CARTESIAN_POINT('',(0.,-0.339836909454));
#5160 = VECTOR('',#5161,1.);
#5161 = DIRECTION('',(1.,0.));
#5162 = ( GEOMETRIC_REPRESENTATION_CONTEXT(2) 
PARAMETRIC_REPRESENTATION_CONTEXT() REPRESENTATION_CONTEXT('2D SPACE',''
  ) );
#5163 = ORIENTED_EDGE('',*,*,#5164,.T.);
#5164 = EDGE_CURVE('',#5136,#5134,#5165,.T.);
#5165 = SURFACE_CURVE('',#5166,(#5170,#5177),.PCURVE_S1.);
#5166 = LINE('',#5167,#5168);
#5167 = CARTESIAN_POINT('',(-52.,0.,60.));
#5168 = VECTOR('',#5169,1.);
#5169 = DIRECTION('',(1.,0.,0.));
#5170 = PCURVE('',#4227,#5171);
#5171 = DEFINITIONAL_REPRESENTATION('',(#5172),#5176);
#5172 = LINE('',#5173,#5174);
#5173 = CARTESIAN_POINT('',(2.,50.));
#5174 = VECTOR('',#5175,1.);
#5175 = DIRECTION('',(-1.,0.));
#5176 = ( GEOMETRIC_REPRESENTATION_CONTEXT(2) 
PARAMETRIC_REPRESENTATION_CONTEXT() REPRESENTATION_CONTEXT('2D SPACE',''
  ) );
#5177 = PCURVE('',#5178,#5183);
#5178 = PLANE('',#5179);
#5179 = AXIS2_PLACEMENT_3D('',#5180,#5181,#5182);
#5180 = CARTESIAN_POINT('',(-43.33333333333,0.,2.));
#5181 = DIRECTION('',(0.,1.,0.));
#5182 = DIRECTION('',(0.,0.,1.));
#5183 = DEFINITIONAL_REPRESENTATION('',(#5184),#5188);
#5184 = LINE('',#5185,#5186);
#5185 = CARTESIAN_POINT('',(58.,-8.666666666667));
#5186 = VECTOR('',#5187,1.);
#5187 = DIRECTION('',(0.,1.));
#5188 = ( GEOMETRIC_REPRESENTATION_CONTEXT(2) 
PARAMETRIC_REPRESENTATION_CONTEXT() REPRESENTATION_CONTEXT('2D SPACE',''
  ) );
#5189 = FACE_BOUND('',#5190,.F.);
#5190 = EDGE_LOOP('',(#5191,#5192,#5193,#5194));
#5191 = ORIENTED_EDGE('',*,*,#5048,.F.);
#5192 = ORIENTED_EDGE('',*,*,#4395,.F.);
#5193 = ORIENTED_EDGE('',*,*,#5021,.F.);
#5194 = ORIENTED_EDGE('',*,*,#4211,.T.);
#5195 = ADVANCED_FACE('',(#5196),#4489,.F.);
#5196 = FACE_BOUND('',#5197,.F.);
#5197 = EDGE_LOOP('',(#5198,#5199));
#5198 = ORIENTED_EDGE('',*,*,#4466,.T.);
#5199 = ORIENTED_EDGE('',*,*,#5200,.T.);
#5200 = EDGE_CURVE('',#4469,#4467,#5201,.T.);
#5201 = SURFACE_CURVE('',#5202,(#5207,#5214),.PCURVE_S1.);
#5202 = CIRCLE('',#5203,6.);
#5203 = AXIS2_PLACEMENT_3D('',#5204,#5205,#5206);
#5204 = CARTESIAN_POINT('',(52.,0.,20.));
#5205 = DIRECTION('',(0.,1.,0.));
#5206 = DIRECTION('',(0.,-0.,1.));
#5207 = PCURVE('',#4489,#5208);
#5208 = DEFINITIONAL_REPRESENTATION('',(#5209),#5213);
#5209 = LINE('',#5210,#5211);
#5210 = CARTESIAN_POINT('',(3.14159265359,-4.712388980385));
#5211 = VECTOR('',#5212,1.);
#5212 = DIRECTION('',(-0.,1.));
#5213 = ( GEOMETRIC_REPRESENTATION_CONTEXT(2) 
PARAMETRIC_REPRESENTATION_CONTEXT() REPRESENTATION_CONTEXT('2D SPACE',''
  ) );
#5214 = PCURVE('',#4577,#5215);
#5215 = DEFINITIONAL_REPRESENTATION('',(#5216),#5220);
#5216 = CIRCLE('',#5217,6.);
#5217 = AXIS2_PLACEMENT_2D('',#5218,#5219);
#5218 = CARTESIAN_POINT('',(60.,60.));
#5219 = DIRECTION('',(1.,0.));
#5220 = ( GEOMETRIC_REPRESENTATION_CONTEXT(2) 
PARAMETRIC_REPRESENTATION_CONTEXT() REPRESENTATION_CONTEXT('2D SPACE',''
  ) );
#5221 = ADVANCED_FACE('',(#5222),#4614,.F.);
#5222 = FACE_BOUND('',#5223,.F.);
#5223 = EDGE_LOOP('',(#5224,#5225));
#5224 = ORIENTED_EDGE('',*,*,#4591,.T.);
#5225 = ORIENTED_EDGE('',*,*,#5226,.T.);
#5226 = EDGE_CURVE('',#4594,#4592,#5227,.T.);
#5227 = SURFACE_CURVE('',#5228,(#5233,#5240),.PCURVE_S1.);
#5228 = CIRCLE('',#5229,6.);
#5229 = AXIS2_PLACEMENT_3D('',#5230,#5231,#5232);
#5230 = CARTESIAN_POINT('',(52.,0.,-20.));
#5231 = DIRECTION('',(0.,1.,0.));
#5232 = DIRECTION('',(0.,-0.,1.));
#5233 = PCURVE('',#4614,#5234);
#5234 = DEFINITIONAL_REPRESENTATION('',(#5235),#5239);
#5235 = LINE('',#5236,#5237);
#5236 = CARTESIAN_POINT('',(3.14159265359,-4.712388980385));
#5237 = VECTOR('',#5238,1.);
#5238 = DIRECTION('',(-0.,1.));
#5239 = ( GEOMETRIC_REPRESENTATION_CONTEXT(2) 
PARAMETRIC_REPRESENTATION_CONTEXT() REPRESENTATION_CONTEXT('2D SPACE',''
  ) );
#5240 = PCURVE('',#4702,#5241);
#5241 = DEFINITIONAL_REPRESENTATION('',(#5242),#5246);
#5242 = CIRCLE('',#5243,6.);
#5243 = AXIS2_PLACEMENT_2D('',#5244,#5245);
#5244 = CARTESIAN_POINT('',(60.,60.));
#5245 = DIRECTION('',(1.,0.));
#5246 = ( GEOMETRIC_REPRESENTATION_CONTEXT(2) 
PARAMETRIC_REPRESENTATION_CONTEXT() REPRESENTATION_CONTEXT('2D SPACE',''
  ) );
#5247 = ADVANCED_FACE('',(#5248),#4766,.F.);
#5248 = FACE_BOUND('',#5249,.F.);
#5249 = EDGE_LOOP('',(#5250,#5276));
#5250 = ORIENTED_EDGE('',*,*,#5251,.F.);
#5251 = EDGE_CURVE('',#4746,#4744,#5252,.T.);
#5252 = SURFACE_CURVE('',#5253,(#5258,#5265),.PCURVE_S1.);
#5253 = CIRCLE('',#5254,6.);
#5254 = AXIS2_PLACEMENT_3D('',#5255,#5256,#5257);
#5255 = CARTESIAN_POINT('',(-52.,0.,20.));
#5256 = DIRECTION('',(-2.449293598295E-16,-1.,0.));
#5257 = DIRECTION('',(1.,-2.449293598295E-16,0.));
#5258 = PCURVE('',#4766,#5259);
#5259 = DEFINITIONAL_REPRESENTATION('',(#5260),#5264);
#5260 = LINE('',#5261,#5262);
#5261 = CARTESIAN_POINT('',(0.,-6.28318530718));
#5262 = VECTOR('',#5263,1.);
#5263 = DIRECTION('',(0.,1.));
#5264 = ( GEOMETRIC_REPRESENTATION_CONTEXT(2) 
PARAMETRIC_REPRESENTATION_CONTEXT() REPRESENTATION_CONTEXT('2D SPACE',''
  ) );
#5265 = PCURVE('',#4854,#5266);
#5266 = DEFINITIONAL_REPRESENTATION('',(#5267),#5275);
#5267 = ( BOUNDED_CURVE() B_SPLINE_CURVE(2,(#5268,#5269,#5270,#5271,
#5272,#5273,#5274),.UNSPECIFIED.,.T.,.F.) B_SPLINE_CURVE_WITH_KNOTS((1,2
    ,2,2,2,1),(-2.094395102393,0.,2.094395102393,4.188790204786,
6.28318530718,8.377580409573),.UNSPECIFIED.) CURVE() 
GEOMETRIC_REPRESENTATION_ITEM() RATIONAL_B_SPLINE_CURVE((1.,0.5,1.,0.5,
1.,0.5,1.)) REPRESENTATION_ITEM('') );
#5268 = CARTESIAN_POINT('',(60.,66.));
#5269 = CARTESIAN_POINT('',(70.392304845413,66.));
#5270 = CARTESIAN_POINT('',(65.196152422707,57.));
#5271 = CARTESIAN_POINT('',(60.,48.));
#5272 = CARTESIAN_POINT('',(54.803847577293,57.));
#5273 = CARTESIAN_POINT('',(49.607695154587,66.));
#5274 = CARTESIAN_POINT('',(60.,66.));
#5275 = ( GEOMETRIC_REPRESENTATION_CONTEXT(2) 
PARAMETRIC_REPRESENTATION_CONTEXT() REPRESENTATION_CONTEXT('2D SPACE',''
  ) );
#5276 = ORIENTED_EDGE('',*,*,#4743,.F.);
#5277 = ADVANCED_FACE('',(#5278),#4891,.F.);
#5278 = FACE_BOUND('',#5279,.F.);
#5279 = EDGE_LOOP('',(#5280,#5306));
#5280 = ORIENTED_EDGE('',*,*,#5281,.F.);
#5281 = EDGE_CURVE('',#4871,#4869,#5282,.T.);
#5282 = SURFACE_CURVE('',#5283,(#5288,#5295),.PCURVE_S1.);
#5283 = CIRCLE('',#5284,6.);
#5284 = AXIS2_PLACEMENT_3D('',#5285,#5286,#5287);
#5285 = CARTESIAN_POINT('',(-52.,0.,-20.));
#5286 = DIRECTION('',(-2.449293598295E-16,-1.,0.));
#5287 = DIRECTION('',(1.,-2.449293598295E-16,0.));
#5288 = PCURVE('',#4891,#5289);
#5289 = DEFINITIONAL_REPRESENTATION('',(#5290),#5294);
#5290 = LINE('',#5291,#5292);
#5291 = CARTESIAN_POINT('',(0.,-6.28318530718));
#5292 = VECTOR('',#5293,1.);
#5293 = DIRECTION('',(0.,1.));
#5294 = ( GEOMETRIC_REPRESENTATION_CONTEXT(2) 
PARAMETRIC_REPRESENTATION_CONTEXT() REPRESENTATION_CONTEXT('2D SPACE',''
  ) );
#5295 = PCURVE('',#4979,#5296);
#5296 = DEFINITIONAL_REPRESENTATION('',(#5297),#5305);
#5297 = ( BOUNDED_CURVE() B_SPLINE_CURVE(2,(#5298,#5299,#5300,#5301,
#5302,#5303,#5304),.UNSPECIFIED.,.T.,.F.) B_SPLINE_CURVE_WITH_KNOTS((1,2
    ,2,2,2,1),(-2.094395102393,0.,2.094395102393,4.188790204786,
6.28318530718,8.377580409573),.UNSPECIFIED.) CURVE() 
GEOMETRIC_REPRESENTATION_ITEM() RATIONAL_B_SPLINE_CURVE((1.,0.5,1.,0.5,
1.,0.5,1.)) REPRESENTATION_ITEM('') );
#5298 = CARTESIAN_POINT('',(60.,66.));
#5299 = CARTESIAN_POINT('',(70.392304845413,66.));
#5300 = CARTESIAN_POINT('',(65.196152422707,57.));
#5301 = CARTESIAN_POINT('',(60.,48.));
#5302 = CARTESIAN_POINT('',(54.803847577293,57.));
#5303 = CARTESIAN_POINT('',(49.607695154587,66.));
#5304 = CARTESIAN_POINT('',(60.,66.));
#5305 = ( GEOMETRIC_REPRESENTATION_CONTEXT(2) 
PARAMETRIC_REPRESENTATION_CONTEXT() REPRESENTATION_CONTEXT('2D SPACE',''
  ) );
#5306 = ORIENTED_EDGE('',*,*,#4868,.F.);
#5307 = ADVANCED_FACE('',(#5308),#5093,.F.);
#5308 = FACE_BOUND('',#5309,.F.);
#5309 = EDGE_LOOP('',(#5310,#5334,#5335));
#5310 = ORIENTED_EDGE('',*,*,#5311,.T.);
#5311 = EDGE_CURVE('',#5312,#5077,#5314,.T.);
#5312 = VERTEX_POINT('',#5313);
#5313 = CARTESIAN_POINT('',(-16.66666666666,-8.998558695971E-32,56.));
#5314 = SURFACE_CURVE('',#5315,(#5320,#5327),.PCURVE_S1.);
#5315 = CIRCLE('',#5316,6.);
#5316 = AXIS2_PLACEMENT_3D('',#5317,#5318,#5319);
#5317 = CARTESIAN_POINT('',(-16.66666666666,0.,62.));
#5318 = DIRECTION('',(0.,1.,0.));
#5319 = DIRECTION('',(0.,-0.,1.));
#5320 = PCURVE('',#5093,#5321);
#5321 = DEFINITIONAL_REPRESENTATION('',(#5322),#5326);
#5322 = LINE('',#5323,#5324);
#5323 = CARTESIAN_POINT('',(3.14159265359,-4.712388980385));
#5324 = VECTOR('',#5325,1.);
#5325 = DIRECTION('',(-0.,1.));
#5326 = ( GEOMETRIC_REPRESENTATION_CONTEXT(2) 
PARAMETRIC_REPRESENTATION_CONTEXT() REPRESENTATION_CONTEXT('2D SPACE',''
  ) );
#5327 = PCURVE('',#5119,#5328);
#5328 = DEFINITIONAL_REPRESENTATION('',(#5329),#5333);
#5329 = CIRCLE('',#5330,6.);
#5330 = AXIS2_PLACEMENT_2D('',#5331,#5332);
#5331 = CARTESIAN_POINT('',(60.,60.));
#5332 = DIRECTION('',(1.,0.));
#5333 = ( GEOMETRIC_REPRESENTATION_CONTEXT(2) 
PARAMETRIC_REPRESENTATION_CONTEXT() REPRESENTATION_CONTEXT('2D SPACE',''
  ) );
#5334 = ORIENTED_EDGE('',*,*,#5074,.F.);
#5335 = ORIENTED_EDGE('',*,*,#5336,.F.);
#5336 = EDGE_CURVE('',#5312,#5075,#5337,.T.);
#5337 = SURFACE_CURVE('',#5338,(#5343,#5350),.PCURVE_S1.);
#5338 = CIRCLE('',#5339,6.);
#5339 = AXIS2_PLACEMENT_3D('',#5340,#5341,#5342);
#5340 = CARTESIAN_POINT('',(-16.66666666666,0.,62.));
#5341 = DIRECTION('',(-2.449293598295E-16,-1.,0.));
#5342 = DIRECTION('',(1.,-2.449293598295E-16,0.));
#5343 = PCURVE('',#5093,#5344);
#5344 = DEFINITIONAL_REPRESENTATION('',(#5345),#5349);
#5345 = LINE('',#5346,#5347);
#5346 = CARTESIAN_POINT('',(0.,-6.28318530718));
#5347 = VECTOR('',#5348,1.);
#5348 = DIRECTION('',(0.,1.));
#5349 = ( GEOMETRIC_REPRESENTATION_CONTEXT(2) 
PARAMETRIC_REPRESENTATION_CONTEXT() REPRESENTATION_CONTEXT('2D SPACE',''
  ) );
#5350 = PCURVE('',#5119,#5351);
#5351 = DEFINITIONAL_REPRESENTATION('',(#5352),#5360);
#5352 = ( BOUNDED_CURVE() B_SPLINE_CURVE(2,(#5353,#5354,#5355,#5356,
#5357,#5358,#5359),.UNSPECIFIED.,.T.,.F.) B_SPLINE_CURVE_WITH_KNOTS((1,2
    ,2,2,2,1),(-2.094395102393,0.,2.094395102393,4.188790204786,
6.28318530718,8.377580409573),.UNSPECIFIED.) CURVE() 
GEOMETRIC_REPRESENTATION_ITEM() RATIONAL_B_SPLINE_CURVE((1.,0.5,1.,0.5,
1.,0.5,1.)) REPRESENTATION_ITEM('') );
#5353 = CARTESIAN_POINT('',(60.,66.));
#5354 = CARTESIAN_POINT('',(70.392304845413,66.));
#5355 = CARTESIAN_POINT('',(65.196152422707,57.));
#5356 = CARTESIAN_POINT('',(60.,48.));
#5357 = CARTESIAN_POINT('',(54.803847577293,57.));
#5358 = CARTESIAN_POINT('',(49.607695154587,66.));
#5359 = CARTESIAN_POINT('',(60.,66.));
#5360 = ( GEOMETRIC_REPRESENTATION_CONTEXT(2) 
PARAMETRIC_REPRESENTATION_CONTEXT() REPRESENTATION_CONTEXT('2D SPACE',''
  ) );
#5361 = ADVANCED_FACE('',(#5362),#5152,.F.);
#5362 = FACE_BOUND('',#5363,.F.);
#5363 = EDGE_LOOP('',(#5364,#5388,#5389));
#5364 = ORIENTED_EDGE('',*,*,#5365,.T.);
#5365 = EDGE_CURVE('',#5366,#5136,#5368,.T.);
#5366 = VERTEX_POINT('',#5367);
#5367 = CARTESIAN_POINT('',(16.666666666667,-8.998558695971E-32,56.));
#5368 = SURFACE_CURVE('',#5369,(#5374,#5381),.PCURVE_S1.);
#5369 = CIRCLE('',#5370,6.);
#5370 = AXIS2_PLACEMENT_3D('',#5371,#5372,#5373);
#5371 = CARTESIAN_POINT('',(16.666666666667,0.,62.));
#5372 = DIRECTION('',(0.,1.,0.));
#5373 = DIRECTION('',(0.,-0.,1.));
#5374 = PCURVE('',#5152,#5375);
#5375 = DEFINITIONAL_REPRESENTATION('',(#5376),#5380);
#5376 = LINE('',#5377,#5378);
#5377 = CARTESIAN_POINT('',(3.14159265359,-4.712388980385));
#5378 = VECTOR('',#5379,1.);
#5379 = DIRECTION('',(-0.,1.));
#5380 = ( GEOMETRIC_REPRESENTATION_CONTEXT(2) 
PARAMETRIC_REPRESENTATION_CONTEXT() REPRESENTATION_CONTEXT('2D SPACE',''
  ) );
#5381 = PCURVE('',#5178,#5382);
#5382 = DEFINITIONAL_REPRESENTATION('',(#5383),#5387);
#5383 = CIRCLE('',#5384,6.);
#5384 = AXIS2_PLACEMENT_2D('',#5385,#5386);
#5385 = CARTESIAN_POINT('',(60.,60.));
#5386 = DIRECTION('',(1.,0.));
#5387 = ( GEOMETRIC_REPRESENTATION_CONTEXT(2) 
PARAMETRIC_REPRESENTATION_CONTEXT() REPRESENTATION_CONTEXT('2D SPACE',''
  ) );
#5388 = ORIENTED_EDGE('',*,*,#5133,.F.);
#5389 = ORIENTED_EDGE('',*,*,#5390,.F.);
#5390 = EDGE_CURVE('',#5366,#5134,#5391,.T.);
#5391 = SURFACE_CURVE('',#5392,(#5397,#5404),.PCURVE_S1.);
#5392 = CIRCLE('',#5393,6.);
#5393 = AXIS2_PLACEMENT_3D('',#5394,#5395,#5396);
#5394 = CARTESIAN_POINT('',(16.666666666667,0.,62.));
#5395 = DIRECTION('',(-2.449293598295E-16,-1.,0.));
#5396 = DIRECTION('',(1.,-2.449293598295E-16,0.));
#5397 = PCURVE('',#5152,#5398);
#5398 = DEFINITIONAL_REPRESENTATION('',(#5399),#5403);
#5399 = LINE('',#5400,#5401);
#5400 = CARTESIAN_POINT('',(0.,-6.28318530718));
#5401 = VECTOR('',#5402,1.);
#5402 = DIRECTION('',(0.,1.));
#5403 = ( GEOMETRIC_REPRESENTATION_CONTEXT(2) 
PARAMETRIC_REPRESENTATION_CONTEXT() REPRESENTATION_CONTEXT('2D SPACE',''
  ) );
#5404 = PCURVE('',#5178,#5405);
#5405 = DEFINITIONAL_REPRESENTATION('',(#5406),#5414);
#5406 = ( BOUNDED_CURVE() B_SPLINE_CURVE(2,(#5407,#5408,#5409,#5410,
#5411,#5412,#5413),.UNSPECIFIED.,.T.,.F.) B_SPLINE_CURVE_WITH_KNOTS((1,2
    ,2,2,2,1),(-2.094395102393,0.,2.094395102393,4.188790204786,
6.28318530718,8.377580409573),.UNSPECIFIED.) CURVE() 
GEOMETRIC_REPRESENTATION_ITEM() RATIONAL_B_SPLINE_CURVE((1.,0.5,1.,0.5,
1.,0.5,1.)) REPRESENTATION_ITEM('') );
#5407 = CARTESIAN_POINT('',(60.,66.));
#5408 = CARTESIAN_POINT('',(70.392304845413,66.));
#5409 = CARTESIAN_POINT('',(65.196152422707,57.));
#5410 = CARTESIAN_POINT('',(60.,48.));
#5411 = CARTESIAN_POINT('',(54.803847577293,57.));
#5412 = CARTESIAN_POINT('',(49.607695154587,66.));
#5413 = CARTESIAN_POINT('',(60.,66.));
#5414 = ( GEOMETRIC_REPRESENTATION_CONTEXT(2) 
PARAMETRIC_REPRESENTATION_CONTEXT() REPRESENTATION_CONTEXT('2D SPACE',''
  ) );
#5415 = ADVANCED_FACE('',(#5416),#4854,.T.);
#5416 = FACE_BOUND('',#5417,.T.);
#5417 = EDGE_LOOP('',(#5418,#5419));
#5418 = ORIENTED_EDGE('',*,*,#5251,.F.);
#5419 = ORIENTED_EDGE('',*,*,#4840,.F.);
#5420 = ADVANCED_FACE('',(#5421),#4979,.T.);
#5421 = FACE_BOUND('',#5422,.T.);
#5422 = EDGE_LOOP('',(#5423,#5424));
#5423 = ORIENTED_EDGE('',*,*,#5281,.F.);
#5424 = ORIENTED_EDGE('',*,*,#4965,.F.);
#5425 = ADVANCED_FACE('',(#5426),#4577,.T.);
#5426 = FACE_BOUND('',#5427,.T.);
#5427 = EDGE_LOOP('',(#5428,#5429));
#5428 = ORIENTED_EDGE('',*,*,#4563,.T.);
#5429 = ORIENTED_EDGE('',*,*,#5200,.T.);
#5430 = ADVANCED_FACE('',(#5431),#4702,.T.);
#5431 = FACE_BOUND('',#5432,.T.);
#5432 = EDGE_LOOP('',(#5433,#5434));
#5433 = ORIENTED_EDGE('',*,*,#4688,.T.);
#5434 = ORIENTED_EDGE('',*,*,#5226,.T.);
#5435 = ADVANCED_FACE('',(#5436),#5119,.T.);
#5436 = FACE_BOUND('',#5437,.T.);
#5437 = EDGE_LOOP('',(#5438,#5439,#5440));
#5438 = ORIENTED_EDGE('',*,*,#5336,.F.);
#5439 = ORIENTED_EDGE('',*,*,#5311,.T.);
#5440 = ORIENTED_EDGE('',*,*,#5105,.T.);
#5441 = ADVANCED_FACE('',(#5442),#5178,.T.);
#5442 = FACE_BOUND('',#5443,.T.);
#5443 = EDGE_LOOP('',(#5444,#5445,#5446));
#5444 = ORIENTED_EDGE('',*,*,#5390,.F.);
#5445 = ORIENTED_EDGE('',*,*,#5365,.T.);
#5446 = ORIENTED_EDGE('',*,*,#5164,.T.);
#5447 = ( GEOMETRIC_REPRESENTATION_CONTEXT(3) 
GLOBAL_UNCERTAINTY_ASSIGNED_CONTEXT((#5451)) 
GLOBAL_UNIT_ASSIGNED_CONTEXT((#5448,#5449,#5450)) REPRESENTATION_CONTEXT
('Context #1','3D Context with UNIT and UNCERTAINTY') );
#5448 = ( LENGTH_UNIT() NAMED_UNIT(*) SI_UNIT(.MILLI.,.METRE.) );
#5449 = ( NAMED_UNIT(*) PLANE_ANGLE_UNIT() SI_UNIT($,.RADIAN.) );
#5450 = ( NAMED_UNIT(*) SI_UNIT($,.STERADIAN.) SOLID_ANGLE_UNIT() );
#5451 = UNCERTAINTY_MEASURE_WITH_UNIT(LENGTH_MEASURE(1.E-07),#5448,
  'distance_accuracy_value','confusion accuracy');
#5452 = PRODUCT_RELATED_PRODUCT_CATEGORY('part',$,(#7));
ENDSEC;
END-ISO-10303-21;
